"x","coef1","coef2","coef3","coef4","coef5"
0,-121.326131178121,-72.8790874656666,-41.5050467888672,-29.6807849470694,4642.67580575195
0,-121.326131178121,-72.8790874656666,-41.5050467888672,-29.6807849470694,4642.67580575195
0,-121.326131178121,-72.8790874656666,-41.5050467888672,-29.6807849470694,4642.67580575195
0,-121.326131178121,-72.8790874656666,-41.5050467888672,-29.6807849470694,4642.67580575195
0,-121.326131178121,-72.8790874656666,-41.5050467888672,-29.6807849470694,4642.67580575195
0,-121.326131178121,-72.8790874656666,-41.5050467888672,-29.6807849470694,4642.67580575195
0,-121.326131178121,-72.8790874656666,-41.5050467888672,-29.6807849470694,4642.67580575195
0,-121.326131178121,-72.8790874656666,-41.5050467888672,-29.6807849470694,4642.67580575195
0,-121.326131178121,-72.8790874656666,-41.5050467888672,-29.6807849470694,4642.67580575195
0,-121.326131178121,-72.8790874656666,-41.5050467888672,-29.6807849470694,4642.67580575195
0,-121.326131178121,-72.8790874656666,-41.5050467888672,-29.6807849470694,4642.67580575195
0,-121.326131178121,-72.8790874656666,-41.5050467888672,-29.6807849470694,4642.67580575195
0,-121.326131178121,-72.8790874656666,-41.5050467888672,-29.6807849470694,4642.67580575195
0,-121.326131178121,-72.8790874656666,-41.5050467888672,-29.6807849470694,4642.67580575195
0,-121.326131178121,-72.8790874656666,-41.5050467888672,-29.6807849470694,4642.67580575195
0,-121.326131178121,-72.8790874656666,-41.5050467888672,-29.6807849470694,4642.67580575195
0,-121.326131178121,-72.8790874656666,-41.5050467888672,-29.6807849470694,4642.67580575195
0,-121.326131178121,-72.8790874656666,-41.5050467888672,-29.6807849470694,4642.67580575195
0,-121.326131178121,-72.8790874656666,-41.5050467888672,-29.6807849470694,4642.67580575195
0,-121.326131178121,-72.8790874656666,-41.5050467888672,-29.6807849470694,4642.67580575195
0,-121.326131178121,-72.8790874656666,-41.5050467888672,-29.6807849470694,4642.67580575195
0,-121.326131178121,-72.8790874656666,-41.5050467888672,-29.6807849470694,4642.67580575195
0,-121.326131178121,-72.8790874656666,-41.5050467888672,-29.6807849470694,4642.67580575195
0,-121.326131178121,-72.8790874656666,-41.5050467888672,-29.6807849470694,4642.67580575195
0,-121.326131178121,-72.8790874656666,-41.5050467888672,-29.6807849470694,4642.67580575195
0,-121.326131178121,-72.8790874656666,-41.5050467888672,-29.6807849470694,4642.67580575195
0,-121.326131178121,-72.8790874656666,-41.5050467888672,-29.6807849470694,4642.67580575195
0,-121.326131178121,-72.8790874656666,-41.5050467888672,-29.6807849470694,4642.67580575195
0,-121.326131178121,-72.8790874656666,-41.5050467888672,-29.6807849470694,4642.67580575195
0,-121.326131178121,-72.8790874656666,-41.5050467888672,-29.6807849470694,4642.67580575195
0,-121.326131178121,-72.8790874656666,-41.5050467888672,-29.6807849470694,4642.67580575195
0,-121.326131178121,-72.8790874656666,-41.5050467888672,-29.6807849470694,4642.67580575195
288.860698501176,-121.326128407122,-72.8790828371043,-41.5050416305164,-29.6807787331545,4642.67582045462
415.032938280439,-121.32612719677,-72.8790808153819,-41.5050393773864,-29.6807760189617,4642.67582687665
637.003700454792,-121.326125067436,-72.8790772586313,-41.5050354135277,-29.6807712439702,4642.67583817471
898.439714942656,-121.326122559518,-72.879073069508,-41.5050307449145,-29.6807656200088,4642.6758514815
1413.42545360205,-121.326117619334,-72.879064817629,-41.5050215485198,-29.6807545417365,4642.67587769369
1463.39299641268,-121.326117140002,-72.8790640169732,-41.5050206562205,-29.6807534668441,4642.67588023698
1905.99488764951,-121.326112894186,-72.8790569249374,-41.5050127524255,-29.6807439456787,4642.67590276491
2309.03383767171,-121.326109027891,-72.8790504668385,-41.5050055551282,-29.6807352755833,4642.67592327913
2856.69875087787,-121.32610377422,-72.8790416913238,-41.5049957751622,-29.6807234943223,4642.67595115465
2912.49922280247,-121.326103238934,-72.879040797204,-41.5049947787009,-29.680722293953,4642.67595399483
2985.14906256277,-121.326102542014,-72.8790396330993,-41.5049934813519,-29.6807207311247,4642.67595769263
3245.48672900231,-121.326100044632,-72.8790354615755,-41.5049888323527,-29.680715130791,4642.67597094352
3490.69167072059,-121.326097692416,-72.8790315325315,-41.5049844535876,-29.6807098559899,4642.67598342417
4424.98898953721,-121.326088729836,-72.8790165618087,-41.5049677693058,-29.6806897575683,4642.67603097884
4596.28373378876,-121.32608708663,-72.8790138170657,-41.5049647103977,-29.6806860727094,4642.67603969754
4625.149023858,-121.32608680973,-72.8790133545421,-41.5049641949334,-29.6806854517645,4642.67604116675
5277.06789794153,-121.326080555965,-72.8790029085132,-41.5049525532449,-29.6806714278127,4642.67607434868
5526.34436555058,-121.326078164692,-72.878998914229,-41.5049481017723,-29.6806660654259,4642.67608703657
5796.56438401653,-121.32607557251,-72.8789945843557,-41.5049432762988,-29.6806602525056,4642.67610079046
5825.08328097544,-121.326075298932,-72.8789941273829,-41.5049427670205,-29.6806596390126,4642.67610224204
6015.88435311418,-121.326073468605,-72.8789910700801,-41.5049393597768,-29.6806555345374,4642.6761119536
6887.26905173805,-121.326065109537,-72.8789771074381,-41.5049237989614,-29.6806367894795,4642.67615630608
7488.36519297695,-121.326059343308,-72.8789674757676,-41.5049130648434,-29.6806238588162,4642.67618690119
7977.62971535564,-121.326054649863,-72.8789596360321,-41.5049043277665,-29.6806133338529,4642.6762118042
7979.718041976,-121.32605462983,-72.8789596025699,-41.5049042904741,-29.6806132889293,4642.67621191049
9410.13924775502,-121.326040908005,-72.8789366822007,-41.5048787466241,-29.6805825179873,4642.67628471729
9611.17645424962,-121.326038979483,-72.878933460879,-41.5048751565877,-29.6805781933142,4642.67629494986
10520.9330805949,-121.326030252319,-72.8789188833841,-41.5048589105429,-29.680558622807,4642.67634125543
11536.5382400748,-121.326020509764,-72.8789026098243,-41.5048407743004,-29.6805367753069,4642.67639294857
12060.2154655146,-121.326015486203,-72.8788942186766,-41.5048314226963,-29.6805255100643,4642.67641960315
12124.0662677316,-121.326014873692,-72.8788931955629,-41.5048302824763,-29.6805241365188,4642.67642285308
14289.5742622846,-121.325994100284,-72.8788584965227,-41.5047916117605,-29.6804775525328,4642.67653307496
15312.7557439891,-121.325984285051,-72.8788421015633,-41.504773340223,-29.680455542052,4642.67658515373
15879.2859214746,-121.325978850408,-72.8788330237609,-41.5047632233693,-29.6804433549651,4642.67661398947
16071.6870583737,-121.325977004731,-72.878829940819,-41.5047597875518,-29.6804392160691,4642.67662378247
18232.0817416072,-121.325956280375,-72.8787953237125,-41.5047212081478,-29.6803927420803,4642.67673374409
19210.7534007687,-121.325946892118,-72.8787796419572,-41.5047037314483,-29.6803716890869,4642.67678355736
19611.404332223,-121.325943048731,-72.8787732221227,-41.5046965767952,-29.6803630703621,4642.67680395003
19629.5157990167,-121.32594287499,-72.8787729319133,-41.5046962533682,-29.6803626807515,4642.67680487188
22960.447904572,-121.325910921836,-72.8787195586877,-41.5046367710072,-29.6802910263896,4642.67697441252
23066.6902877385,-121.325909902668,-72.8787178563122,-41.5046348737767,-29.6802887409248,4642.67697982013
24550.9711851234,-121.325895664174,-72.8786940729213,-41.5046083681227,-29.680256811363,4642.67705536833
26269.5591436424,-121.325879178006,-72.8786665351094,-41.5045776783143,-29.6802198414344,4642.6771428425
27562.4266899001,-121.325866775713,-72.8786458188328,-41.5045545908387,-29.68019202952,4642.67720864798
30315.2308928075,-121.325840368456,-72.8786017092463,-41.5045054324391,-29.6801328117336,4642.67734876256
31781.2425299403,-121.325826305217,-72.8785782185935,-41.5044792530303,-29.6801012751773,4642.67742338087
33226.4592911329,-121.325812441459,-72.8785550611478,-41.5044534449677,-29.6800701859564,4642.67749694075
34259.4240639685,-121.325802532376,-72.8785385094258,-41.5044349987245,-29.6800479650196,4642.67754951747
34753.621434984,-121.325797791612,-72.8785305906496,-41.5044261735598,-29.6800373339428,4642.67757467155
37503.8528278656,-121.325771409036,-72.8784865222886,-41.5043770611043,-29.6799781715023,4642.67771465518
41667.6151304459,-121.32573146666,-72.8784198042,-41.5043027064183,-29.6798886014603,4642.67792658591
43513.9207272267,-121.325713755316,-72.8783902199038,-41.5042697358835,-29.6798488840956,4642.67802056075
51455.5421075381,-121.325637572479,-72.8782629672523,-41.5041279178074,-29.6796780454883,4642.67842478016
53008.9958394002,-121.32562267042,-72.8782380754705,-41.5041001768954,-29.6796446278952,4642.67850384917
57290.5636330384,-121.325581597953,-72.8781694697258,-41.5040237184907,-29.6795525236464,4642.67872177606
57553.0846288197,-121.325579079626,-72.8781652632178,-41.504019030503,-29.6795468763459,4642.67873513807
60018.8436829499,-121.325555425953,-72.8781257531025,-41.5039749980332,-29.6794938334193,4642.67886064238
62991.1934167671,-121.325526912627,-72.8780781256267,-41.5039219190842,-29.6794298928135,4642.67901193156
72167.6297680607,-121.325438884387,-72.8779310869067,-41.5037580502127,-29.6792324911107,4642.67947900162
77469.5368216067,-121.325388023951,-72.8778461317459,-41.5036633710266,-29.6791184375242,4642.67974886258
80105.8295833554,-121.325362734372,-72.8778038890825,-41.5036162932394,-29.6790617261106,4642.67988304685
83014.5291897128,-121.325334831633,-72.8777572815059,-41.5035643509279,-29.678999154735,4642.6800310963
83309.2919852429,-121.325332004015,-72.8777525583709,-41.5035590871797,-29.678992813855,4642.68004609939
87516.5732026474,-121.325291644168,-72.8776851429588,-41.5034839553538,-29.678902307646,4642.68026024516
95227.2030843754,-121.325217677199,-72.8775615916049,-41.5033462622281,-29.6787364380876,4642.68065270732
99836.2852292436,-121.325173462933,-72.8774877379325,-41.5032639552142,-29.6786372884171,4642.68088730428
105469.855788626,-121.325119420896,-72.8773974683596,-41.5031633533247,-29.6785161001524,4642.68117404651
124182.176031342,-121.324939916283,-72.8770976313159,-41.5028291967292,-29.6781135643941,4642.68212648196
125288.295492704,-121.324929305437,-72.8770799073998,-41.5028094441216,-29.6780897697692,4642.68218278216
128483.538905064,-121.324898653923,-72.8770287083865,-41.5027523848345,-29.678021034321,4642.68234541635
130508.188710726,-121.324879231747,-72.8769962663911,-41.5027162295062,-29.6779774804523,4642.68244846868
133689.565950045,-121.32484871325,-72.8769452895628,-41.5026594178355,-29.677909043291,4642.68261039709
137056.822870235,-121.324816411635,-72.8768913342896,-41.502599286805,-29.6778366075222,4642.68278178656
137630.206957108,-121.324810911243,-72.8768821466641,-41.5025890475576,-29.6778242729962,4642.68281097115
143960.127049428,-121.324750189224,-72.8767807191302,-41.5024760105591,-29.6776881050009,4642.68313315673
173433.186123562,-121.324467458376,-72.8763084572951,-41.5019496933125,-29.6770540863602,4642.68463330115
185950.781756966,-121.324347378867,-72.8761078814876,-41.5017261594612,-29.6767848103123,4642.68527043217
204223.033305089,-121.324172095764,-72.875815095902,-41.5013998614375,-29.6763917412467,4642.68620046842
206800.454053462,-121.324147370934,-72.8757737965777,-41.5013538349642,-29.6763362962808,4642.68633165612
209293.738363461,-121.324123453213,-72.8757338454141,-41.5013093109632,-29.6762826612411,4642.68645856137
220720.818454355,-121.324013834863,-72.8755507434964,-41.5011052510746,-29.6760368441548,4642.68704018636
222245.35454972,-121.32399921021,-72.8755263150813,-41.5010780265651,-29.6760040486365,4642.6871177835
228177.814798758,-121.323942301074,-72.8754312563066,-41.5009720872657,-29.6758764307385,4642.68741973966
230264.658727968,-121.32392228235,-72.8753978177806,-41.5009348213215,-29.6758315389734,4642.68752595816
302900.43692357,-121.323225511275,-72.8742339444733,-41.499637726249,-29.6742690140999,4642.69122314444
311969.352551535,-121.323138517663,-72.8740886302076,-41.4994757782635,-29.6740739257619,4642.69168476761
314992.810048549,-121.323109515208,-72.8740401843744,-41.4994217869486,-29.6740088858781,4642.69183866732
334065.302337511,-121.322926563563,-72.8737345801091,-41.4990812006218,-29.6735986031548,4642.6928095002
335320.86730185,-121.322914519689,-72.8737144618405,-41.49905877943,-29.6735715937588,4642.6928734117
344786.192938808,-121.32282372476,-72.8735627963818,-41.4988897528779,-29.6733679780921,4642.69335522295
360436.592330641,-121.322673601093,-72.8733120262143,-41.4986102769,-29.6730313107931,4642.69415187797
378297.150875914,-121.322502278072,-72.8730258427228,-41.4982913334567,-29.6726470992716,4642.69506104689
421578.25077198,-121.322087120062,-72.872332343167,-41.4975184461544,-29.6717160485469,4642.69726425908
440309.607014924,-121.321907448748,-72.8720322089842,-41.4971839536888,-29.6713131052091,4642.69821779234
476561.704898538,-121.321559722315,-72.8714513403657,-41.4965365881412,-29.6705332613849,4642.70006326385
482613.66427999,-121.321501673045,-72.8713543698625,-41.496428516456,-29.6704030735824,4642.70037135273
491989.704343353,-121.321411740097,-72.8712041377794,-41.4962610857209,-29.6702013792603,4642.7008486639
499464.314087046,-121.321340045507,-72.8710843723957,-41.4961276094558,-29.670040587918,4642.70122917994
507824.960910243,-121.321259852533,-72.8709504102034,-41.4959783110372,-29.6698607364691,4642.70165480431
540988.26507973,-121.320941762158,-72.8704190377164,-41.4953861052918,-29.6691473388422,4642.70334310612
571995.954681533,-121.320644351572,-72.8699222063735,-41.4948323939127,-29.6684803125223,4642.70492170009
573268.185816468,-121.320632149034,-72.8699018216536,-41.4948096754119,-29.668452944751,4642.70498646972
575488.329524635,-121.320610854658,-72.8698662487165,-41.4947700298394,-29.6684051858328,4642.70509949797
578733.985078906,-121.32057972418,-72.8698142442169,-41.4947120714954,-29.6683353664835,4642.70526473564
584649.012682122,-121.320522990715,-72.8697194689472,-41.4946064456483,-29.6682081245964,4642.705565873
596958.250338975,-121.320404928186,-72.8695222407829,-41.4943866372078,-29.6679433328788,4642.70619254675
617980.344031001,-121.320203298745,-72.8691854091501,-41.4940112419579,-29.667491113623,4642.7072628105
627180.755881325,-121.320115055275,-72.8690379935711,-41.4938469487122,-29.6672931979394,4642.70773122054
693095.481656536,-121.319482860133,-72.8679818654444,-41.4926699012162,-29.6658752671225,4642.71108713958
711581.75865897,-121.319305559302,-72.8676856679174,-41.4923397902254,-29.6654775981968,4642.71202835661
718711.782088235,-121.319237176005,-72.8675714268459,-41.4922124688916,-29.6653242202083,4642.71239138008
737006.985028978,-121.319061709552,-72.8672782917036,-41.4918857703836,-29.6649306618004,4642.71332288328
746253.304811315,-121.318973030023,-72.8671301426586,-41.4917206584354,-29.6647317590695,4642.71379366511
769214.386085916,-121.318752816486,-72.8667622497168,-41.491310641735,-29.6642378306397,4642.71496275362
793341.158319752,-121.318521425292,-72.8663756806149,-41.4908798098095,-29.66371882665,4642.71619121216
843138.490834474,-121.318043843995,-72.8655778106659,-41.4899905803089,-29.6626476102485,4642.71872679088
943254.809427444,-121.317083706829,-72.8639737266718,-41.4882028133711,-29.6604939592592,4642.72382473987
948502.058921236,-121.317033385608,-72.8638896546874,-41.4881091140336,-29.660381083238,4642.72409193959
968323.543638511,-121.316843298124,-72.8635720732283,-41.4877551650265,-29.6599546941838,4642.72510129406
1039806.14085274,-121.316157794139,-72.8624267791694,-41.4864787150792,-29.6584170006747,4642.72874144663
1061717.77144907,-121.315947669713,-72.8620757129292,-41.4860874445885,-29.6579456504268,4642.72985729685
1130072.97206603,-121.315292179965,-72.8609805374472,-41.484866845802,-29.6564752344734,4642.73333837865
1142057.1489078,-121.315177259888,-72.8607885298591,-41.4846528483158,-29.6562174382804,4642.73394870347
1165386.10399115,-121.31495355263,-72.8604147597136,-41.4842362712542,-29.6557156004199,4642.73513680223
1396695.17440924,-121.312735577143,-72.8567088412899,-41.4801058923301,-29.650739837285,4642.74691778595
1442712.53593675,-121.312294348652,-72.8559715852812,-41.4792841873784,-29.649749945852,4642.74926171563
1522035.81376942,-121.311533790196,-72.8547007351692,-41.4778677626852,-29.6480436042578,4642.7533022482
1542419.61040144,-121.311338352104,-72.85437416505,-41.4775037832501,-29.6476051240577,4642.75434057714
1619354.17675363,-121.310600722927,-72.8531415977575,-41.4761300188916,-29.6459501697137,4642.75825964637
1647081.97865335,-121.310334880716,-72.8526973735934,-41.475634905046,-29.6453537121927,4642.7596721488
1723805.48327954,-121.309599302372,-72.8514682011882,-41.4742649164014,-29.6437033012925,4642.76358068731
1723899.84931178,-121.30959839766,-72.8514666893743,-41.4742632313877,-29.6437012713719,4642.76358549472
1742052.79517211,-121.309424361143,-72.8511758659792,-41.4739390898728,-29.6433107809573,4642.76451028682
1748401.71550768,-121.309363492826,-72.8510741517866,-41.4738257227384,-29.643174208525,4642.76483373128
1772078.53080839,-121.309136499842,-72.8506948330516,-41.473402946795,-29.6426648936833,4642.76603995143
1900459.19675283,-121.307905728487,-72.8486381031713,-41.4711105750556,-29.6399032854912,4642.77258059228
2034068.99035929,-121.306624883128,-72.8464976279925,-41.4687248462961,-29.6370291998887,4642.77938810555
2504414.90140657,-121.302116375328,-72.8389627443101,-41.4603264906209,-29.6269116236789,4642.80335617723
2609285.03044465,-121.301111232291,-72.8372827828731,-41.4584539842811,-29.6246557810102,4642.80870092946
2658608.56022503,-121.300638494832,-72.8364926527175,-41.4575732918874,-29.62359479268,4642.81121481482
2694418.28180233,-121.300295283798,-72.8359190069655,-41.4569338953537,-29.6228244976352,4642.81303997403
2710791.62749937,-121.300138358004,-72.8356567184573,-41.4566415431989,-29.6224722943446,4642.81387450491
2732375.45131451,-121.299931494998,-72.8353109626445,-41.4562561563256,-29.6220080097931,4642.81497461746
2823119.60699335,-121.299061802173,-72.8338573200954,-41.454635890751,-29.6200560353696,4642.81959990139
2858062.26150963,-121.298726917627,-72.8332975721836,-41.4540119801909,-29.6193043935708,4642.82138099947
2880213.23783905,-121.298514628145,-72.8329427355981,-41.4536164689599,-29.618827910244,4642.82251009402
2949017.03195273,-121.297855238251,-72.8318405716147,-41.4523879621941,-29.6173478925189,4642.82601727773
2959928.77089745,-121.297750665412,-72.831665777695,-41.4521931310187,-29.6171131735279,4642.8265734991
3041559.61557919,-121.296968365093,-72.8303581474685,-41.4507355993821,-29.6153572392951,4642.83073468091
3405968.3791188,-121.293476308636,-72.8245208539169,-41.444229078345,-29.607518588313,4642.84931238271
4062426.83152449,-121.287186424858,-72.8140057629355,-41.4325082196261,-29.5933978735631,4642.88278558595
4069728.93394771,-121.287116465029,-72.8138888012944,-41.4323778443158,-29.5932408027527,4642.88315796951
4085596.23541375,-121.286964444321,-72.8136346465242,-41.4320945418528,-29.5928994915251,4642.88396715372
4306780.94817931,-121.284845384273,-72.8100918445538,-41.4281454175995,-29.5881417375263,4642.89524735747
4377715.50342516,-121.284165817483,-72.8089556688383,-41.4268789279867,-29.5866159151789,4642.89886512577
4542189.7659146,-121.282590161229,-72.8063212646998,-41.4239423587428,-29.5830780320549,4642.90725387485
4740232.70617123,-121.280692988368,-72.8031492217223,-41.4204064629436,-29.5788180867283,4642.91735530602
5043536.56899245,-121.277787597195,-72.7982912897312,-41.414991254817,-29.5722939740011,4642.93282683226
5367735.88770947,-121.274682218341,-72.7930987672309,-41.4092030223453,-29.5653204182144,4642.94936563193
5802667.53122104,-121.270516429329,-72.7861328313387,-41.4014378475483,-29.5559650318154,4642.97155539348
6133077.19194069,-121.2673519251,-72.7808410214085,-41.3955388295298,-29.5488579363207,4642.98841392148
6198353.36006235,-121.266726757058,-72.7797955722628,-41.3943734158088,-29.547453851151,4642.99174463995
6201705.26166195,-121.266694655094,-72.7797418889895,-41.3943135723775,-29.5473817520318,4642.99191567189
6547902.17368281,-121.263379109272,-72.7741973126328,-41.3881327363058,-29.5399350941663,4643.00958101044
6608386.44266075,-121.262799860638,-72.7732286225958,-41.3870528819843,-29.538634085733,4643.0126674315
6742587.88578646,-121.261514645805,-72.7710793160208,-41.3846569231552,-29.5357474324378,4643.01951562468
7617830.55456164,-121.253132984111,-72.7570620101885,-41.3690309080146,-29.5169211354744,4643.06418116977
7859056.29695425,-121.250822984849,-72.7531987353905,-41.364724239387,-29.511732427617,4643.07649201399
8851922.82725909,-121.241315318304,-72.7372978562698,-41.346998358196,-29.4903761286188,4643.12716334178
9448546.3894056,-121.235602008367,-72.7277428340197,-41.3363466869624,-29.4775429125114,4643.15761174071
9458509.42825888,-121.235506600434,-72.7275832738129,-41.3361688140498,-29.4773286100735,4643.15812018986
9475608.16727695,-121.235342859581,-72.7273094337827,-41.3358635454651,-29.4769608205258,4643.1589927981
9881172.58443306,-121.23145904791,-72.720814208676,-41.3286228789423,-29.4682372283282,4643.17968976421
10096390.2364639,-121.229398012024,-72.7173674180031,-41.3247805213712,-29.4636079447312,4643.19067249026
10534550.2623966,-121.225201844208,-72.7103500648581,-41.3169578651902,-29.4541832087672,4643.21303114677
10582603.4494912,-121.224741637632,-72.7095804635441,-41.3160999486325,-29.4531495930525,4643.2154831375
10733951.6253097,-121.223292156364,-72.7071565218197,-41.3133978533028,-29.4498941184362,4643.22320578823
11096174.0537577,-121.219822997551,-72.7013552369173,-41.3069308874781,-29.4421027619978,4643.24168756706
11438695.7863563,-121.216542364457,-72.6958693990554,-41.3008156113791,-29.4347351486927,4643.2591628655
12094407.2034483,-121.210261539908,-72.6853672652868,-41.2891086224166,-29.4206307994714,4643.29261286823
12790051.1779655,-121.203597369926,-72.6742251450998,-41.2766884742532,-29.4056674106327,4643.32809302148
13029923.524483,-121.201299195679,-72.6703830003901,-41.2724056946082,-29.4005077014729,4643.34032541066
13214298.2165424,-121.199532646679,-72.6674297441144,-41.2691137711865,-29.3965417500325,4643.34972695382
14137070.0989033,-121.19069003184,-72.6526484572504,-41.2526378004323,-29.376692529689,4643.396770148
14433756.3880256,-121.187846497382,-72.6478957928144,-41.2473403843849,-29.370310626274,4643.41189130497
14455290.717166,-121.187640095656,-72.6475508261408,-41.2469558804856,-29.3698474085953,4643.41298875976
14479571.9211773,-121.1874073641,-72.6471618554212,-41.2465223296475,-29.3693251036376,4643.41422619014
15048263.3158923,-121.181956028865,-72.638051498835,-41.2363679834665,-29.3570921138685,4643.44320388593
15307046.2123794,-121.179475056664,-72.633905665422,-41.2317471650246,-29.3515254565463,4643.45638737245
15469200.7960917,-121.177920352776,-72.631307810476,-41.2288517097621,-29.3480373500631,4643.46464726686
15562262.3915834,-121.177028056835,-72.62981686418,-41.2271899784883,-29.3460354979717,4643.46938733982
16671082.7017709,-121.166393980965,-72.6120511784496,-41.2073899928713,-29.3221833426382,4643.52584482556
16732408.9497584,-121.165805695661,-72.6110685318704,-41.206294867364,-29.3208641203836,4643.52896621614
17161711.4051858,-121.16168748763,-72.6041896915851,-41.1986286476852,-29.3116291598453,4643.55081663592
17442363.4181633,-121.15899527616,-72.5996927342752,-41.1936169434242,-29.3055919047307,4643.56510130619
18477397.969374,-121.149066661427,-72.583108205252,-41.175134006195,-29.2833267534418,4643.61778392093
19794871.8601929,-121.136429106923,-72.5619983036101,-41.1516075700553,-29.2549859722768,4643.68484537843
20197180.7667083,-121.13257013706,-72.5555521469022,-41.1444234710353,-29.2463317366341,4643.70532415663
21035817.7440853,-121.124526006892,-72.5421148138669,-41.1294478231874,-29.2282914866378,4643.74801434036
21171317.9083884,-121.123226317137,-72.5399437268914,-41.127028183992,-29.2253766920479,4643.75491199369
21516471.071102,-121.119915698392,-72.5344134301597,-41.1208647572019,-29.2179519770474,4643.77248220962
21603002.2758639,-121.119085718128,-72.5330269661866,-41.1193195640603,-29.2160905736627,4643.77688716293
21951596.4595098,-121.115742129489,-72.5274415539477,-41.1130947011311,-29.2085918439047,4643.79463281791
22029228.1695767,-121.114997518234,-72.5261976881628,-41.1117084291304,-29.2069218820928,4643.79858479406
22628663.6997054,-121.109248027975,-72.5165931674337,-41.10100430311,-29.194027231324,4643.82910045737
23146668.0455944,-121.104279652945,-72.5082934229085,-41.0917543143916,-29.182884284983,4643.855471193
23367157.4902901,-121.102164874435,-72.5047606324738,-41.0878170462853,-29.1781412739899,4643.86669608698
23431142.8874302,-121.101551173956,-72.5037354280731,-41.0866744631258,-29.1767648663365,4643.8699535348
23600304.2337236,-121.099928708333,-72.501025047152,-41.0836537610901,-29.1731259904363,4643.87856544501
24468599.1387249,-121.091600794903,-72.4871128825871,-41.0681487118732,-29.154447880249,4643.92277065249
25388413.4749441,-121.082778941715,-72.4723753549121,-41.0517237414347,-29.1346615563801,4643.96960017846
26466599.949162,-121.072438401726,-72.4551004758504,-41.0324708188327,-29.1114684994322,4644.02449461474
27377643.1048984,-121.063701084611,-72.4405037046638,-41.0162025958595,-29.0918709283591,4644.07088073813
27716984.4402097,-121.060446694989,-72.4350667894445,-41.0101430940659,-29.0845713201413,4644.08815880141
28369594.4271594,-121.054188033371,-72.4246107337018,-40.9984896829079,-29.0705329690996,4644.12138795238
28448508.4416628,-121.05343123847,-72.4233463842679,-40.9970805469317,-29.0688354439306,4644.12540609165
28576766.5000103,-121.052201231205,-72.4212914529787,-40.9947902949887,-29.0660764759408,4644.13193675071
29583356.3749504,-121.042548063061,-72.4051640900358,-40.9768160669115,-29.0444236742628,4644.18319138157
29964600.5071322,-121.038892001196,-72.3990559114501,-40.9700083772239,-29.0362227245809,4644.20260442865
30510021.8975168,-121.033661564861,-72.3903173643224,-40.9602690711811,-29.0244901649097,4644.23037784713
31642715.8860432,-121.022799558808,-72.3721698572229,-40.9400432056497,-29.0001248220516,4644.28805737625
33333500.0498256,-121.006586245976,-72.3450811632611,-40.909851998646,-28.9637545143801,4644.37416015637
33629857.3135372,-121.00374447222,-72.3403331454452,-40.9045601631813,-28.9573796112454,4644.3892525614
34860088.1294539,-120.991947972477,-72.3206234016719,-40.8825928886688,-28.9309163105202,4644.45190529631
35662918.9817318,-120.984249919887,-72.3077612012947,-40.8682574143855,-28.9136467747072,4644.49279288014
35763180.1119773,-120.983288561953,-72.3061549169843,-40.8664671386841,-28.911490079106,4644.49789917809
35816833.239333,-120.982774107621,-72.3052953403032,-40.8655091017661,-28.9103359583871,4644.5006317377
35915221.8139196,-120.98183070792,-72.3037190579328,-40.8637522636054,-28.9082195435113,4644.50564269043
36170965.1916035,-120.979378519806,-72.2996218009776,-40.8591856820905,-28.9027183060084,4644.51866783158
36289153.4907685,-120.978245279276,-72.2977283123014,-40.857075300374,-28.9001759853003,4644.5246872573
36879601.9461413,-120.972583847736,-72.2882687915717,-40.8465322086395,-28.8874749955196,4644.55475960672
36961456.3753322,-120.971799003838,-72.2869574123517,-40.8450706115519,-28.8857142463257,4644.55892860856
37060493.7007786,-120.970849407231,-72.2853707491834,-40.8433021963026,-28.8835838806946,4644.56397278215
38809608.4624687,-120.954078756509,-72.2573486069945,-40.8120700190838,-28.8459591991976,4644.65306131103
42375273.4194711,-120.919892804937,-72.2002250038282,-40.7484021176139,-28.7692596132558,4644.83468771178
44865556.0143455,-120.896018621787,-72.1603303407851,-40.7039365114352,-28.7156924279505,4644.96154807306
46131367.3361275,-120.883883830051,-72.1400521251839,-40.6813347717429,-28.6884643010425,4645.0260347249
47646054.0671504,-120.869363578979,-72.115787162058,-40.6542893506198,-28.6558828379728,4645.10320335683
48175643.2250786,-120.864286877536,-72.10730331119,-40.6448333263182,-28.6444912020871,4645.13018506985
50660109.6670251,-120.84047120064,-72.0675033277928,-40.600472406655,-28.5910496521183,4645.25676989607
51337374.9192547,-120.833979247503,-72.056653965637,-40.5883796857178,-28.576481530457,4645.29127839248
52234801.5172156,-120.825377057647,-72.0422778283738,-40.5723559746795,-28.5571777159153,4645.3370056732
54341615.4184891,-120.805182980231,-72.0085284783845,-40.5347386138199,-28.5118598653925,4645.44436009382
54993229.9606604,-120.798937332278,-71.9980902609566,-40.523104023918,-28.4978435804543,4645.4775648442
55393170.2701326,-120.795103988926,-71.9916836350638,-40.5159630935836,-28.4892408372799,4645.49794514291
55425149.7522148,-120.794797473559,-71.9911713578423,-40.5153921006159,-28.4885529566925,4645.49957477366
56230354.8396786,-120.787079842255,-71.978272862987,-40.5010151991962,-28.4712329584269,4645.54060736701
59382864.3018176,-120.756865129045,-71.9277737430396,-40.4447276141042,-28.4034225506889,4645.70126471924
60853242.1263557,-120.742773106738,-71.9042205126365,-40.4184744164117,-28.3717948725905,4645.77620201942
64866312.717659,-120.704313856533,-71.8399381911185,-40.3468226920935,-28.2854744993297,4645.9807402303
64874572.253306,-120.704234703966,-71.8398058893962,-40.3466752223202,-28.2852968388637,4645.98116122223
67653979.3963347,-120.677599768589,-71.7952855238722,-40.2970505246118,-28.2255126399176,4646.12283325556
68206407.1409047,-120.672306020381,-71.7864368514676,-40.2871872936186,-28.213630117688,4646.15099267675
68659198.6948346,-120.667967090389,-71.7791841502725,-40.2791030117351,-28.2038907414359,4646.17407350526
70459655.3809902,-120.650714301703,-71.7503450600855,-40.2469571927562,-28.1651636593201,4646.26585316927
75069912.3675163,-120.606538907125,-71.6765007880978,-40.1646451666403,-28.0659993956723,4646.50088056412
75167777.4584491,-120.605601198619,-71.6749332636756,-40.1628978833286,-28.0638943749181,4646.50586989427
77083336.378154,-120.587247262237,-71.6442515318619,-40.1286975815609,-28.0226918842548,4646.60353033915
78364790.7046304,-120.57496928269,-71.6237264875983,-40.1058186454953,-27.9951286545648,4646.66886445002
79863139.0439082,-120.560613459469,-71.5997276133393,-40.0790674002508,-27.9629002417408,4646.74525880409
80598537.729708,-120.55356764076,-71.5879488787378,-40.0659377582222,-27.9470823607854,4646.78275442051
84894328.3740361,-120.512411269183,-71.5191448513464,-39.9892421396528,-27.8546834044637,4647.00179306926
85280874.1848163,-120.508708030938,-71.5129537610665,-39.9823409167735,-27.846369145364,4647.02150352675
88795964.6076897,-120.475033113774,-71.456654982662,-39.9195842784763,-27.7707628495005,4647.20074836368
89085112.0126566,-120.472263117628,-71.452023945908,-39.9144220094537,-27.7645435757333,4647.21549330967
89933486.8467573,-120.464135847906,-71.4384362547202,-39.8992756390875,-27.7462958883461,4647.25875621317
91887113.2378253,-120.44542078855,-71.4071468802523,-39.8643968824098,-27.7042754300901,4647.35838367606
92284235.3320386,-120.441616549449,-71.400786584215,-39.8573069443047,-27.6957337624594,4647.37863575297
98454606.3500616,-120.382509513162,-71.3019633765328,-39.7471462325434,-27.5630162870697,4647.69332209357
99055154.1466662,-120.376756971272,-71.2923452685144,-39.7364246204577,-27.5500992589821,4647.72395124383
102458987.832273,-120.344152902048,-71.237831368319,-39.6756560279777,-27.4768872512429,4647.89755820915
110025182.731146,-120.271682819396,-71.1166576829281,-39.5405782113577,-27.3141493375667,4648.28348514602
113563250.371945,-120.237796297151,-71.0599960186799,-39.4774143692432,-27.2380510888681,4648.46396116982
113843661.723383,-120.235110643302,-71.0555052948967,-39.4724083021407,-27.2320198958703,4648.47826515205
119637802.532753,-120.179618173618,-70.9627142336147,-39.3689683982514,-27.107397729432,4648.77383622804
122237568.492155,-120.154720017128,-70.9210803826407,-39.3225563574286,-27.0514814017024,4648.90646005811
124652918.628283,-120.131588370534,-70.882400086395,-39.2794367276874,-26.9995316580374,4649.02967827527
130428478.084266,-120.076277423249,-70.7899090177174,-39.1763300677791,-26.8753104710783,4649.32432345908
133691762.697089,-120.045026490546,-70.7376505428124,-39.118073446001,-26.8051237802433,4649.49080637453
134152312.694371,-120.04061605402,-70.7302752873251,-39.1098516586949,-26.7952182921703,4649.51430241421
134237276.043351,-120.039802407131,-70.7289146834695,-39.1083348844369,-26.7933909048208,4649.51863702319
141360907.026453,-119.971584153756,-70.6148374648809,-38.9811635680374,-26.6401766858501,4649.88206984993
149717081.048204,-119.891564109699,-70.481023813248,-38.8319898609007,-26.4604541933127,4650.3083889745
153057274.434178,-119.859578111061,-70.427535121721,-38.7723612641202,-26.3886144653705,4650.47880009557
162976983.197514,-119.764585977394,-70.2686850266628,-38.59527684859,-26.1752657452483,4650.9848790028
163234495.703554,-119.762119999355,-70.2645613364019,-38.5906798031246,-26.1697272977279,4650.99801640371
172645809.897002,-119.671994905137,-70.1138527750966,-38.4226717157156,-25.9673141164208,4651.47813635643
177033382.398592,-119.629977532541,-70.0435920491539,-38.3443461077929,-25.8729490517054,4651.70195858016
177262223.37157,-119.62778602843,-70.0399274827792,-38.3402609087529,-25.8680272939235,4651.71363217128
178923767.69363,-119.611874122682,-70.013320172113,-38.3105995272905,-25.8322919314896,4651.79838984314
182669486.712999,-119.576002509091,-69.9533376032983,-38.2437320841025,-25.7517316579079,4651.98945933732
198793015.307841,-119.421583221077,-69.6951385592256,-37.9558990272331,-25.4049595215934,4652.81182950031
199095804.208334,-119.418683160262,-69.6902896991444,-37.9504936998893,-25.3984473936029,4652.82727137416
199808507.313198,-119.411856981987,-69.6788764646677,-37.9377706619597,-25.3831191790806,4652.86361811098
211491373.449707,-119.299953730028,-69.4917846286723,-37.729209542946,-25.1318543380079,4653.45936666398
226215795.09741,-119.15889728177,-69.2559769822695,-37.4663478690059,-24.8151749582808,4654.21002999707
226757659.237292,-119.15370586269,-69.2472989777279,-37.4566743807071,-24.8035210450688,4654.23765022762
230701776.40839,-119.11591744754,-69.1841331057695,-37.3862628567812,-24.7186946158591,4654.43868183448
238564172.60551,-119.040581812032,-69.0582125385687,-37.2458999430739,-24.5495974130114,4654.83937104125
248434309.51587,-118.945995368555,-68.9001314064758,-37.0696915467835,-24.3373193476423,4655.34226356253
256253890.289173,-118.871048195773,-68.774887333985,-36.9300888963517,-24.1691425158635,4655.74057770513
264322789.602829,-118.793699878317,-68.6456450136725,-36.7860329102149,-23.9956031732164,4656.15149042789
270638085.804314,-118.7331527977,-68.5444869327516,-36.673282666798,-23.8597785655291,4656.47302347878
278908841.566086,-118.653845551836,-68.4120009334934,-36.5256180646335,-23.6818968725589,4656.89400735077
287851127.284523,-118.568082135782,-68.2687504549467,-36.365960590029,-23.4895715638341,4657.34902551654
291100422.093814,-118.536914291014,-68.2166964981775,-36.3079460283448,-23.4196874463499,4657.51432251474
292847571.597846,-118.520154661095,-68.1887067566543,-36.2767514141278,-23.3821106671799,4657.60319715708
303456250.516766,-118.418391827709,-68.018754694493,-36.0873389789261,-23.1539458716549,4658.14284831575
313825962.757915,-118.318923762968,-67.852633288015,-35.9021948792691,-22.9309224962689,4658.67035167204
317487827.289833,-118.283799115186,-67.7939712686549,-35.8368152026329,-22.8521665211026,4658.85663123736
324426826.864794,-118.217240985423,-67.6828112881191,-35.7129254639446,-22.7029296076088,4659.20962180155
338544468.160718,-118.081829461378,-67.4566555874021,-35.4608697081564,-22.3993043577564,4659.92780429397
347988128.252326,-117.99125163836,-67.3053765234993,-35.2922647428654,-22.1962033849389,4660.40822317935
350696449.726633,-117.965275438148,-67.261991969155,-35.2439112412101,-22.1379568942173,4660.54600233218
352012280.209158,-117.952655031968,-67.2409137606824,-35.2204188675162,-22.1096580435237,4660.61294213238
360843193.952239,-117.867956875777,-67.0994528537866,-35.0627555401673,-21.9197371514483,4661.06219725695
366246598.46557,-117.816133141617,-67.0128974600398,-34.9662860802651,-21.8035301973549,4661.33708725658
382005194.054479,-117.66499702011,-66.7604691643209,-34.6849432160178,-21.4646247954803,4662.13879278712
425998122.019399,-117.243101790009,-66.0557984326026,-33.8995446278111,-20.518532402341,4664.37697853126
428729442.117063,-117.216909585912,-66.0120499835153,-33.8507837870602,-20.4597949305076,4664.51594105224
431404750.063622,-117.191254664996,-65.9691988502918,-33.8030230119152,-20.4022621317853,4664.6520542312
447070204.080282,-117.04103343826,-65.7182840115188,-33.523358606031,-20.0653772183591,4665.44908256616
448711318.026052,-117.025296544922,-65.6919984518674,-33.4940611599353,-20.0300853746746,4665.53258008506
467151791.041302,-116.848471786501,-65.396643042758,-33.1648614786768,-19.6335296428879,4666.47081470797
476216900.054399,-116.761549431137,-65.2514525309164,-33.0030328493582,-19.4385898482782,4666.93204573654
483830807.104597,-116.68854344255,-65.1295063652277,-32.8671117561665,-19.2748583648596,4667.3194430695
490836828.966279,-116.621367179471,-65.0172972791454,-32.7420432044265,-19.1241998712859,4667.67591357585
491075551.911729,-116.619078234882,-65.0134738882417,-32.7377816358343,-19.1190663536083,4667.68805998128
508399561.700983,-116.452973602723,-64.7360153268285,-32.4285239074513,-18.7465320005072,4668.56952597494
520574303.994152,-116.336244235922,-64.5410302335171,-32.211190446329,-18.48473017765,4669.18899939013
521407732.560678,-116.328253568278,-64.5276825325141,-32.1963128468904,-18.4668084835157,4669.2314060176
521497964.022748,-116.327388456392,-64.5262374394034,-32.1947021185203,-18.4648681851561,4669.23599718914
529023107.264738,-116.255240213364,-64.4057198218881,-32.0603706638133,-18.3030512391785,4669.6188939573
548259233.46895,-116.070816348627,-64.0976521411594,-31.7169900490894,-17.8894114497148,4670.5976835348
548861211.765872,-116.065045071997,-64.0880115424555,-31.7062443308632,-17.8764670425911,4670.62831416917
559458394.56895,-115.963449036237,-63.9183003087125,-31.5170783454559,-17.6485956214804,4671.1675359854
568972899.886449,-115.872234484942,-63.7659297731495,-31.3472401910042,-17.4440066366413,4671.65167102668
585505237.32332,-115.713744657878,-63.5011760316427,-31.0521337421389,-17.0885178571957,4672.49290850383
595255880.803225,-115.620270910775,-63.345028846143,-30.8780841212329,-16.8788554913895,4672.98906824172
609154890.160676,-115.48703212343,-63.1224527591571,-30.6299882721163,-16.579995987921,4673.69632221496
615543146.415109,-115.42579411751,-63.0201536937911,-30.5159595053354,-16.4426354001126,4674.02139198874
644024855.75152,-115.152776266558,-62.5640681454425,-30.0075752719919,-15.8302285932065,4675.47071311463
647312884.522585,-115.12125902026,-62.5114170212748,-29.9488863518927,-15.7595310627188,4675.63802926456
700158809.235661,-114.614731564348,-61.6652244706706,-29.0056460409256,-14.6232892689837,4678.32720563456
725022172.682133,-114.376432190826,-61.2671191682806,-28.5618765200995,-14.0887172827543,4679.59244889191
729542934.652971,-114.333104632049,-61.1947351977368,-28.4811893911858,-13.9915202333383,4679.8225017894
761667962.71506,-114.02522329023,-60.6803775135062,-27.9078259767609,-13.3008370404026,4681.45729003746
799818124.693032,-113.659617943109,-60.0695747941735,-27.2269451108886,-12.4806363020084,4683.398698832
807455003.120662,-113.586433788421,-59.9473077472473,-27.0906491302148,-12.3164518187846,4683.78732984711
817514811.347109,-113.49003196879,-59.7862509632087,-26.9111121300319,-12.100178458236,4684.29926087832
826378771.300979,-113.405090975381,-59.6443410911915,-26.7529185165955,-11.9096157099851,4684.75033677618
828925049.928751,-113.380690858723,-59.6035760350115,-26.7074757022753,-11.8548745146398,4684.8799137287
862936116.665748,-113.054782870169,-59.0590811816085,-26.1004967945136,-11.1236973433238,4686.61069325949
871034751.414449,-112.977180696824,-58.929430289072,-25.9559666822999,-10.9495939224945,4687.02282164965
888460790.096227,-112.810205001202,-58.6504609495779,-25.6449804987611,-10.5749747448509,4687.90960720816
898052648.068247,-112.718297802033,-58.4969093539349,-25.4738053040151,-10.3687742631838,4688.39772164829
907342772.025956,-112.62928285379,-58.3481895540251,-25.3080159703056,-10.1690617041288,4688.87048039276
949019158.698325,-112.229966180439,-57.6810359650229,-24.5642829633555,-9.27314906167111,4690.99130709219
951606991.69674,-112.205171886491,-57.6396110043431,-24.5181027145948,-9.2175196210398,4691.12299573824
983205573.973946,-111.902428780755,-57.1338027604101,-23.9542284445851,-8.5382682377565,4692.73096153685
1020173445.55872,-111.548256930761,-56.5420670303113,-23.2945557615225,-7.74361738176274,4694.6121265269
1050948109.87906,-111.253430138673,-56.0494809299627,-22.745410806264,-7.08211047330482,4696.17811189527
1066328561.46633,-111.106086178265,-55.8033035345568,-22.4709655320819,-6.75151052619701,4696.96074313951
1077779801.89818,-110.996385335995,-55.620018918226,-22.2666341094139,-6.50537066384786,4697.54343192598
1077863482.53309,-110.995583694972,-55.6186795621536,-22.265140951092,-6.50357198945412,4697.54768994233
1080421841.54306,-110.971075242143,-55.5777316252915,-22.2194908247012,-6.44858136473236,4697.67786969233
1099281628.40533,-110.790404961942,-55.2758734824108,-21.8829683515576,-6.04320302109478,4698.63752503185
1116462943.37457,-110.625816646459,-55.000884604541,-21.5763992908802,-5.67390715393558,4699.51176131591
1141882595.2903,-110.382313892934,-54.5940483008547,-21.1228387916086,-5.12754462254022,4700.80516564258
1152910994.27302,-110.276671097263,-54.4175440116892,-20.9260625139354,-4.8905065942139,4701.3663042839
1228976568.14653,-109.548052131421,-53.2001984942296,-19.5688876803304,-3.25564865788576,4705.23644816376
1235793064.477,-109.482760096209,-53.0911120040453,-19.4472699244497,-3.10914782005843,4705.58324948239
1240450665.02438,-109.438147291303,-53.0165753603036,-19.3641708103928,-3.00904660406449,4705.82021157604
1285656176.05363,-109.005153554494,-52.2931567784353,-18.557644530233,-2.03750648192205,4708.12003694275
1311429395.62564,-108.758294209755,-51.8807233143973,-18.0978265769413,-1.48361201774742,4709.43118674536
1331290310.81154,-108.568066093851,-51.5629069563222,-17.7434947020179,-1.05678632060344,4710.44153080921
1363553368.70157,-108.259054129717,-51.0466412565166,-17.1679098096739,-0.363442254014619,4712.08272206851
1367549660.92905,-108.220778413727,-50.9826944839271,-17.0966152830603,-0.277561678800123,4712.28600415139
1392937525.18812,-107.97761988327,-50.5764546723622,-16.6436956215093,0.26801949021716,4713.57739615806
1405607778.96731,-107.856268336296,-50.3737166929309,-16.4176608571275,0.540297581677124,4714.22186813962
1443818025.82226,-107.490306414508,-49.7623228157373,-15.7360083364465,1.36140404631435,4716.16534838082
1463128419.40801,-107.305361132356,-49.453348165798,-15.3915261274166,1.77636001089006,4717.14748009707
1497683880.3204,-106.974408524999,-48.9004569473015,-14.7750938110168,2.5188992719559,4718.90489370517
1530909294.27177,-106.656196556514,-48.3688597804424,-14.1823999193902,3.2328412353728,4720.59455502642
1543092327.38067,-106.539515593946,-48.1739378856303,-13.9650748935739,3.4946240352793,4721.21408904964
1586346216.67487,-106.125259859707,-47.4819126379369,-13.1935098117248,4.42402377846656,4723.41351860391
1609902538.47395,-105.89965415225,-47.1050402623239,-12.7733189152265,4.93016871152573,4724.61125527107
1632150379.02353,-105.686580137421,-46.7491074484224,-12.3764734270272,5.40819135629224,4725.74240376629
1653431456.59833,-105.482764899367,-46.4086462982785,-11.9968771444068,5.86543509922299,4726.8243452296
1670922418.59795,-105.315248468185,-46.1288240787131,-11.6848894966577,6.24123972551714,4727.71355476811
1678580395.67835,-105.241905518082,-46.006311952882,-11.5482945032102,6.40577490856146,4728.10286107471
1755928316.38898,-104.501113774273,-44.7689344713706,-10.1686746634807,8.06758303500349,4732.03455912277
1814799127.33848,-103.937274646356,-43.8271836700127,-9.1186603027266,9.33235543423853,4735.02650690671
1830115658.05864,-103.790577626641,-43.5821717315632,-8.84548127926914,9.66140552655108,4735.80484783395
1866613269.24412,-103.441010919027,-42.9983434628897,-8.19453417106985,10.4454822833093,4737.65941096516
1871039060.76449,-103.398621191408,-42.9275477669796,-8.11559950633316,10.5405601012539,4737.88428647729
1891464778.85098,-103.202984788312,-42.6008167270818,-7.75130596012075,10.9793554575041,4738.9220836027
1896419177.2652,-103.155531525021,-42.5215663901807,-7.66294460737613,11.0857873983913,4739.17379882318
1905726018.92885,-103.066390190568,-42.3726951111172,-7.49695831048675,11.2857189515963,4739.64663582573
2027164101.78919,-101.903204099569,-40.4302463754905,-5.3311938744903,13.8943660726723,4745.81505722495
2120673958.8433,-101.007453997115,-38.9345927519513,-3.66359261818184,15.9029389287785,4750.56314388957
2180907951.36776,-100.430419316197,-37.9712032964616,-2.58945024741826,17.1966893234711,4753.62074794373
2192248616.08402,-100.321773080539,-37.7898218038789,-2.38721720734787,17.4402670048525,4754.19634562464
2202362007.21217,-100.224883298745,-37.6280698257359,-2.20687040074346,17.6574835189367,4754.70963143803
2213608232.08776,-100.117139319788,-37.4482001585198,-2.00632325247378,17.8990295311486,4755.28038823083
2231309397.73342,-99.94755131232,-37.1650929873779,-1.69067091898921,18.2792110616292,4756.1786882016
2249821599.86195,-99.7701893963453,-36.8690161401928,-1.36055838624731,18.676807320234,4757.11807881277
2282806551.3561,-99.4541571237232,-36.3414722496728,-0.772371579465287,19.3852309669202,4758.79170557237
2418711803.82993,-98.1518912983192,-34.1679286210718,1.65100817352005,22.3039391126117,4765.68494990366
2444420421.85653,-97.905518887705,-33.7567770964079,2.10941485558224,22.856031265796,4766.98844982625
2462151588.92971,-97.7355908187067,-33.4732083302156,2.42557430549828,23.2368027473145,4767.88738067948
2500434251.19557,-97.3686895738438,-32.8609697807182,3.10817499502563,24.0588974270808,4769.82797295588
2592958641.79236,-96.4818382266576,-31.3812836094121,4.75789877090163,26.0457187713041,4774.51666531396
2739873316.29981,-95.0733421676538,-29.0318038700302,7.37731071852984,29.2002646805764,4781.95707305059
2771603450.57486,-94.7690853472528,-28.5243749600927,7.94302765586869,29.8815371500595,4783.56326137443
2802215259.52439,-94.4755324693624,-28.0348310286613,8.48880126937815,30.5387863572798,4785.1125723653
2802667666.47638,-94.471193952445,-28.0275961422994,8.49686713507671,30.5484996493223,4785.13546739051
2814312479.84214,-94.3595203973721,-27.8413724617543,8.70447965875001,30.7985158743409,4785.72475808034
2818608788.82228,-94.3183183288711,-27.7726660559781,8.78107729089571,30.8907579528394,4785.94216632844
2856187409.45385,-93.9579343456849,-27.1717181530145,9.45104789192897,31.6975623686068,4787.84367967853
2873679521.48168,-93.7901820839363,-26.8919935294564,9.76290143463917,32.0731070405658,4788.72873804171
2908996853.77163,-93.4514818878291,-26.3272267975108,10.3925382442304,32.8313344858607,4790.51559529172
3076871115.85779,-91.8415144064476,-23.6428870208636,13.3852329769674,36.4351779462197,4799.00700073614
3267515494.59292,-90.0131344896625,-20.5947941216902,16.7835202334499,40.5273435384424,4808.64599404
3284270291.92009,-89.8524451703625,-20.3269297816131,17.0821621918911,40.8869586505526,4809.49290605302
3328191663.80154,-89.4312093518955,-19.6247581418006,17.8650155008215,41.8296418020102,4811.71285643473
3328742371.34368,-89.4259276782314,-19.6159540958106,17.8748311782344,41.8414614445956,4811.74068976233
3356960282.57744,-89.1552975516311,-19.1648443723551,18.3777764438795,42.4470866746007,4813.16680271072
3401706957.90505,-88.7261428082525,-18.4495116850054,19.1753082868646,43.4074358263607,4815.42806882878
3552927233.55799,-87.2758084294715,-16.0322126530603,21.8704038827051,46.6526968613707,4823.0681591167
3595216911.35588,-86.8702089778664,-15.3562415874081,22.6240642838744,47.5601946344556,4825.20425985734
3644000485.75351,-86.4023242488617,-14.5764926131174,23.4934333674022,48.6070132403538,4827.66810500289
3655583203.96005,-86.2912336668793,-14.3913598116166,23.6998448910524,48.85555503987,4828.25305502293
3736438832.14783,-85.5157381531859,-13.0990387966691,25.140708234612,50.5904996901307,4832.33596939159
3835026655.48794,-84.5701615631711,-11.5233926068037,26.8974771062778,52.7058012169964,4837.31322169412
3887557410.91028,-84.0663237573997,-10.6838780370125,27.8335014559894,53.8328441112075,4839.96478011887
3916797761.72519,-83.7858697449855,-10.2165886771843,28.3545118874655,54.460175994832,4841.44058008678
3989695876.59642,-83.0866755294768,-9.0516434161708,29.6533890124799,56.0241015203234,4845.11939531191
4251497899.26443,-80.5755845879928,-4.86837240005424,34.3176753033604,61.6400558162874,4858.32597442817
4310352718.28516,-80.0110651021841,-3.92804148765123,35.3661460093831,62.9024222673103,4861.29375958753
4369097368.43186,-79.4475988284366,-2.98950591393467,36.4126205732977,64.1623755446436,4864.25557225112
4387829597.56623,-79.2679225131938,-2.6902373103008,36.7463086168704,64.5641332212965,4865.19993410954
4571392313.70855,-77.507202060299,0.242196117294125,40.0160372173818,68.5008070815116,4874.451778457
4598859153.43803,-77.2437392368362,0.680952194354664,40.5052647933447,69.0898169935756,4875.83580017024
4640260515.25488,-76.8466146305358,1.34228418588715,41.2426742487227,69.9776236596426,4877.9217942798
4772240258.92071,-75.5806451056491,3.4503693013436,43.5932854825572,72.8076178029452,4884.57017285965
4817639691.06888,-75.1451630714411,4.17548393709975,44.4018281052586,73.781042959931,4886.85664994027
4995815145.26189,-73.4360433835848,7.02107887227733,47.5748557432596,77.6010758409284,4895.82780563873
5111753408.69416,-72.323908178436,8.87252518344548,49.6393699279583,80.0865125203533,4901.66326329981
5129946296.19849,-72.1493921913475,9.16303934807203,49.9633190379421,80.4765063974338,4902.57880959625
5180184886.56522,-71.6674749780899,9.96525956499692,50.8578687423482,81.5534265859961,4905.10683072834
5305726488.40017,-70.4631983753533,11.9698209330645,53.0931584549767,84.2443902932056,4911.4227994256
5343484013.2264,-70.1010009143045,12.5726753767768,53.7654076166796,85.0536718222337,4913.32200229884
5515275023.8509,-68.4530415779056,15.315387214338,56.8238639243687,88.7355181792158,4921.96093259845
5896800568.379,-64.7930474595553,21.4055114293887,63.6152692169017,96.9108853270504,4941.1342607833
6176972566.57575,-62.105267030925,25.8768209890572,68.6016099992639,102.913089382122,4955.20307674016
6180663866.62846,-62.0698547821932,25.9357256429779,68.6673005258139,102.99216152023,4955.38837273935
6295805199.97551,-60.9652485197315,27.773045880298,70.7162935370791,105.458529339823,4961.16742774221
6383698359.3776,-60.1220402565786,29.1754727025781,72.2803055303625,107.341101751169,4965.57781029523
6592128842.03554,-58.1224267937206,32.5008794714695,75.9889130132676,111.804997943742,4976.03295857895
6733947748.75443,-56.7618446567049,34.7632746451586,78.512056454868,114.84193118162,4983.14383809844
6835925940.38595,-55.7834774618327,36.3899742099998,80.3262598762651,117.025527697371,4988.25561005758
7545179158.229,-48.9787882756702,47.7006100740012,92.9411342850961,132.208138449441,5023.77375809959
7707146016.61878,-47.4248074170659,50.28280362416,95.8212066350979,135.674248913671,5031.87646366263
7764982758.46039,-46.8698926316647,51.204813001229,96.849589171901,136.911869488782,5034.76911202352
8053451976.83985,-44.102145110596,55.802950119076,101.978306745542,143.083954453805,5049.19076081385
8081235230.02489,-43.8355733730733,56.2457634414127,102.472224256178,143.678340587861,5050.57923420626
8111783757.28777,-43.5424691975509,56.7326408005213,103.015292735328,144.331873116103,5052.10579841036
8163007492.59854,-43.0509913188065,57.5490143695781,103.925888732487,145.427685134938,5054.66529443997
8300228921.31424,-41.7343819533082,59.735833465466,106.365124491322,148.363027930397,5061.52032463038
8486369778.06039,-39.9483858837352,62.7019393764272,109.673651335073,152.344380773998,5070.81565678372
8512974069.61939,-39.6931199201714,63.1258422617212,110.146496612869,152.913376647903,5072.143867336
8901406737.07186,-35.9661022469372,69.3141412183324,117.049421227265,161.219753120975,5091.52684994543
9544891576.49244,-29.791710576059,79.562314917753,128.48165970395,174.975400443515,5123.59849644907
9757812784.84356,-27.7486454599193,82.9523517706677,132.263545760009,179.5256417263,5134.20005607616
10577710217.1594,-19.8812648827007,96.0019321329576,146.82229371038,197.041098235888,5174.97479333889
10657161307.2246,-19.118877048602,97.2661073094337,148.232736039212,198.737887722965,5178.92191342147
10737138357.0704,-18.3514408143332,98.5385837510307,149.65245211917,200.445816462868,5182.89443309018
10975517768.3674,-16.0640141002076,102.330922208199,153.883677909253,205.535909213405,5194.73057604323
11430629045.1044,-11.6968564944031,109.569537838342,161.960318320287,215.251544772536,5217.30999673997
11628535953.8213,-9.79777177429155,112.716591279436,165.471834098279,219.475479637525,5227.12139010559
12405804793.9569,-2.33918579374268,125.072436863104,179.259349600667,236.059201076155,5265.61215293092
12778142040.8824,1.23372746524216,130.989004707017,185.861885954991,244.000206836872,5284.02632327457
13142264581.3655,4.7278086586025,136.773600855063,192.317413478513,251.764045240813,5302.01915703268
13462449905.7075,7.80026453857773,141.859016113661,197.992881974407,258.589443040991,5317.82858956909
13698830799.0795,10.0685366470483,145.612680842727,202.182209950782,263.627413305352,5329.49275229061
14019557531.4908,13.1461640152136,150.704771680591,207.865485389695,270.461727593129,5345.30898219459
14285823880.5075,15.7011863381468,154.931366105446,212.582938919227,276.134405221416,5358.4308769791
14582993127.4708,18.5527262414141,159.647594010744,217.847059527486,282.46422289014,5373.06641434694
14966620372.5562,22.2338550708323,165.734539535045,224.641402640778,290.633707072191,5391.9455505482
15078401117.9457,23.3064488818765,167.507844317928,226.620849695245,293.013711836636,5397.44347033501
15705678927.1199,29.325423752132,177.45654267876,237.726537672366,306.366124025573,5428.27054648107
16154467443.3776,33.6316305333488,184.571747850972,245.669711558234,315.915605033469,5450.2994455171
16526019740.1697,37.1966735551981,190.460764561409,252.24432980987,323.819379556017,5468.52055682706
16563327554.1643,37.5546382158356,191.05200113604,252.904414449858,324.612890345393,5470.34932076657
16623755336.7654,38.1344351264424,192.009599660432,253.973529244665,325.898102937975,5473.31106431651
16886515175.2389,40.6555604723749,196.173086708155,258.62196139489,331.48600281877,5486.18508844914
17537689145.8929,46.9032716749575,206.48781045811,270.138734199812,345.329598443669,5518.05741309041
17730446012.574,48.752635024042,209.540221368334,273.547039101704,349.426300957768,5527.48330616736
18028704219.6582,51.6141601406307,214.262495774547,278.820062462102,355.76416405941,5542.06038868527
19452536408.672,65.2736832240241,236.792221111846,303.98006167926,386.001881393529,5611.51780261984
20980828143.5022,79.9333906595233,260.949694596419,330.962868221365,418.424594477741,5685.83230918719
21842323884.2211,88.1959951489317,274.555667317203,346.162469537249,436.68596544313,5727.61567207294
21911190332.5422,88.8564572267997,275.642943365938,347.377169123048,438.145271709325,5730.95243728702
22476803688.0504,94.2807466758033,284.570920309529,357.351880173095,450.128169224789,5758.33940578429
22584825381.6529,95.3166415055031,286.275586670326,359.256490194131,452.416140588505,5763.56606314194
23156861797.7138,100.802048748749,295.300557681781,369.34047596736,464.529361487289,5791.22423839051
23539467332.3188,104.470714509745,301.334815567377,376.083242920719,472.628551979886,5809.70468887129
24625806413.3229,114.886114525217,318.458884606296,395.219836861238,495.612861152583,5862.09554349289
24774131188.2236,116.308061577724,320.795893589513,397.831726742943,498.749691251656,5869.23954870643
24941628833.6305,117.913773298278,323.434687030559,400.780961654072,502.291602559174,5877.30434774948
26403681118.5955,131.927803559595,346.454441961866,426.511810072213,533.190450024562,5947.58120377149
27555936013.2419,142.969802236102,364.579046561202,446.774752344514,557.519589557456,6002.81773063945
27894562796.4129,146.214383861797,369.902599048039,452.727016421782,564.665708854666,6019.02598007972
28269572299.135,149.807314868507,375.796560784132,459.317397561299,572.577619588125,6036.96263099459
28729548607.7293,154.213929981274,383.023682869634,467.398957223838,582.279277166329,6058.94458573988
29263446991.2724,159.328192385593,391.409149912131,476.776496856994,593.536100385596,6084.43358422328
30518346909.123,171.346637151071,411.105517247119,498.806056063111,619.977847070605,6144.23648243056
30784768907.0963,173.897774553121,415.284764320456,503.480905249262,625.58853229348,6156.91365988595
32264539861.3762,188.064412511035,438.48192591731,529.432409935012,656.732205985186,6227.20394798935
32369283847.0249,189.066984648526,440.122921559675,531.268476384843,658.935430065958,6232.17159973557
32509999097.8881,190.413818495869,442.327262533004,533.73490223615,661.895027433845,6238.84363923863
32827869376.3307,193.456082993992,447.305909682823,539.305685121265,668.579546373399,6253.90874721344
33256626173.8044,197.559214422749,454.019397306822,546.818082987382,677.593497971468,6274.21437825934
34182644118.6243,206.419430565292,468.511465196358,563.036460696569,697.052153980742,6318.01222575837
37157327286.642,234.865408006992,514.994522868214,615.073067728203,759.472429227845,6458.1800192445
37248141909.4109,235.733432577831,516.411912068697,616.660201106756,761.375965633516,6462.44679580791
39124364000.5265,253.660963726394,545.672314475224,649.430231498432,800.674923968874,6550.43623375814
39293171262.7704,255.273381891988,548.302794098621,652.37673790919,804.20811049816,6558.33779811886
40287787241.4462,264.771848397223,563.794444347041,669.731310172297,825.016943405528,6604.84424070778
41162337168.3112,273.120895117181,577.40580988685,684.981980827894,843.301408021821,6645.66689038448
43469257439.3583,295.12829923262,613.25431738399,725.162515646646,891.465652913492,6752.97588270011
43543295827.5108,295.834192095581,614.403402727241,726.450839314226,893.009720948304,6756.41029475328
43992813366.1497,300.119405971088,621.378054233825,734.271138987235,902.382102842322,6777.24926564483
45154562162.9897,311.189868321112,639.388331082959,754.469124764957,926.586199521217,6831.00481353902
48065161483.3133,338.897532435502,684.414055161631,804.989680021495,987.1109747159,6965.04075587962
49866904610.9395,356.029411290596,712.217204082374,836.204181458913,1024.49510918789,7047.55459803508
51035516214.5614,367.132998183177,730.222148866195,856.425773055173,1048.70883493809,7100.88621565095
51993045930.7814,376.226199156442,744.95840710498,872.980662221034,1068.52921298742,7144.47528843942
52097222719.1616,377.215256078257,746.560777199648,874.781023347347,1070.68454903618,7149.21172664485
53144716367.1406,387.157348111819,762.662766464281,892.875207306344,1092.34470129724,7196.77167970266
53700671251.0608,392.431993715827,771.201635668583,902.472465297545,1103.83215822916,7221.96619902964
54274352281.3479,397.873291965986,780.007509374538,912.371226405102,1115.67961980353,7247.92929071729
54360778153.409,398.692897112192,781.333664847063,913.862093191687,1117.46390571998,7251.83761152192
55362355086.6798,408.188617778128,796.693466077624,931.131975166636,1138.13121280607,7297.07223497969
55799623689.7346,412.332779841844,803.394158041893,938.667300691664,1147.14807458005,7316.78710911454
56374343187.2851,417.778247342116,812.196438299943,948.567247776785,1158.99368188574,7342.66805543787
57382737825.1826,427.329027742389,827.627883855273,965.926495313739,1179.7624182223,7387.99310838186
57494495482.212,428.387220131939,829.337097334407,967.849507020564,1182.062954305,7393.00967811232
57621045604.234,429.585405928776,831.272301966116,970.026843592618,1184.66770323417,7398.6886416095
58220779882.2308,435.262707821607,840.439919684153,980.342454715989,1197.00768376181,7425.57860749272
59308583035.2318,445.555921573789,857.053395370457,999.040297290484,1219.37236400637,7474.25399589334
62078325870.449,471.739116479578,899.268078073586,1046.57452080258,1276.21406612835,7597.62169528311
62384642072.7066,474.632592189861,903.929160523831,1051.82500090137,1282.49134513223,7611.2153249044
62463097756.8365,475.373616682663,905.122743838894,1053.16957944143,1284.0988324246,7614.69541109632
63086118625.0777,481.257101818558,914.597533549678,1063.84393552351,1296.85978004938,7642.30778142073
63454305738.7354,484.733208625324,920.193918015382,1070.1496502956,1304.3976233492,7658.60653274573
69084834109.9113,537.812108726097,1005.50539994287,1166.34759232368,1419.34690651546,7906.06993035022
69804062479.602,544.581477851175,1016.3661802074,1178.60424234886,1433.98651270334,7937.43930843043
70244076396.4019,548.721678455936,1023.00656409619,1186.09918700077,1442.93794707882,7956.60381978563
75718477883.4373,600.155134372132,1105.36314359603,1279.12493824084,1553.99774307019,8193.33853741095
78622736173.2356,627.38383507567,1148.86014155118,1328.31002545141,1612.68514822596,8317.65748853156
78677363344.9472,627.895606138594,1149.67700163035,1329.23405987825,1613.78748409094,8319.98742000601
80505791524.9227,645.016959132071,1176.99071519975,1360.13895068445,1650.65114501846,8397.79350988193
84099546461.4435,678.62260343086,1230.52038509184,1420.74931643728,1722.92162875738,8549.7088499719
85652483752.4927,693.125357393082,1253.58815229092,1446.88592666452,1754.07563047439,8614.94086714894
89962328702.7459,733.31467623731,1317.40735770327,1519.2508435513,1840.29844506776,8794.67503526243
90430473608.8992,737.67481743342,1324.32182136208,1527.09610717513,1849.64308268767,8814.08307267388
91075131427.9518,743.677235063339,1333.83769054626,1537.89454784511,1862.50434319693,8840.77203346766
91217270041.832,745.000423887118,1335.93493051666,1540.27470516549,1865.33903085238,8846.65086134556
93566781462.6301,766.858450485546,1370.55544065653,1579.57840994646,1912.14059631127,8943.52620709049
94829759111.5061,778.597364910247,1389.12962506625,1600.67522028256,1937.25588791591,8995.3679768293
95528909207.7595,785.0924461757,1399.40096304959,1612.34457129495,1951.14616172613,9023.99609071725
95690154921.8131,786.590083503602,1401.7687581004,1615.03494882913,1954.34838924379,9030.59154102706
97733619606.5119,805.558900747232,1431.74027764365,1649.09965636069,1994.88796287343,9113.94589945211
98579357845.3865,813.403797833242,1444.12548088641,1663.18169332018,2011.64338811015,9148.31973048601
102213308070.208,847.072820167147,1497.2139029482,1723.57944476744,2083.48558321689,9295.18971747126
113937554648.315,955.270097683397,1667.08208457568,1917.2327654851,2313.59436136376,9759.95241023038
118443783287.103,996.681144109129,1731.80029826016,1991.17494989927,2401.35940941142,9934.92396394061
119051309178.096,1002.25671391469,1740.50139430721,2001.12309049483,2413.16315844588,9958.35905677048
128834125982.381,1091.79505549355,1879.82484801742,2160.64076118833,2602.30137976485,10330.7062367543
136560562168.279,1162.1875895233,1988.81770407499,2285.73333875333,2750.44443576457,10618.1517315891
137040279014.712,1166.54864317643,1995.55455423039,2293.47414453537,2759.60644936675,10635.8070007784
137169401935.295,1167.72229657192,1997.36727425423,2295.557181075,2762.07182707616,10640.555366698
137996457072.682,1175.23785239513,2008.97199926006,2308.89420540346,2777.85582297334,10670.9311648098
141699192692.753,1208.84473476091,2060.79794090379,2368.49419623858,2848.36876614836,10806.1127165478
150970350933.758,1292.70219897522,2189.644175336,2516.93809393108,3023.83620987179,11138.805479144
155426268366.76,1332.85835272492,2251.10490662125,2587.88501145873,3107.61901712111,11295.7853089521
167726801658.634,1443.21090005517,2419.20735357942,2782.39902400802,3337.05795918498,11719.3992234144
168366107690.204,1448.92631822509,2427.88193726649,2792.45531695876,3348.90914594118,11741.0285709463
168727172741.064,1452.1533768743,2432.7784246363,2798.13255313871,3355.59921412529,11753.2274982085
183273036324.106,1581.63238053899,2628.41475839159,3025.45659449135,3623.19954547696,12234.644429165
188197170195.804,1625.23114597081,2693.92790101481,3101.80005280985,3712.94623076852,12393.2205316708
189033288096.043,1632.62248732319,2705.01630158685,3114.73260562584,3728.14311292857,12419.9279454337
201481467499.046,1742.26194910691,2868.87949238955,3306.22831528221,3952.95661780496,12810.0985502899
225449309245.653,1951.22732955412,3177.99074695344,3669.46862297354,4378.29617314161,13522.6735417896
225537863266.987,1951.99416618634,3179.11735144988,3670.79745878983,4379.84950495313,13525.2135178047
226346156884.617,1958.99183015332,3189.39541431971,3682.92218480308,4394.02169379919,13548.3664282408
226978349937.343,1964.46269368671,3197.42765389487,3692.39971288612,4405.09851707895,13566.4359130331
231376383122.575,2002.46789235651,3253.14681300302,3758.19654759748,4481.97057269312,13691.1925921657
234672147329.292,2030.88549360259,3294.71883242041,3807.34693824374,4539.36244741246,13783.598502018
235772411053.469,2040.36055625977,3308.56259364358,3823.72571020137,4558.48154647094,13814.2416879451
257994211881.741,2230.44646557869,3584.4660988781,4151.36460691494,4940.29637460702,14411.3702426278
261631493891.267,2261.32705624988,3628.95974533359,4204.42310753068,5002.01220473693,14505.2104064053
270559574011.752,2336.84812244964,3737.38570687327,4333.98691964474,5152.57878412368,14730.980817951
271842099971.078,2347.66423851625,3752.86948281925,4352.52049493944,5174.10067887184,14762.8831870014
281579224477.723,2429.51465594912,3869.67685456377,4492.59113237874,5336.62530880742,15000.7939074224
302682981151.014,2605.28858214669,4118.33953346852,4792.32839159543,5683.62748339734,15490.7940887534
312043609955.317,2682.53944011894,4226.68261095924,4923.61013064053,5835.2694321737,15697.13745702
332090487955.103,2846.49866626121,4454.72756687005,5201.36217793456,6155.40055788665,16116.9192201099
332581596962.362,2850.48991783447,4460.24656459746,5208.10877918205,6163.1646581305,16126.8306420926
335798696288.002,2876.60520952766,4496.32023425258,5252.23570963547,6213.93264656063,16191.3225569239
366087150550.514,3119.90602721827,4829.24101629016,5661.9573371999,6684.14382327911,16762.2324333785
383028474944.568,3253.95730607431,5010.23556775138,5886.67334716217,6941.12247865313,17053.7889269863
407721608353.923,3446.71641859316,5267.46804121811,6208.59824533917,7308.11457052994,17444.5800755925
415931308318.658,3510.10911835901,5351.28416522231,6314.17324007721,7428.16970213699,17565.8027385398
432154125908.086,3634.35463751758,5514.43986361427,6520.68909785147,7662.57662540194,17792.9727483336
462124275995.889,3860.30182972038,5807.35796971761,6894.96364160749,8085.91593358943,18170.9733657845
492698213518.013,4085.97851481815,6095.0590635224,7267.30322500466,8505.13477227597,18503.7718253755
495734986985.662,4108.12672994661,6123.03316677197,7303.7732392346,8546.09142919624,18534.0475444316
534420902120.505,4386.02598321042,6470.07951493063,7760.43392062192,9057.32124083118,18878.1632329801
548199510864.553,4483.09249323312,6589.58012143174,7919.58614356354,9234.78362367419,18982.9275853688
561778860395.734,4577.7677454814,6705.28461488453,8074.67720312515,9407.36185289959,19077.5318821247
595521496930.171,4808.7568700042,6984.07122886627,8452.63710622338,9826.45592921612,19277.4466836943
621544301571.395,4982.72176998004,7190.77548588036,8737.06945131754,10140.4470047716,19399.7074202107
680904251156.571,5365.81164319582,7636.26698038883,9363.78422701962,10828.0311759389,19586.9278380144
710478988762.658,5549.48636283876,7845.23842240861,9665.0125997709,11156.4331067689,19638.8180153418
724185136476.802,5632.97439048819,7939.25992426314,9802.21967779363,11305.5725314271,19654.7763500927
747396353372.929,5771.98790862126,8094.50181255399,10031.2041766533,11553.8564792413,19671.2809761814
757927503581.761,5834.07231519961,8163.3138352809,10133.7224074012,11664.7684707137,19674.7512072025
811110657412.679,6138.12772712206,8495.84959957783,10638.7808853669,12209.0013036225,19659.9825677188
862785915110.63,6418.28090875116,8796.08628049804,11110.1927711159,12713.8512924815,19606.7755628272
865128346944.828,6430.62057604098,8809.18507715903,11131.130640889,12736.2080706097,19603.733651588
865985189606.495,6435.1265044774,8813.96570018418,11138.7804272054,12744.3749082069,19602.6103708855
923113824692.65,6726.05842497157,9119.9833212507,11638.0969219003,13275.9442997268,19519.0252498246
982803303428.602,7009.87927565374,9414.34006843097,12138.4478222489,13805.995681531,19430.1731167995
998721099848.278,7082.056558636,9488.73088094923,12268.432434962,13943.3422833062,19409.4820451719
1025687459378.7,7200.93397545946,9611.01252179828,12485.5032253989,14172.4461825022,19379.74074166
1122695263246.19,7592.89300024429,10014.8436224554,13236.2683423487,14963.3213415036,19362.3853987835
1163936911521.43,7742.41713985253,10171.0412344104,13542.5675271009,15285.9426927142,19416.7617268534
1205445115015.69,7882.4718299152,10319.9743541658,13844.0048269718,15603.876623196,19521.3156537141
1262151741863.14,8056.72696537137,10511.3512279178,14245.8750840472,16029.0357129838,19760.8241004465
1278317442669.47,8102.76223247502,10563.5814650222,14358.5363907028,16148.6061830478,19852.3048591239
1313492910021.76,8200.98599307702,10675.9434113761,14602.0680810098,16407.3032709688,20062.8918920475
1319277616014.15,8217.10475586998,10694.3766823377,14641.9731826777,16449.6960539808,20097.4248307775
1321055229894.4,8222.05602880336,10700.0385954694,14654.2276595782,16462.7146262786,20108.03105315
1469192797736.01,8631.46694922824,11167.6911817696,15662.0129883407,17533.5866561174,20982.7028832996
1502168518610.11,8721.74650495179,11270.6744643647,15882.7553679989,17768.2143782537,21174.9459133892
1574554530548.17,8918.83822857168,11495.3235840126,16362.7653745184,18278.5039274995,21593.8251903933
1650668702840.53,9124.48508720693,11729.4642519113,16860.7989543187,18808.0803599434,22029.679984197
1681291490795.26,9206.76379695783,11823.0684598119,17059.2461326517,19019.1327337293,22203.7133602367
1808186101863.34,9544.92895837694,12207.3287341079,17869.8934342462,19881.4939617474,22916.838833642
1858917827228.99,9678.88093681977,12359.3368311973,18188.7592677023,20220.8015323125,23198.342844226
1936045528898.26,9881.17940419068,12588.6841654863,18667.8646570494,20730.7307374505,23622.4057671452
1966403751500.56,9960.36213053439,12678.3817510608,18854.5803287264,20929.4952389516,23788.0337850879
2110470810828.67,10332.74190136,13099.6593925936,19726.4200035942,21857.8720338032,24564.194737853
2159535404721.96,10458.2956156537,13241.4933783536,20018.0167858854,22168.4827733352,24824.8453956479
2294953211919.68,10801.5236122735,13628.6904236911,20808.9535721629,23011.2674969378,25534.6221231613
2346629576982.24,10931.2363584492,13774.8139724084,21105.4602903866,23327.3169801878,25801.7832921328
2588925090005.89,11530.2513936576,14448.1313574592,22457.1250433951,24768.839799433,27027.57111881
2625703752645.06,11619.8728413298,14548.6580876829,22656.8092716384,24981.9102226157,27209.8074710696
2684279103180.99,11761.9074317539,14707.8620310724,22971.8872145665,25318.1706193415,27497.9840146262
2832296415149.37,12117.0240903284,15105.292680795,23752.0867036834,26151.1510993104,28214.9969049894
2844334397447.29,12145.6678513197,15137.3111502605,23814.5401340649,26217.8503234849,28272.6098281938
2945888321198.13,12385.9048106521,15405.6255227445,24335.4868399746,26774.3365370914,28754.4819164048
2993618190316.52,12497.9526991297,15530.6300840523,24576.6973121732,27032.0789731146,28978.4051168002
3095691035703.43,12735.7415174458,15795.6219174417,25084.8228940872,27575.1931604346,29451.8407299917
3106277259705.52,12760.2612751425,15822.9239668174,25136.9239443686,27630.8945286752,29500.5201831495
3127141819217.2,12808.5100199133,15876.6351135274,25239.2835639407,27740.334473478,29596.232314084
3171183351609.02,12910.0177583612,15989.580916888,25453.9264424399,27969.8548727683,29797.2606680186
3186137039032.39,12944.3795954634,16027.7981128722,25526.3683796364,28047.3273651903,29865.2081345037
3251785579935.56,13094.6136136903,16194.7895120025,25841.7894816621,28384.7082230594,30161.6609798262
3286257488149.6,13173.0995967779,16281.9659925269,26005.723483158,28560.0919204871,30316.1290900003
3397397586372.35,13424.2784709136,16560.6613619739,26526.3910648182,29117.2946837381,30808.5665210405
3685013758464.87,14061.3197054698,17265.4631674458,27819.0654132105,30501.8540001696,32043.9802666949
3709774084891.3,14115.3024771302,17325.0540966866,27926.7242057162,30617.2451116818,32147.7469012163
3784292276698.81,14276.9606669621,17503.3814856608,28247.3231370591,30960.9464485547,32457.5998336486
4004243257949.31,14747.1526672147,18020.9915887668,29164.1948962369,31944.5428329333,33351.049557967
4145105469916.78,15042.9200340147,18345.7768939273,29728.7478967334,32550.6897719208,33906.9240387553
4177884723924,15111.1577656473,18420.6210869331,29857.6327720787,32689.1274565936,34034.4782254314
4311309898940.52,15386.6541598722,18722.4544238133,30372.6892658902,33242.5794458817,34546.7439769202
4317040189404.33,15398.4055014269,18735.3172569587,30394.4688023095,33265.9904869084,34568.4969041805
4390096840128.64,15547.6502869714,18898.5938167503,30669.7048142512,33561.9012865078,34844.0563393214
4447715883642.57,15664.6104490982,19026.441355728,30883.6153961524,33791.9541086425,35059.0800927672
4521998285328.87,15814.4323614928,19190.0703897962,31155.310753143,34084.2479897663,35333.3100515012
4690730674376.07,16150.7838224615,19556.8545364892,31755.6523744616,34730.4982973645,35943.9053187631
4802482459250.15,16370.5714509494,19796.111691559,32140.6340932532,35145.217978994,36339.0202830431
4835157468124.3,16434.3938657425,19865.526802656,32251.3278937677,35264.5071297052,36453.1675292732
4838759860659.91,16441.418114745,19873.164916407,32263.480384738,35277.6044999571,36465.7141806407
4933888270087.54,16626.0426733893,20073.8067084635,32580.721921332,35619.6004207439,36794.3183221166
5069358583259.05,16886.1223102391,20356.070285561,33020.4434496073,36093.9225872639,37253.3318495187
5263708987968.07,17253.5490438451,20754.0997599972,33627.1033999135,36748.8992925507,37893.8195478313
5438420104213.22,17578.2825282342,21105.186196904,34148.8022842575,37312.7193581832,38451.8375308894
5460085437167.4,17618.1927272804,21148.2916990002,34211.9693685565,37381.0239821449,38519.8841891638
5463617068335.08,17624.6910066539,21155.3093602565,34222.2345587365,37392.1248500077,38530.9524985147
5746606903453.73,18138.7634816345,21709.7080465604,35016.5252883836,38251.7657775128,39396.4071916998
5807549505056.91,18247.7913428372,21827.1026412554,35180.4215410434,38429.3223272755,39577.3270873806
5826466028144.1,18281.515197412,21863.4018592892,35230.7902025799,38483.9016524707,39633.0975978186
5835472859625.9,18297.5527460598,21880.6620740502,35254.688972555,38509.8003736495,39659.5877898994
5931726238519.22,18468.1587602295,22064.193921433,35506.748212833,38783.0359407969,39940.111965473
5943571910527.04,18489.0566691018,22086.6651678295,35537.3494792659,38816.2185626275,39974.3125292108
6128260218856.13,18812.1505243935,22433.8194783638,36002.7986252789,39321.2177984235,40498.5149517188
6178300919537.19,18898.8228028183,22526.8653359486,36125.1960733687,39454.1074051056,40637.6596967434
6198287069293.37,18933.3377602211,22563.9093475272,36173.6460500331,39506.7214485938,40692.8941608964
6234657389833.41,18995.9993034589,22631.1494696623,36261.1811094776,39601.7955139607,40792.913695605
6507621960494.75,19460.3264900224,23128.9242224864,36892.634163501,40288.2518541425,41523.521664233
6513541579371.51,19470.2821958079,23139.5885567237,36905.839977268,40302.6199129126,41538.9800482666
6591699255302.07,19601.2873429631,23279.8885133841,37078.3034325962,40490.3082005495,41741.5715725292
6673582252648.73,19737.666842321,23425.8884337367,37255.2525842245,40682.9687606268,41950.838087466
7019554016094.22,20304.4431885371,24032.154653894,37962.2433937189,41453.6821391073,42802.2460426101
7051745104320.66,20356.4294916737,24087.7326145538,38024.7967761818,41521.9487206398,42878.8362382149
7384402533400.12,20886.6022932338,24654.3900770103,38640.7848073807,42194.8691751258,43645.1193406278
7578570309209.58,21190.4036411305,24979.0835482542,38975.8522597211,42561.4218953144,44071.8416013625
7604658219461.9,21230.9198681155,25022.3912516079,39019.5611383169,42609.2646926419,44128.05863765
7651423827517.03,21303.375491241,25099.8437475601,39097.156241344,42694.2136672615,44228.1831250744
8095688246680.22,21981.083165251,25824.8145619812,39788.0587185125,43451.4084911511,45139.0033890473
8171371795405.21,22094.7328451471,25946.528676316,39897.8740946856,43571.8853882326,45287.1561493109
8173874811356.53,22098.483025535,25950.5458578566,39901.4688008076,43575.8296053302,45292.0222232606
8210772869774.87,22153.7040950821,26009.7054618267,39954.1875941495,43633.6778406141,45363.507152119
8268991414693.42,22240.5996552858,26102.8262628997,40036.3421141002,43723.8389434934,45475.3593953726
8293059445350.59,22276.4406931541,26141.2453082037,40069.9432434939,43760.7191563755,45521.2673111885
8365296258319.34,22383.7287505497,26256.2889042135,40169.5418848992,43870.0515175447,45657.8975024455
8703595863910.21,22880.8149922034,26790.1908797962,40612.2528194249,44356.2234717569,46275.4057510204
8704319054490.46,22881.868653837,26791.3243432314,40613.15938266,44357.219246395,46276.6875429522
8854808955466.06,23100.3495701796,27026.5384284295,40798.3385283137,44560.6253699152,46539.9984941064
9421277213406.31,23910.323964738,27902.4210825823,41439.4273333403,45264.4600748498,47473.5923515667
9561157493454.62,24107.7326916352,28117.0055498444,41585.8517069163,45424.9968750834,47691.1360664402
9636164951384.95,24213.2266093116,28231.8847402128,41662.6873360778,45509.1812210241,47805.8192561222
9644720904816.28,24225.2448389504,28244.9816589551,41671.3805283617,45518.7030489264,47818.8154864422
9696302039700.1,24297.6348420954,28323.9109480967,41723.4882733534,45575.7648685773,47896.7998813807
9908099304264.37,24593.7980742167,28647.610352992,41932.3493116423,45804.2294196897,48210.6146776033
10022107974927.2,24752.5725386173,28821.6950216812,42041.6689642455,45923.6171976356,48375.4459751892
10227337476109.1,25037.416425134,29135.0374367977,42233.6860277201,46132.9223255127,48665.358344334
10333803605711,25184.7629600333,29297.6749901279,42331.1698895378,46238.9587875083,48812.4770774701
10456599613132.6,25354.4134182789,29485.419322737,42442.0505877679,46359.3575638788,48979.5258655151
10497493098878.6,25410.848910656,29547.9932689251,42478.6431944711,46399.0384875154,49034.5513793878
10539165524637.8,25468.331314758,29611.7906374079,42515.7761739707,46439.277148246,49090.3224513061
10552380947641.7,25486.5549250661,29632.0296066031,42527.5204159166,46451.9975792506,49107.9459668029
10808035879672.4,25838.6721992845,30024.3874233111,42752.1565898839,46694.7047718642,49443.1644038545
10918188050432.7,25990.2149127883,30194.0370755346,42847.7563415436,46797.6218233855,49584.4311440067
11143771912008,26300.463980449,30542.913349578,43042.2212703408,47006.2145536943,49868.317622557
11248828006883.4,26444.97966867,30706.1611779931,43132.494181808,47102.6816978611,49998.2232810764
11512816503719.6,26808.4966712082,31118.9632305063,43359.7033991915,47344.4062839843,50318.8872361447
11602867595889.2,26932.693522674,31260.7295312927,43437.6281904233,47426.9467473011,50426.5583444806
11658783957529,27009.8788783471,31349.0258890758,43486.1907004374,47478.291123263,50493.0170158758
11706956766099.2,27076.4209534255,31425.2661897766,43528.1559893731,47522.6018249189,50550.0388639018
12006971684258.2,27491.9994943529,31903.9622928572,43793.0393566483,47801.0476847777,50900.806769509
12037100393746.1,27533.8629047594,31952.4314805191,43820.0528896306,47829.3257531862,50935.6621788095
12185725860089.4,27740.7845286725,32192.6818850901,43954.6739129876,47969.931155671,51106.7675115907
12344580558878.6,27962.7809515093,32451.7027983959,44101.4028846158,48122.5988635787,51288.3068434395
12568317911329.7,28277.1360091732,32820.7633576601,44313.9730049898,48342.7555833727,51542.1833179106
12590210603737.9,28308.0123907233,32857.1582916854,44335.1887909018,48364.6660085679,51566.937278674
12958635441143.2,28831.1816871225,33477.8245104495,44705.1465380332,48745.0844916042,51982.2164259608
13061830964159.6,28979.0455736158,33654.6170833086,44813.6365700266,48856.10128353,52098.3830010855
13211926389114.8,29195.262217286,33914.2281914632,44975.7162903974,49021.5535911495,52267.5067542865
13250449008245.1,29250.9858642261,33981.3459379516,45018.1767563744,49064.8229478263,52310.969343728
13410475607429.1,29481.9614906146,34259.7564163644,45194.5089523046,49244.1458347049,52490.1733037137
13412806049951.8,29485.3147123614,34263.7986593638,45197.0649274499,49246.7406138142,52492.7622909088
13689899914607.4,29881.8871268171,34741.9215623165,45498.5410404574,49551.8637290191,52796.3724631608
14222427187131.4,30632.2098744286,35646.734175702,46064.434373861,50119.4330831877,53356.51165337
14403013991200.7,30883.1405017779,35949.3331673329,46252.3281954627,50306.3209542061,53539.5535583049
14437549444551.5,30930.9266012289,36006.9564164186,46288.0307976744,50341.7411643253,53574.1628187727
14452500276241,30951.5937193216,36031.8777156158,46303.4640030459,50357.0431792518,53589.1062827324
14567999469714.8,31110.8440910473,36223.9012321639,46422.2237557248,50474.607767326,53703.7491066876
14628963213375.6,31194.6094374805,36324.8989480108,46484.576213231,50536.1999601672,53763.6910758988
14754575618194.9,31366.5692023044,36532.2178294258,46612.3272910744,50662.1036343844,53885.9605634697
15109374007034.4,31847.6792470817,37112.092229779,46967.9264916486,51010.4550960959,54222.3630465697
15417725762446.1,32260.3126138523,37609.1627945501,47270.7160739323,51304.5343042839,54504.0682505849
15469425052753.4,32328.99777702,37691.8721797306,47320.9154244988,51353.0556665816,54550.3364211209
15543844859695.5,32427.6176105392,37810.610860793,47392.890739198,51422.5064468496,54616.4545582874
15656768097931.8,32576.6971415365,37990.0614882323,47501.4624174273,51527.0022400557,54715.6933077339
15756513922076.2,32707.8149846867,38147.8464809819,47596.7214647812,51618.416049722,54802.2640121866
16109905958538.7,33168.1026559802,38701.3694942653,47929.3788777989,51935.6139108155,55100.8143485649
16120486776383.5,33181.7819721544,38717.8096742191,47939.2228395622,51944.9511040931,55109.5577612672
16223366247111.3,33314.4802676821,38877.2571813881,48034.5869222593,52035.2555115262,55193.9822878123
16237110420542.2,33332.1657477552,38898.5030572355,48047.278944052,52047.2534541464,55205.1801325822
16594463998387.7,33788.5008320806,39446.2945449793,48373.3048519733,52353.7420536404,55489.6720897707
16805080736024.9,34054.3131637233,39764.9743913263,48561.8874888444,52529.4749895425,55651.3771809697
17006671503250.6,34306.5603715017,40067.0778669125,48739.9195060754,52694.2900576657,55802.0391208675
17061349071415.2,34374.6118758428,40148.5234576481,48787.7920454909,52738.4239271168,55842.2129931648
17067758726263.1,34382.5791062898,40158.0571963557,48793.3923877073,52743.5817149189,55846.9031967387
17274648546554.9,34638.595828235,40464.223107078,48972.8558777511,52908.2794461707,55996.1310041877
17854263176147.4,35344.0306989984,41305.7233443442,49462.2318159228,53351.3713942731,56392.0548018164
18247681065728.5,35812.9939950824,41863.1331562466,49783.2240458399,53636.8850044627,56642.4249196552
18281339822809.8,35852.7479220392,41910.3012837135,49810.2693185947,53660.744451536,56663.1630095001
18428111849143.8,36025.4224652755,42115.0182503371,49927.4368479955,53763.7449260332,56752.3442070124
18511159734578.7,36122.6402325095,42230.1569910007,49993.1825977434,53821.2770970363,56801.9078582108
18919699676237.4,36595.7849225985,42789.2022881762,50310.8315548078,54096.4617911539,57036.3477963993
18972956168066.7,36656.8402982888,42861.1733372824,50351.5346797571,54131.3791708944,57065.7671504384
19028207325732.2,36720.0310330764,42935.6185047127,50393.5909829537,54167.3724941837,57096.0116304001
19057303784202.7,36753.2467117458,42974.7321843958,50415.668673418,54186.2325558395,57111.8259130008
19107254085179.7,36810.1689697265,43041.7330245937,50453.4571160984,54218.457537411,57138.7928015967
19320435332940.9,37051.6933474937,43325.6025848252,50613.1357571963,54353.8302640708,57251.31071019
19354970622663.2,37090.6051860886,43371.2712585012,50638.760466787,54375.432114771,57269.1474430078
19428151887486,37172.862699483,43467.7506714516,50692.8363282918,54420.9051852869,57306.5848846704
19689436836471.2,37464.3651105598,43808.9526522217,50883.4341312907,54579.925082779,57436.2861978953
19891529727254.3,37687.4921085771,44069.3440518181,51028.2116366121,54699.3613196828,57532.3821136443
20048290592547,37859.1693367005,44269.2057414882,51138.932768731,54789.879726013,57604.403790718
20167276371565.4,37988.6629552518,44419.6650480641,51222.0538022995,54857.3502713345,57657.6092328437
20197642220606.1,38021.59812946,44457.8911718506,51243.1399304582,54874.3988191236,57670.9863310289
20286842023183.9,38118.0815133363,44569.7754896812,51304.7826902068,54924.0792753467,57709.809679812
20457055841530.2,38301.1035989432,44781.5959746798,51421.1804924868,55017.2302422557,57781.9462818349
21057668997980.1,38935.5333896566,45511.2897001712,51819.0639483559,55328.7397280876,58016.272767678
21118540605170,38998.8473250048,45583.6920048285,51858.2785772992,55358.8273583769,58038.2807023196
21426571936799.6,39316.4733270753,45945.6635135486,52053.6033822345,55506.9295974055,58144.7920595307
21452879871960,39343.3872200877,45976.2360466614,52070.0449367042,55519.2582819037,58153.5147160977
21549594025895.3,39442.0409417832,46088.1634750483,52130.1635414308,55564.1498835407,58185.0778036669
21566898998349.9,39459.6452247483,46108.113455372,52140.8667558277,55572.1108196979,58190.642009842
21662992748495.1,39557.1377254632,46218.4684385567,52200.0047809504,55615.9235378494,58221.0806692027
22027955908269.6,39923.3585386374,46630.9891478184,52420.046682934,55776.2653347269,58329.637788487
22033655880016.8,39929.0273776602,46637.3486457593,52423.4261532734,55778.693788463,58331.2452301732
22597681824640.8,40482.2918261363,47253.8947888543,52749.1960640604,56007.569444079,58477.0755924251
22698528327531.6,40579.6177766451,47361.4606648542,52805.6486525228,56046.1221997984,58500.4122443712
22996016469853.3,40863.9150273518,47674.017896168,52969.0274832029,56155.6978703064,58564.4736887687
23022815399941.1,40889.320426164,47701.8247470769,52983.5148443902,56165.2656072957,58569.8959694457
23237452824120.3,41091.5768355134,47922.4425954448,53098.1773478703,56240.0958139037,58611.2594205439
23480355279427.7,41317.8589324391,48167.6110680716,53225.0120558148,56320.9381501796,58653.6697673288
23583540635500.7,41413.1484040522,48270.3068773984,53277.9544930065,56354.0519660026,58670.2821385252
23722179817465.2,41540.3965716606,48406.920478106,53348.2106287704,56397.3956759706,58691.2930029461
23751900217841.8,41567.5585083488,48436.0021274804,53363.1409478761,56406.5164956271,58695.602420679
23945067798541,41743.0967051822,48623.2539965116,53459.0590015616,56464.3319243057,58721.9438726762
24491450548842.8,42230.2657194095,49136.2605312324,53719.8962408764,56614.2127667578,58780.9604544357
24657450029254.6,42375.5542113921,49287.2192716401,53796.096869623,56655.7876560768,58794.4118656879
24709849727694.3,42421.1541391407,49334.3945035311,53819.8572760275,56668.530718434,58798.2290214216
24784296066598.2,42485.7238793916,49401.0241271048,53853.373156952,56686.3221692228,58803.2996767108
24869009719194,42558.8909394428,49476.2795175974,53891.1671213361,56706.1211716754,58808.5677744892
24925663025998.5,42607.6396925608,49526.2722953129,53916.2381032807,56719.0975303431,58811.7936496001
25049333495740.4,42713.547336248,49634.468263159,53970.3988548196,56746.6895511427,58818.010917003
25122127513490.4,42775.5608417727,49697.5531689787,54001.9152168456,56762.46067635,58821.1435149249
25151164662226.9,42800.2305807838,49722.593037509,54014.4119194283,56768.6547561891,58822.2844809686
25310463419281.3,42934.889642864,49858.6985329864,54082.2095537102,56801.6546145982,58827.4458683308
25530701941188.6,43119.1728847208,50043.3398958183,54173.8325422046,56844.5561144938,58831.5400974694
25593972883818.2,43171.7100463533,50095.6243356811,54199.7027824902,56856.2993266723,58832.0676439934
25598787185645,43175.7002352847,50099.5887575276,54201.6630206966,56857.1822715214,58832.095980501
26483811062977.3,43891.6063367253,50794.7383673509,54542.3639208131,56994.2709094798,58809.3280737656
26619531594433,43998.3125316042,50895.3842137717,54591.1785945169,57010.9018399369,58800.9878525226
26627175377985.2,44004.2980223261,50901.0051557849,54593.9008818641,57011.8041138928,58800.4803543646
26751197115035.9,44101.053593296,50991.4978889973,54637.6695562509,57025.9327564295,58791.685427555
26915229628284.2,44227.9836201226,51109.1319147149,54694.4008363353,57043.1455657828,58778.4379532679
27238607291571.1,44474.7608388664,51334.1644169478,54802.3973640288,57072.1935527438,58746.9829340585
27800286963505.1,44892.5652806693,51703.2013639968,54977.9425228086,57107.4048720915,58675.7776817681
27842800664611.9,44923.6329055898,51729.9995155728,54990.6118492734,57109.2900564512,58669.5441322561
28090191926539.7,45102.8740935451,51882.756231155,55062.6217061182,57118.1018906146,58630.9452508958
28146243551683.5,45143.1194964965,51916.609645847,55078.5315456077,57119.5884503032,58621.6514492957
28316261812793.6,45264.3703981565,52017.5800502703,55125.8768163482,57122.9509920364,58592.2310687047
28340774418725.8,45281.749940243,52031.9244588211,55132.5898030193,57123.2939288624,58587.8373609875
28402739832154.6,45325.5692873073,52067.9457940184,55149.4327251439,57124.001858493,58576.5604152777
28418444514978.9,45336.6489593707,52077.0204977449,55153.6725912623,57124.1451294285,58573.6637013513
28825262676935.2,45620.0041802547,52304.3708385132,55259.4522253215,57122.7890957929,58493.2220721929
29639040378775.1,46165.8598891366,52714.1797324123,55447.8532726801,57091.1869787992,58301.7099356962
29836999002075.9,46294.458682586,52804.7227230054,55489.0561276895,57077.7652777275,58249.0983143772
29868046520166.6,46314.4803595262,52818.5965722862,55495.3553381476,57075.4590458077,58240.6367148772
30094527561773.3,46459.3249217309,52917.1136146051,55539.9735992445,57056.9939428304,58177.2025561639
30196957265382.7,46524.137854003,52960.1135339019,55559.3854544678,57047.6982623346,58147.5320936824
30284877121150.3,46579.4251563063,52996.2473507495,55575.6674681643,57039.2524121536,58121.5807461687
30670896000273.1,46818.4175088204,53146.3955098316,55643.0189432288,56997.0992364009,58002.4034622201
30679632973361.4,46823.7562723166,53149.633185918,55644.4656643607,56996.0500944071,57999.6082041851
30812270263016.9,46904.4230258046,53197.9083354134,55666.0079381727,56979.6092172284,57956.646024802
32191286714975.5,47701.1014573854,53601.4995394675,55843.7737651599,56752.5819513721,57453.0158600813
32412692727371.2,47821.9560949498,53649.4140812062,55864.5674220942,56706.7936241142,57362.7893242051
32758352362123.2,48006.7850584254,53714.7729077732,55892.8114819096,56630.2651866063,57216.9414100884
33074397623142.8,48171.6972300307,53764.4032021318,55914.1665452895,56554.9713234371,57078.3639734984
33405502186175.5,48340.3148648121,53805.9610506552,55931.9970988038,56470.7049031136,56927.9388508614
34207375210238.9,48731.2517565179,53861.987107079,55956.1509242271,56244.2173894356,56542.0755038863
37276195835196.8,50006.5168607666,53479.1390002529,55808.4992112027,55100.4007433894,54809.0103392208
37837764205657.6,50203.2250825282,53304.0595890823,55741.8487589938,54846.4359687204,54452.5084688635
38136822941917.4,50303.4934146992,53197.2827609423,55701.527635237,54705.8750987277,54258.2047986392
39510829436913.1,50724.8064991431,52584.3436430669,55474.0578430239,54014.2586499124,53328.3625573713
