,date,weighted_avg_sars_cov2,suspended_solids_weighted,ammonia_weighted,ophosph_weighted,sample_ph_weighted,control_weighted,reac_vol_control_weighted,raw_ansis_sars_repc_std_weighted,compo_frac_weighted,sars_below_lod_weighted,sars_below_loq_weighted,reception_delay_weighted,regional_popn,avg_r_lower,avg_r_avg,avg_r_upper,log_weighted_avg,log_suspended_solids,log_ammonia,log_ophosph,region
0,2020-09-04,126.436001725208,406.18175264635926,35.02270201236758,4.639965794324353,7.471676611772956,12501062.853158312,2.0,0.46467745775455405,0.7922712153021463,0.0,0.0,24.8717915456398,995991.0,0.8,0.9499474011886976,1.0998948023773951,2.1018707537276935,2.6087204092140404,1.544349648994525,0.666514778962006,South West
1,2020-09-05,128.2781533285372,276.87514244606626,36.11266517468532,4.318819750218886,7.471676611772956,12501062.853158312,2.0,0.37983683874534047,0.8173537712690175,0.0,0.0,24.929900939533255,995991.0,0.8142944749200756,0.9642418761087731,1.1141892772974706,2.1081526992685724,2.442283967001997,1.557659541263893,0.6353650787595029,South West
2,2020-09-06,130.12030493186637,147.5685322457733,37.20262833700305,3.9976737061134178,7.471676611772956,12501062.853158312,2.0,0.29499621973612694,0.8424363272358887,0.0,0.0,24.98801033342671,995991.0,0.8285889498401512,0.9785363510288487,1.1284837522175462,2.114345072363211,2.168993757696887,1.570573623536037,0.6018073437047046,South West
3,2020-09-07,1726.6012951768562,264.0682797334514,36.73180781754052,4.271482946302534,7.471676611772956,12501062.853158312,2.0,7.23904240559973,0.8424363272358887,0.0,0.0,24.72695819205863,995991.0,0.8428834247602267,0.9928308259489242,1.1427782271376217,3.2371920623529395,2.421716236253928,1.5650423034027725,0.6305786768018744,South West
4,2020-09-08,1670.9675649604305,325.6402969504744,39.619728491522515,4.479881436352666,7.471676611772956,12501062.853158312,2.0,5.860322476038857,0.8424363272358887,0.0,0.0,25.16890148438423,995991.0,0.8571778996803023,1.0071253008689998,1.1570727020576972,3.222968019914086,2.5127381421027692,1.5979114950531697,0.6512665201992226,South West
5,2020-09-09,1615.3338347440051,387.2123141674975,42.50764916550451,4.688279926402798,7.471676611772956,12501062.853158312,2.0,4.481602546477984,0.8424363272358887,0.0,0.0,25.61084477670983,995991.0,0.8714723746003779,1.0214197757890755,1.1713671769777727,3.2082622898898236,2.5879491603356177,1.6284670874964084,0.6710135345080408,South West
6,2020-09-10,867.2999181825325,389.4070026737189,42.63399719475377,4.863398431081714,7.471676611772956,12501062.853158312,2.0,2.459696246835066,0.8424363272358887,0.0,0.0,25.334782024469433,995991.0,0.8857668495204534,1.035714250709151,1.1856616518978482,2.9381693054207867,2.590403757135758,1.6297560522869108,0.6869398503479552,South West
7,2020-09-11,119.26600162105974,391.60169117994036,42.760345224003025,5.03851693576063,7.471676611772956,12501062.853158312,2.0,0.4377899471921471,0.8424363272358887,0.0,0.0,25.058719272229034,995991.0,0.900061324440529,1.0500087256292265,1.1999561268179237,2.0765166598254767,2.592844558689144,1.6310412028106953,0.702302722676055,South West
8,2020-09-12,424.19298946540414,449.7205848245617,41.38065454406716,4.9670052491845045,7.471676611772956,12501062.853158312,2.0,1.6919296404197899,0.4831494461295333,0.0,0.0,25.926018290660593,995991.0,0.9000888878672086,1.0785851752796336,1.2570814626920583,2.6275634867603426,2.6529427667565453,1.6167973558954074,0.6960946189625397,South West
9,2020-09-13,729.1199773097486,507.83947846918295,40.0009638641313,4.8954935626083795,7.471676611772956,12501062.853158312,2.0,2.9460693336474324,0.12386256502317793,0.0,0.0,26.793317309092153,995991.0,0.9001164512938882,1.1071616249300407,1.3142067985661932,2.862798997723107,2.7057264590719337,1.602070456223717,0.689796483822812,South West
10,2020-09-14,4811.550556218454,412.8106077263751,40.316878365366755,5.187160966854959,7.471676611772956,12501062.853158312,2.0,18.955854565210405,0.07369745308943555,0.05016511193374237,0.0,26.64058388412479,995991.0,0.9001440147205678,1.1357380745804477,1.3713321344403278,3.682285053399666,2.6157508485460923,1.6054868984082293,0.7149297251349378,South West
11,2020-09-15,3293.2687199852653,422.33792273223355,43.18875270961284,5.304760184663069,7.471676611772956,12501062.853158312,2.0,13.665889756002425,0.07369745308943555,0.025082555966871187,0.0,26.413601662397888,995991.0,0.9001715781472474,1.1643145242308548,1.4284574703144624,3.5176271691708605,2.6256600795160794,1.635370661811925,0.7246657552813435,South West
12,2020-09-16,1774.9868837520762,431.865237738092,46.06062705385892,5.422359402471177,7.471676611772956,12501062.853158312,2.0,8.375924946794447,0.07369745308943555,0.0,0.0,26.18661944067098,995991.0,0.900199141573927,1.1928909738812619,1.4855828061885972,3.2491951481882153,2.635348247654549,1.6633298460072201,0.7341882999167411,South West
13,2020-09-17,1419.8418783616394,447.9401269690188,46.07059601944194,5.486583906473746,7.471676611772956,12501062.853158312,2.0,5.65424984039121,0.4329843341957909,0.0,0.0,26.019964730270317,995991.0,0.9002267050006065,1.221467423531669,1.5427081420627318,3.152239981581167,2.6512199687644817,1.6634238307957743,0.7393020252636024,South West
14,2020-09-18,1064.6968729712025,464.0150161999456,46.080564985024964,5.550808410476315,7.471676611772956,12501062.853158312,2.0,2.9325747339879733,0.7922712153021463,0.0,0.0,25.853310019869657,995991.0,0.9002542684272862,1.250043873182076,1.5998334779368664,3.027225978540491,2.6665320351825805,1.6635177952496711,0.7443562376527275,South West
15,2020-09-19,1178.25145058126,433.85244444979924,42.91573468033346,5.171004411977793,7.471676611772956,12501062.853158312,2.0,2.3835171708624845,0.8173537712690175,0.0,0.0,25.931069014010504,995991.0,0.928786879900752,1.2500351125477147,1.571283345194678,3.0712379831051715,2.6373420487350843,1.632616551671236,0.7135749083187324,South West
16,2020-09-20,1291.8060281913179,403.6898726996529,39.75090437564195,4.791200413479271,7.471676611772956,12501062.853158312,2.0,1.8344596077369961,0.8424363272358887,0.0,0.0,26.008828008151347,995991.0,0.9573194913742179,1.2500263519133534,1.5427332124524893,3.1111973068398266,2.606047854473912,1.599347013769418,0.6804443375556477,South West
17,2020-09-21,755.7930967459415,248.24568695901874,38.19401982548035,4.855681679418244,7.471676611772956,12501062.853158312,2.0,2.832798706123029,0.8424363272358887,0.0,0.0,25.14987340916401,995991.0,0.9858521028476839,1.2500175912789921,1.5141830797103009,2.878402920845303,2.39488171176492,1.581995369191626,0.686250208255948,South West
18,2020-09-22,1129.559193452066,250.9358317494837,41.76566404716509,5.131542164890272,7.471676611772956,12501062.853158312,2.0,4.204685407741941,0.8424363272358887,0.0,0.0,25.223491920777064,995991.0,1.0143847143211497,1.250008830644631,1.4856329469681124,3.052908994633097,2.399562679728281,1.6208193907993862,0.7102479017692329,South West
19,2020-09-23,1503.3252901581905,253.62597653994865,45.33730826884982,5.407402650362299,7.471676611772956,12501062.853158312,2.0,5.576572109360853,0.8424363272358887,0.0,0.0,25.29711043239012,995991.0,1.0429173257946156,1.2500000700102698,1.457082814225924,3.1770529635778595,2.40419373221526,1.6564557319641378,0.7329887095644743,South West
20,2020-09-24,1943.1660343107574,319.9831223374509,41.989416571033274,5.084715532588737,7.471676611772956,12501062.853158312,2.0,5.767997632108985,0.8424363272358887,0.0,0.0,25.36246850289477,995991.0,1.0714499372680815,1.2499913093759085,1.4285326814837354,3.2885099105865283,2.5051270718542247,1.6231398403025945,0.7062666610772961,South West
21,2020-09-25,2383.0067784633243,386.3402681349531,38.641524873216724,4.762028414815175,7.471676611772956,12501062.853158312,2.0,5.9594231548571175,0.8424363272358887,0.0,0.0,25.427826573399425,995991.0,1.0999825487415473,1.2499825487415472,1.399982548741547,3.377125277698966,2.5869699768928878,1.5870542562257721,0.6777919824927623,South West
22,2020-09-26,3506.23817359858,299.72432983832186,40.89051658097312,4.962543928519704,7.471676611772956,12501062.853158312,2.0,3.711523372062701,0.8424363272358887,0.05332979916485189,0.0,25.589199668136224,995991.0,1.0999913093759086,1.2499913093759085,1.3999913093759082,3.544841413744753,2.4767219978193915,1.6116225971488323,0.6957043641700161,South West
23,2020-09-27,4629.469568733835,213.10839154169065,43.139508288729516,5.163059442224234,7.471676611772956,12501062.853158312,2.0,1.4636235892682847,0.8424363272358887,0.10665959832970379,0.0,25.750572762873023,995991.0,1.10000007001027,1.2500000700102698,1.4000000700102695,3.665531233659723,2.3286005512087935,1.6348751906342016,0.71290712510172,South West
24,2020-09-28,3557.7895397508005,164.22525906358592,42.73862916431976,5.148975735458435,7.471676611772956,12501062.853158312,2.0,4.735405750388487,0.8424363272358887,0.10665959832970379,0.0,25.908794306374254,995991.0,1.1000088306446312,1.250008830644631,1.4000088306446308,3.5511802539142194,2.2154399556352264,1.6308205881153868,0.7117208452198667,South West
25,2020-09-29,2372.2111837633793,318.59598128898756,43.112825316694625,5.289654039408994,7.471676611772956,12501062.853158312,2.0,2.7276691847329757,0.8678883644530925,0.05332979916485189,0.0,25.86198833623999,995991.0,1.1000175912789925,1.2500175912789921,1.400017591278992,3.375153349051635,2.5032402933890787,1.6346064844461878,0.7234272686913479,South West
26,2020-09-30,1186.6328277759583,472.96670351438917,43.4870214690695,5.430332343359554,7.471676611772956,12501062.853158312,2.0,0.719932619077464,0.8933404016702963,0.0,0.0,25.81518236610572,995991.0,1.1000263519133537,1.2500263519133534,1.4000263519133533,3.0743163587703073,2.674830567822465,1.6383596628079942,0.7348264097859594,South West
27,2020-10-01,859.1871496300321,411.7241420856213,38.040809103696716,4.387524940696151,7.471676611772956,12501062.853158312,2.0,0.859137076716154,0.8678883644530925,0.0,0.0,25.9858355647792,995991.0,1.100035112547715,1.2500351125477147,1.4000351125477146,2.9340877729102965,2.6146063332767318,1.5802497455296727,0.6422195982091345,South West
28,2020-10-02,531.7414714841058,350.4815806568534,32.59459673832394,3.3447175380327474,7.471676611772956,12501062.853158312,2.0,0.9983415343548441,0.8424363272358887,0.0,0.0,26.156488763452682,995991.0,1.1000438731820763,1.250043873182076,1.400043873182076,2.7257005330513167,2.5446651988239686,1.5131456123004563,0.5243594474092526,South West
29,2020-10-03,765.408841058337,234.0846523713568,21.304210495604494,2.279700185180058,7.471676611772956,12501062.853158312,2.0,1.456354210686122,0.8424363272358887,0.0,0.0,35.57760676719636,995991.0,1.1285940059242647,1.278589625607084,1.428585245289903,2.8838934743513427,2.369372940356464,1.3284654444855164,0.35787773450761734,South West
30,2020-10-04,999.0762106325681,117.68772408586021,10.013824252885048,1.2146828323273682,7.471676611772956,12501062.853158312,2.0,1.9143668870174002,0.8424363272358887,0.0,0.0,44.99872477094003,995991.0,1.157144138666453,1.3071353780320916,1.4571266173977304,2.999598617950491,2.0707311642893425,1.0005999650664845,0.08446289344725985,South West
31,2020-10-05,6115.531394850361,95.84567139258931,11.511504218305623,1.8209150210115959,7.4342864293220385,9357309.393145867,2.0,6.021474725380187,0.44012443898993214,0.0,0.0,23.00461984506965,280298.0,1.1856942714086414,1.3356811304570995,1.4856679895055576,3.7864342000189612,1.981572503935394,1.0611320769769619,0.2602896784874538,South West
32,2020-10-06,5517.795886497259,218.25384671948666,17.247188658015055,2.1554587642267,7.457896453177286,10929186.123152088,2.0,4.9268783409889485,0.6161978271460392,0.0,0.0,24.11490332615661,638144.5,1.2142444041508298,1.3642268828821071,1.5142093616133847,3.7417656310820067,2.338961906876229,1.2367183139127929,0.33353971884376804,South West
33,2020-10-07,4920.060378144157,340.662022046384,22.982873097724486,2.4900025074418037,7.481506477032532,12501062.853158312,2.0,3.83228195659771,0.7922712153021463,0.0,0.0,25.22518680724357,995991.0,1.2427945368930182,1.392772635307115,1.5427507337212119,3.6919704323880795,2.5323237199047357,1.3614043190647265,0.3961997844321182,South West
34,2020-10-08,4920.060378144157,303.9922489259441,21.796647138114558,2.365229953109519,7.481506477032532,12501062.853158312,2.0,3.83228195659771,0.8173537712690175,0.0,0.0,25.269741577316797,995991.0,1.2713446696352064,1.4213183877321227,1.5712921058290392,3.6919704323880795,2.4828625102811004,1.3383896935402013,0.3738733702373549,South West
35,2020-10-09,4920.060378144157,267.32247580550427,20.610421178504627,2.2404573987772345,7.481506477032532,12501062.853158312,2.0,3.83228195659771,0.8424363272358887,0.0,0.0,25.314296347390023,995991.0,1.2998948023773949,1.4498641401571306,1.5998334779368664,3.6919704323880795,2.4270354746860177,1.3140868667734624,0.35033669042631416,South West
36,2020-10-10,6173.873158225062,223.71303225356445,25.412103188694864,2.625156755678545,7.461615145141364,11319502.827935446,2.0,5.579966819413531,0.5805563420892078,0.0,0.0,28.36694467211325,613162.5,1.2999035630117561,1.449872900791492,1.5998422385712276,3.7905577026891923,2.3496912843691002,1.4050406101682529,0.419155241491914,South West
37,2020-10-11,7427.685938305966,180.1035887016246,30.2137851988851,3.009856112579856,7.441723813250195,10137942.802712582,2.0,7.327651682229352,0.31867635694252694,0.0,0.0,31.419592996836478,230334.0,1.2999123236461174,1.4498816614258532,1.599850999205589,3.8708535323665814,2.2555223665551525,1.480205137322623,0.478545734462206,South West
38,2020-10-12,23449.298288467977,116.52772063201374,32.435477830622965,3.59368217171425,7.471676611772956,12501062.853158312,2.0,15.72050634270493,0.8424363272358887,0.8252333605424146,0.0,24.777783634591074,995991.0,1.2999210842804787,1.4498904220602145,1.5998597598399502,4.3701298511446645,2.0664292514173463,1.511020300221364,0.5555396651006383,South West
39,2020-10-13,17068.99685134345,251.00888010032222,33.17671595426063,3.7082000765258822,7.471676611772956,12501062.853158312,2.0,12.697066765202647,0.8424363272358887,0.4126166802712073,0.0,25.370921281751876,995991.0,1.29992984491484,1.4498991826945757,1.5998685204743115,4.23220799828358,2.3996890860641042,1.5208333945415677,0.5691631585325909,South West
40,2020-10-14,10688.695414218922,385.4900395686307,33.917954077898294,3.8227179813375147,7.471676611772956,12501062.853158312,2.0,9.673627187700365,0.8424363272358887,0.0,0.0,25.96405892891268,995991.0,1.2999386055492013,1.449907943328937,1.5998772811086728,4.0289247015623335,2.586013161073705,1.5304296478453878,0.5823722593931553,South West
41,2020-10-15,7295.28574999234,267.2723699310536,37.12986713735365,4.124636912543589,7.471676611772956,12501062.853158312,2.0,9.970394681537881,0.8173537712690175,0.0,0.0,25.440772272707953,995991.0,1.2999473661835625,1.4499167039632983,1.599886041743034,3.863042307499437,2.426954064605011,1.569723395183137,0.6153857240813211,South West
42,2020-10-16,3901.876085765758,149.05470029347654,40.341780196809005,4.426555843749663,7.471676611772956,12501062.853158312,2.0,10.267162175375397,0.7922712153021463,0.0,0.0,24.917485616503228,995991.0,1.2999561268179238,1.4499254645976596,1.5998948023773953,3.591273473125472,2.173345675634228,1.6057550587897937,0.6460659474846695,South West
43,2020-10-17,8338.538803122516,143.75306604176143,38.228479474212115,4.113997822226937,7.471676611772956,12501062.853158312,2.0,11.07954368618229,0.8173537712690175,0.0,0.0,34.539993416941854,995991.0,1.299941098586123,1.4499116828843197,1.5998822671825164,3.921089954074367,2.1576171163238804,1.582387024435669,0.6142640574619929,South West
44,2020-10-18,12775.201520479275,138.45143179004629,36.115178751615225,3.80143980070421,7.471676611772956,12501062.853158312,2.0,11.891925196989185,0.8424363272358887,0.0,0.0,44.16250121738048,995991.0,1.2999260703543225,1.44989790117098,1.5998697319876376,4.106367759573236,2.1412974513441507,1.5576897687366125,0.5799481174246441,South West
45,2020-10-19,5554.390237703106,163.84319737828957,37.14914391796713,4.42290851622938,7.455790984223055,12501062.853158312,2.0,7.5247737291273245,0.8424363272358887,0.0,0.0,25.17977364587967,995991.0,1.2999110421225217,1.4498841194576402,1.5998571967927586,3.7446363889409575,2.2144284145777093,1.5699488101292518,0.6457079564829523,South West
46,2020-10-20,3884.822942627935,282.2425905454969,34.629406289815876,4.018683173506419,7.445757959444248,12501062.853158312,2.0,8.928569468028025,0.7805050447242997,0.0,0.0,25.664404823939176,995991.0,1.299896013890721,1.4498703377443005,1.5998446615978796,3.5893712298828913,2.450622549614039,1.5394450457721829,0.6040837684658185,South West
47,2020-10-21,2215.2556475527635,400.64198371270425,32.109668661664614,3.6144578307834587,7.435724934665441,12501062.853158312,2.0,10.332365206928726,0.7185737622127107,0.0,0.0,26.14903600199868,995991.0,1.2998809856589202,1.4498565560309606,1.5998321264030007,3.345423852416802,2.602756457537139,1.5066358241229292,0.5580431622784836,South West
48,2020-10-22,2825.959938433888,255.63870607264525,30.078119681804353,3.1482758551283325,7.445757959444248,12501062.853158312,2.0,8.108654185140447,0.7436563181795819,0.0,0.0,25.858506293396896,995991.0,1.2998659574271196,1.449842774317621,1.599819591208122,3.4511660008811096,2.4076266106801003,1.478250683071829,0.49807277867790495,South West
49,2020-10-23,3436.664229315013,110.63542843258624,28.046570701944095,2.682093879473206,7.455790984223055,12501062.853158312,2.0,5.884943163352166,0.7687388741464531,0.0,0.0,25.56797658479511,995991.0,1.2998509291953189,1.449828992604281,1.599807056013243,3.536137102553549,2.0438942219862835,1.4478797669729349,0.4284739750903838,South West
50,2020-10-24,3381.9348719767067,151.86382256466175,24.242142845602487,2.6502947477347054,7.465824009001863,12501062.853158312,2.0,6.47622349928521,0.8055876006911709,0.0,0.0,37.67846835463373,995991.0,1.2855865107388447,1.4355601938306264,1.5855338769224074,3.5291652398632958,2.1814543273069824,1.384571005959963,0.4232941758977215,South West
51,2020-10-25,3327.2055146384005,193.09221669673724,20.437714989260876,2.618495615996205,7.47585703378067,12501062.853158312,2.0,7.067503835218254,0.8424363272358887,0.0,0.0,49.78896012447235,995991.0,1.2713220922823705,1.4212913950569714,1.571260697831572,3.522079627173853,2.285764768270416,1.3104323384769525,0.4180518511226486,South West
52,2020-10-26,14749.232685897225,157.82580163876983,20.95263812624813,2.218986417220647,7.471676611772956,12501062.853158312,2.0,13.581500556109056,0.8424363272358887,0.7185737622127107,0.0,26.165926700140865,995991.0,1.2570576738258963,1.4070225962833167,1.5569875187407365,4.16876942716511,2.1981780039009284,1.3212387123400526,0.3461546438524788,South West
53,2020-10-27,14068.302516642723,230.3339387604908,21.378669707117982,2.2714531749111666,7.471676611772956,12501062.853158312,2.0,22.651891843683117,0.8173537712690175,0.39613560765107314,0.0,25.50121078737994,995991.0,1.2427932553694223,1.392753797509662,1.5427143396499012,4.148241698562735,2.362357934188522,1.329980677634566,0.3563037884377673,South West
54,2020-10-28,13387.372347388222,302.84207588221176,21.804701287987836,2.3239199326016866,7.471676611772956,12501062.853158312,2.0,31.722283131257182,0.7922712153021463,0.07369745308943555,0.0,24.836494874619014,995991.0,1.2285288369129481,1.3784849987360073,1.5284411605590658,4.126695342731474,2.4812162144673655,1.3385501414626824,0.36622116096946117,South West
55,2020-10-29,14562.154708171234,278.2090842186325,21.570379772771187,2.354945297995688,7.471676611772956,12501062.853158312,2.0,34.4550402808061,0.7922712153021463,0.07369745308943555,0.0,25.203913807119406,995991.0,1.214264418456474,1.3642161999623523,1.5141679814682303,4.16322564067988,2.444371306682674,1.3338577914524277,0.37198082354366757,South West
56,2020-10-30,15736.937068954248,253.5760925550532,21.336058257554537,2.3859706633896893,7.471676611772956,12501062.853158312,2.0,37.18779743035502,0.7922712153021463,0.07369745308943555,0.0,25.571332739619802,995991.0,1.1999999999999997,1.3499474011886976,1.4998948023773948,4.196920208105945,2.4041083053577395,1.3291141885132747,0.3776650995160909,South West
57,2020-10-31,17323.622454193825,203.48021484799227,17.49146992318419,1.9212981739007589,7.471676611772956,12501062.853158312,2.0,20.728456894343896,0.8173537712690175,0.39613560765107314,0.0,27.100961186730938,995991.0,1.1999937324025602,1.3428057905643014,1.4856178487260419,4.238638710277905,2.3085221875166604,1.2428263076320984,0.2835947699792281,South West
58,2020-11-01,18910.3078394334,153.38433714093134,13.646881588813846,1.4566256844118284,7.471676611772956,12501062.853158312,2.0,4.269116358332773,0.8424363272358887,0.7185737622127107,0.0,28.630589633842074,995991.0,1.199987464805121,1.335664179939905,1.471340895074689,4.276698598748744,2.185781013846593,1.1350334232820243,0.16334796352020406,South West
59,2020-11-02,67627.12130012235,157.73393136055165,17.060890602424266,1.9236227563952815,7.461467096655736,12567512.333726069,2.0,75.06411644672774,0.8299004215311476,0.0,0.0,25.1001398600388,922589.0,1.1999811972076815,1.3285225693155087,1.457063941423336,4.830120901101516,2.1979251278091083,1.2320016982044777,0.284119906121899,South West
60,2020-11-03,48146.24929071794,197.8717378117509,18.00851538417473,2.0081775940185422,7.4665718542143455,12534287.59344219,2.0,66.93869550643903,0.811085818416647,0.4126166802712073,0.0,25.57826539898783,959290.0,1.199974929610242,1.3213809586911125,1.4427869877719828,4.682562460187638,2.2963837679864754,1.255477911207271,0.3028021171840094,South West
61,2020-11-04,28665.377281313526,238.00954426295016,18.956140165925195,2.092732431641803,7.471676611772956,12501062.853158312,2.0,58.81327456615032,0.7922712153021463,0.8252333605424146,0.0,26.056390937936857,995991.0,1.1999686620128025,1.3142393480667163,1.4285100341206298,4.457357662144684,2.3765943727608128,1.2777499113094277,0.3207137047410591,South West
62,2020-11-05,75078.63389082265,172.3493836791698,25.159301640275867,2.7275202882616147,7.471676611772956,12501062.853158312,2.0,34.38325876810993,0.8173537712690175,0.8503159165092857,0.0,26.03032271375946,995991.0,1.1999623944153632,1.3070977374423198,1.4142330804692769,4.8755163617240145,2.236409734711102,1.400698582004397,0.4357679897085176,South West
63,2020-11-06,121491.89050033176,106.68922309538942,31.36246311462654,3.3623081448814265,7.471676611772956,12501062.853158312,2.0,9.953242970069542,0.8424363272358887,0.8753984724761569,0.0,26.004254489582067,995991.0,1.1999561268179237,1.2999561268179236,1.399956126817924,5.084547290045468,2.0281205526336317,1.496410163549496,0.5266375126397687,South West
64,2020-11-07,94592.51562062891,247.36594808587628,32.04902704944121,3.497681458002944,7.471676611772956,12501062.853158312,2.0,79.21107851166586,0.8424363272358887,0.822068673311305,0.0,27.001927920700755,995991.0,1.1999561268179237,1.2999561268179236,1.399956126817924,4.975856775373796,2.393339915275974,1.5058148496591213,0.543780254733594,South West
65,2020-11-08,67693.14074092606,388.04267307636314,32.73559098425588,3.633054771124462,7.471676611772956,12501062.853158312,2.0,148.46891405326218,0.8424363272358887,0.7687388741464531,0.0,27.999601351819443,995991.0,1.1999561268179237,1.2999561268179236,1.399956126817924,4.830544664412077,2.588879487611045,1.515020185761587,0.5602719452389378,South West
66,2020-11-09,82050.36823748458,329.97212193078394,27.94234810950488,3.3549706810337905,7.4713957408634455,12567512.333726069,2.0,22.22956118216289,0.8299004215311476,0.8299004215311476,0.0,26.191852384973156,922589.0,1.1999561268179237,1.2999561268179236,1.399956126817924,4.914080534482942,2.51847724956558,1.4462628988487398,0.5256887292379836,South West
67,2020-11-10,15618.252908261753,237.2014979816157,43.630287113143005,2.4620024875767155,7.659499223730535,9273378.779242255,2.0,25.394657856407342,0.4050062415900653,0.0,0.0,48.67768455922486,123366.0,1.1999561268179237,1.2999561268179236,1.399956126817924,4.193632451132987,2.3751174273696933,1.6397880709112624,0.39128848740126626,South West
68,2020-11-11,24842.718296568346,310.3505608190887,30.803267771427244,3.226223488812399,7.4823409014035365,12857163.591969362,2.0,58.316620539325626,0.8341146711457496,0.8688176975921406,0.0,26.28192246803386,946027.0,1.1999561268179237,1.2999561268179236,1.399956126817924,4.395199114717501,2.4918525345141194,1.4885967911699105,0.5086944487925948,South West
69,2020-11-12,18692.970624064576,236.67851749561407,27.746921029026783,2.642039814200067,7.476868321133491,12712337.962847715,2.0,51.8409932767067,0.8320075463384486,0.4344088487960703,0.0,25.670076564172973,934308.0,1.1999561268179237,1.2999561268179236,1.399956126817924,4.271678323482759,2.3741588402843274,1.4432147981148473,0.42193935792540693,South West
70,2020-11-13,12543.222951560801,163.0064741721395,24.690574286626322,2.0578561395877344,7.4713957408634455,12567512.333726069,2.0,45.36536601408776,0.8299004215311476,0.0,0.0,25.058230660312088,922589.0,1.1999561268179237,1.2999561268179236,1.399956126817924,4.098409141776738,2.212204853737687,1.392531191455313,0.31341501087004586,South West
71,2020-11-14,23803.956672190914,117.82292923188231,21.788301783941904,1.981543976377392,7.4798195096669895,12534287.59344219,2.0,54.2502805760391,0.8361683743835182,0.35928688110635537,0.0,25.174596438921085,959290.0,1.1713997264782958,1.2785350695052526,1.3856704125322097,4.376649151093449,2.071229815662145,1.3382233819394933,0.2970037150684448,South West
72,2020-11-15,35064.69039282103,72.63938429162512,18.88602928125749,1.9052318131670498,7.4882432784705335,12501062.853158312,2.0,63.13519513799045,0.8424363272358887,0.7185737622127107,0.0,25.290962217530083,995991.0,1.1428433261386681,1.2571140121925815,1.3713846982464952,4.544870008605313,1.8611721543472395,1.2761406586890542,0.27994782465959817,South West
73,2020-11-16,42441.04289685963,132.00967679426822,15.763878817441428,1.6358242181573177,7.471676611772956,12501062.853158312,2.0,53.75642820338565,0.07369745308943555,0.7185737622127107,0.0,25.37209151488317,995991.0,1.1142869257990402,1.2356929548799105,1.357098983960781,4.627786047208249,2.1206057677537076,1.1976630876298267,0.21373663357377246,South West
74,2020-11-17,34051.60828394818,127.61382080761774,19.532075494156153,1.792916722700128,7.471676611772956,12501062.853158312,2.0,58.32152043326886,0.4580668901626621,0.7185737622127107,0.0,25.5635054014879,995991.0,1.0857305254594125,1.2142718975672395,1.3428132696750668,4.53213762879944,2.1058977118102384,1.2907483942231892,0.2535601179438183,South West
75,2020-11-18,25662.173671036737,123.21796482096725,23.300272170870876,1.9500092272429381,7.471676611772956,12501062.853158312,2.0,62.88661266315207,0.8424363272358887,0.7185737622127107,0.0,25.75491928809263,995991.0,1.0571741251197846,1.1928508402545686,1.3285275553893525,4.409293439776832,2.0906740313172922,1.3673609940567912,0.2900366664041642,South West
76,2020-11-19,21695.342632846092,186.70404853055902,27.221361126625567,2.5982366857016936,7.471676611772956,12501062.853158312,2.0,47.41842626773227,0.8424363272358887,0.7185737622127107,0.0,25.660025944009533,995991.0,1.028617724780157,1.1714297829418974,1.314241841103638,4.3363665132981115,2.271153735385705,1.434909837068768,0.41467871048303506,South West
77,2020-11-20,17728.51159465545,250.19013224015077,31.14245008238026,3.246464144160449,7.471676611772956,12501062.853158312,2.0,31.950239872312473,0.8424363272358887,0.7185737622127107,0.0,25.565132599926436,995991.0,1.000061324440529,1.1500087256292264,1.2999561268179238,4.248672275738431,2.398270176667702,1.4933527769989723,0.5114106106342318,South West
78,2020-11-21,15400.240091387346,242.47653743859132,30.13174416234685,2.924913490545242,7.471676611772956,12501062.853158312,2.0,19.638925219395897,0.8424363272358887,0.35928688110635537,0.0,25.34859379586094,995991.0,0.9857756101548147,1.1285876683165554,1.271399726478296,4.187527491586585,2.384669721684995,1.4790242713401065,0.46611302558591333,South West
79,2020-11-22,13071.968588119242,234.76294263703187,29.121038242313436,2.6033628369300343,7.471676611772956,12501062.853158312,2.0,7.327610566479323,0.8424363272358887,0.0,0.0,25.132054991795442,995991.0,0.9714898958691004,1.1071666110038842,1.2428433261386682,4.11634099558194,2.370629544541552,1.4642068546681137,0.41553470099245393,South West
80,2020-11-23,20368.396598889016,251.69322815166,30.497229392635074,2.972377618789439,7.471676611772956,12501062.853158312,2.0,52.889622986215,0.8424363272358887,0.7687388741464531,0.0,25.062222198794974,995991.0,0.9572041815833862,1.0857455536912133,1.2142869257990403,4.308956842664261,2.400871530939981,1.4842603864239918,0.47310398252417657,South West
81,2020-11-24,25968.544693668715,306.0205062093935,33.79018685911821,3.2299242307445817,7.471676611772956,12501062.853158312,2.0,34.22767305493595,0.8424363272358887,0.7687388741464531,0.0,24.909492589123133,995991.0,0.9429184672976718,1.064324496378542,1.1857305254594126,4.414447611962045,2.485750529210973,1.5287905934221158,0.509192334543026,South West
82,2020-11-25,31568.69278844841,360.34778426712694,37.08314432560134,3.4874708426997243,7.471676611772956,12501062.853158312,2.0,15.5657231236569,0.8424363272358887,0.7687388741464531,0.0,24.756762979451292,995991.0,0.9286327530119576,1.0429034390658711,1.1571741251197847,4.499256598790619,2.5567218559819227,1.5691765513991702,0.5425105853404206,South West
83,2020-11-26,18542.922776482064,351.9900732034728,38.67364464136725,3.6684000963988277,7.471676611772956,12501062.853158312,2.0,12.028983629137006,0.8173537712690175,0.38436943707322657,0.0,24.800139601328397,995991.0,0.9143470387262433,1.0214823817532,1.128617724780157,4.268178189660377,2.5465304157118083,1.5874151023303045,0.5644766961861765,South West
84,2020-11-27,5517.152764515718,343.63236213981855,40.26414495713315,3.8493293500979306,7.471676611772956,12501062.853158312,2.0,8.492244134617112,0.7922712153021463,0.0,0.0,24.8435162232055,995991.0,0.900061324440529,1.000061324440529,1.100061324440529,3.7417150093098677,2.536094057478509,1.6049184809190282,0.585385071087033,South West
85,2020-11-28,12334.28340756672,332.8271078754728,32.427693121725,3.246378993427677,7.471676611772956,12501062.853158312,2.0,17.07072044139006,0.8173537712690175,0.0,0.0,25.212232810782876,995991.0,0.8715049241009011,0.9786371333291382,1.0857693425573753,4.091113923085608,2.522218691180253,1.5109160544349123,0.5113992194785881,South West
86,2020-11-29,19151.41405061772,322.021853611127,24.591241286316844,2.6434286367574233,7.471676611772956,12501062.853158312,2.0,25.649196748163007,0.8424363272358887,0.0,0.0,25.58094939836025,995991.0,0.8429485237612733,0.9572129422177473,1.0714773606742216,4.282200845756766,2.5078853455488455,1.3907804510726756,0.4221675904813216,South West
87,2020-11-30,8502.665537983077,311.0640256789469,30.637688493169115,3.3207523369679706,7.471676611772956,12501062.853158312,2.0,13.79189962029881,0.8424363272358887,0.0,0.0,25.66425618638455,995991.0,0.8143921234216454,0.9357887511063565,1.0571853787910679,3.929555095945278,2.4928497881819633,1.4862559961913102,0.5212364869506987,South West
88,2020-12-01,8548.810509421568,234.59758919194542,31.93453227663021,3.319751590490367,7.4731292727046785,12679113.222563837,2.0,14.574964772882147,0.8382754991908191,0.0,0.0,25.586806536126073,971009.0,0.7858357230820175,0.9143645599949658,1.042893396907914,3.9319056907361016,2.3703235448382713,1.5042605597247507,0.5211055876451504,South West
89,2020-12-02,8594.955480860059,158.13115270494393,33.23137606009131,3.3187508440127633,7.474581933636401,12857163.591969362,2.0,15.358029925465482,0.8341146711457496,0.0,0.0,25.509356885867597,946027.0,0.7572793227423896,0.892940368883575,1.0286014150247602,3.9342436315213973,2.199017436757498,1.521548325116541,0.520974648873767,South West
90,2020-12-03,7348.796834637853,143.1609534154549,23.309261262351725,2.3181136228963424,7.436969809043901,11107236.492557615,2.0,10.843762831209476,0.5479929826342167,0.08912657243362422,0.0,24.814175656613525,613162.5,0.7287229224027618,0.8715161777721842,1.0143094331416065,3.866216241009347,2.155824582018136,1.367528509695258,0.36513471919769436,South West
91,2020-12-04,6102.638188415647,128.19075412596592,13.387146464612142,1.3174764017799212,7.399357684451401,9357309.393145867,2.0,6.329495736953471,0.26187129412268373,0.17825314486724844,0.0,24.118994427359453,280298.0,0.7001665220631339,0.8500919866607933,1.0000174512584528,3.785517622384497,2.1078567024302384,1.1266880148953404,0.1197428450090267,South West
92,2020-12-05,4690.581961116921,114.80849667139972,13.644104469900093,1.380164326426824,7.399357684451401,9357309.393145867,2.0,5.184955014202718,0.35099786655630794,0.08912657243362422,0.0,25.032978235068867,280298.0,0.7144372081170475,0.8572304634864698,1.0000237188558923,3.6712267290311207,2.059974030230547,1.1349450360451983,0.13993079785899398,South West
93,2020-12-06,3278.525733818194,101.42623921683351,13.901062475188041,1.4428522510737265,7.399357684451401,9357309.393145867,2.0,4.040414291451965,0.44012443898993214,0.0,0.0,25.946962042778285,280298.0,0.728707894170961,0.8643689403121464,1.0000299864533317,3.5156785968820152,2.0061503225804054,1.1430479951805093,0.15922186135778968,South West
94,2020-12-07,3293.5185711585696,181.88791928590285,18.668424319831036,2.4835974257827056,7.399357684451401,9357309.393145867,2.0,7.828919687124523,0.44012443898993214,0.0,0.0,25.711952636122984,280298.0,0.7429785802248746,0.8715074171378229,1.0000362540507712,3.517660116640126,2.259803854854022,1.2711076635258938,0.3950812010334457,South West
95,2020-12-08,3162.986295332276,305.7058530737154,25.516093321492278,2.790410463038093,7.4355171481121785,10929186.123152088,2.0,5.572988537660472,0.6161978271460392,0.0,0.0,26.14934107570823,638144.5,0.7572492662787883,0.8786458939634995,1.0000425216482105,3.5000973101975874,2.485303753849682,1.4068141818517974,0.4456680917040172,South West
96,2020-12-09,3032.454019505982,429.52378686152787,32.36376232315352,3.09722350029348,7.471676611772956,12501062.853158312,2.0,3.3170573881964223,0.7922712153021463,0.0,0.0,26.586729515293474,995991.0,0.7715199523327019,0.8857843707891759,1.00004878924565,3.481794224468134,2.6329872198940327,1.5100590030887646,0.4909725458288248,South West
97,2020-12-10,3074.09356533889,276.10266458231047,29.913776921778748,2.9112123077813035,7.471676611772956,12501062.853158312,2.0,8.246259206338046,0.7805050447242997,0.0,0.0,26.27175786896334,995991.0,0.7857906383866154,0.8929228476148525,1.0000550568430895,3.4877170818663856,2.44107059790261,1.4758712506351497,0.4640738786561556,South West
98,2020-12-11,3115.733111171798,122.6815423030931,27.46379152040397,2.7252011152691265,7.471676611772956,12501062.853158312,2.0,13.175461024479668,0.7687388741464531,0.0,0.0,25.956786222633205,995991.0,0.800061324440529,0.900061324440529,1.000061324440529,3.4935602496072367,2.0887792271206242,1.4387604936698857,0.4353985579993167,South West
99,2020-12-12,7349.741269967253,134.64301986664537,25.195263998403398,2.6196415801491346,7.471676611772956,12501062.853158312,2.0,15.441244065962106,0.8055876006911709,0.0,0.0,25.912298195130944,995991.0,0.814362066958044,0.9214974099850007,1.0286327530119574,3.866272051056539,2.1291838437336046,1.401318913295048,0.41824187513209327,South West
100,2020-12-13,11583.749428762709,146.60449743019765,22.926736476402827,2.5140820450291423,7.471676611772956,12501062.853158312,2.0,17.707027107444542,0.8424363272358887,0.0,0.0,25.867810167628686,995991.0,0.828662809475559,0.9429334955294725,1.0572041815833861,4.0638491546125115,2.166147293491724,1.3603422391538158,0.4003794464294982,South West
101,2020-12-14,9337.907203316965,114.61130672867526,15.804925566859687,1.7300100137258116,7.471676611772956,12501062.853158312,2.0,11.519881629161182,0.8424363272358887,0.0,0.0,25.483122621924633,995991.0,0.842963551993074,0.9643695810739443,1.0857756101548146,3.9702495537576024,2.0592274641204567,1.1987924548748565,0.23804861693993817,South West
102,2020-12-15,7369.775948729874,134.39429874366334,19.0326503954353,1.9080113866410269,7.471676611772956,12501062.853158312,2.0,14.180181532620534,0.8173537712690175,0.0,0.0,25.399026455393006,995991.0,0.8572642945105889,0.9858056666184161,1.114347038726243,3.8674542849134133,2.128380845528186,1.2794992702609405,0.2805809621608486,South West
103,2020-12-16,5401.644694142781,154.17729075865142,22.260375224010915,2.086012759556242,7.471676611772956,12501062.853158312,2.0,16.840481436079887,0.7922712153021463,0.0,0.0,25.31493028886138,995991.0,0.871565037028104,1.0072417521628878,1.1429184672976715,3.732526014052093,2.1880204098724683,1.3475324805891653,0.3193169605564372,South West
104,2020-12-17,7022.847037490708,170.88965864149375,20.843787935703162,2.0493977773629775,7.471676611772956,12501062.853158312,2.0,16.806678629482118,0.8173537712690175,0.0,0.0,25.122459640699567,995991.0,0.885865779545619,1.0286778377073595,1.1714898958691002,3.846513209282416,2.232715782259509,1.3189766460135093,0.3116262608645936,South West
105,2020-12-18,8644.049380838636,187.60202652433608,19.42720064739541,2.0127827951697133,7.471676611772956,12501062.853158312,2.0,16.772875822884348,0.8424363272358887,0.0,0.0,24.92998899253775,995991.0,0.900166522063134,1.0501139232518313,1.2000613244405287,3.9367172392112586,2.2732375254267505,1.28841022566536,0.30379691152611,South West
106,2020-12-19,7240.004156484198,178.50953677588865,15.4344258485145,1.685467146663219,7.4665718542143455,12534287.59344219,2.0,14.792118911328238,0.8361683743835182,0.0,0.0,25.157642287791788,959290.0,0.9201577474267187,1.0601156683776767,1.2000735893286345,3.8597388155255494,2.2516614230168717,1.1884904786215011,0.22672029161704277,South West
107,2020-12-20,5835.958932129759,169.41704702744124,11.441651049633593,1.3581514981567246,7.461467096655736,12567512.333726069,2.0,12.811361999772128,0.8299004215311476,0.0,0.0,25.385295583045828,922589.0,0.9401489727903035,1.070117413503522,1.2000858542167403,3.766112227084988,2.228957107632618,1.0584886984087152,0.13294821703117662,South West
108,2020-12-21,5451.863596478412,219.82038391913179,15.456697901888672,1.841129277869174,7.471676611772956,12501062.853158312,2.0,9.792247247005603,0.8424363272358887,0.0,0.0,25.24814111439428,995991.0,0.9601401981538884,1.0801191586293672,1.200098119104846,3.736544981418358,2.342067962032578,1.1891167188085026,0.2650842842639409,South West
109,2020-12-22,7092.316704087953,172.02294197437527,13.483765726930336,1.5470861160826648,7.471676611772956,12501062.853158312,2.0,14.442258469659691,0.8173537712690175,0.0,0.0,25.186209037029457,995991.0,0.9801314235174732,1.0901209037552126,1.200110383992952,3.85078812057902,2.2355863707938615,1.129811198284912,0.18951448868229362,South West
110,2020-12-23,8732.769811697495,124.22550002961874,11.510833551972002,1.2530429542961556,7.471676611772956,12501062.853158312,2.0,19.09226969231378,0.7922712153021463,0.0,0.0,25.12427695966463,995991.0,1.000122648881058,1.100122648881058,1.2001226488810577,3.9411520126802735,2.0942107535332246,1.061106774013303,0.09796595885851345,South West
111,2020-12-24,9087.172959063126,120.62138025630468,13.965364535911327,1.3238111527673635,7.471676611772956,12501062.853158312,2.0,18.44650659584716,0.7922712153021463,0.0,0.0,25.22175784147218,995991.0,1.0063649833259918,1.1126116959002854,1.2188584084745788,3.958428794196665,2.0814242937441785,1.1450522765116733,0.12182603558654122,South West
112,2020-12-25,9441.576106428756,117.0172604829906,16.41989551985065,1.3945793512385714,7.471676611772956,12501062.853158312,2.0,17.800743499380545,0.7922712153021463,0.0,0.0,25.319238723279724,995991.0,1.0126073177709256,1.125100742919513,1.2375941680680997,3.975044498237638,2.0682499265293823,1.2153703893670582,0.14444323055946617,South West
113,2020-12-26,9795.979253794387,113.41314070967653,18.874426503789977,1.4653475497097792,7.471676611772956,12501062.853158312,2.0,17.154980402913925,0.7922712153021463,0.0,0.0,25.416719605087273,995991.0,1.0188496522158597,1.1375897899387404,1.2563299276616209,3.99104785669235,2.0546633773705425,1.2758737645384028,0.16594064245119,South West
114,2020-12-27,10150.382401160017,109.80902093636244,21.328957487729298,1.536115748180987,7.471676611772956,12501062.853158312,2.0,16.509217306447304,0.7922712153021463,0.0,0.0,25.514200486894822,995991.0,1.0250919866607935,1.150078836957968,1.275065687255142,4.006482403981775,2.0406380193668587,1.3289696286143986,0.18642394154336958,South West
115,2020-12-28,10504.785548525648,106.20490116304838,23.783488471668626,1.6068839466521947,7.471676611772956,12501062.853158312,2.0,15.863454209980688,0.7922712153021463,0.0,0.0,25.61168136870237,995991.0,1.0313343211057273,1.1625678839771953,1.293801446848663,4.021387190864522,2.0261445591084613,1.376275555618314,0.20598451201625548,South West
116,2020-12-29,10859.188695891278,102.6007813897343,26.238019455607947,1.6776521451234025,7.471676611772956,12501062.853158312,2.0,15.217691113514068,0.7922712153021463,0.0,0.0,25.709162250509916,995991.0,1.0375766555506614,1.175056930996423,1.312537206442184,4.035797379759337,2.0111506682997504,1.418931049759907,0.22470191649603277,South West
117,2020-12-30,11213.591843256909,98.99666161642023,28.692550439547272,1.7484203435946104,7.471676611772956,12501062.853158312,2.0,14.57192801704745,0.7922712153021463,0.0,0.0,25.806643132317465,995991.0,1.0438189899955952,1.1875459780156503,1.3312729660357052,4.049744744428141,1.9956205494863095,1.4577691537737782,0.24264585104312464,South West
118,2020-12-31,11787.849614313116,113.71885085383575,25.472335552391637,1.7711533632803698,7.452658210490613,11910282.84054688,2.0,19.407773527353868,0.6738725007122415,0.11530212647720267,0.0,29.182461321802577,804576.75,1.050061324440529,1.200035025034878,1.3500087256292264,4.071434586620492,2.0558324624292417,1.4060687671470935,0.24825616815939644,South West
119,2021-01-01,12362.107385369325,128.44104009125127,22.252120665236003,1.7938863829661291,7.4336398092082705,11319502.827935446,2.0,24.24361903766028,0.5554737861223367,0.23060425295440534,0.0,32.558279511287694,613162.5,1.0563036588854628,1.2125240720541053,1.3687444852227473,4.092092511838785,2.1087038137432828,1.3473714062977347,0.2537949332379385,South West
120,2021-01-02,12936.365156425534,143.16322932866677,19.031905778080368,1.8166194026518883,7.414621407925928,10728722.815324014,2.0,29.0794645479667,0.43707507153243175,0.345906379431608,0.0,35.93409770077281,421748.25,1.0625459933303967,1.2250131190733327,1.3874802448162684,4.111812265956973,2.1558314861960493,1.2794822789576954,0.25926394841872313,South West
121,2021-01-03,13510.622927481741,157.8854185660823,15.811690890924734,1.8393524223376476,7.395603006643585,10137942.802712582,2.0,33.915310058273114,0.31867635694252694,0.4612085059088107,0.0,39.30991589025792,230334.0,1.0687883277753307,1.2375021660925603,1.4062160044097896,4.130675373280444,2.1983420227967456,1.1989783155572293,0.2646649486033991,South West
122,2021-01-04,4540.942098458727,186.91299973599527,19.68620532668619,2.477886157010287,7.399357684451401,9357309.393145867,2.0,2.465071939025559,0.44012443898993214,0.0,0.0,49.00932234027119,280298.0,1.0750306622202646,1.2499912131117876,1.4249517640033105,3.657145964248426,2.271639507463774,1.2941620104751554,0.3940813494500625,South West
123,2021-01-05,3876.466918945319,390.0,32.0,2.900000035762787,7.416666746139526,5758590.0,2.0,1.9758043289184588,1.0,0.0,0.0,26.883333333333333,49964.0,1.0812729966651984,1.2624802601310152,1.4436875235968316,3.5884360821322243,2.591064607026499,1.505149978319906,0.4623980032546736,South West
124,2021-01-06,4476.929636400524,347.1836351934907,28.67277013547311,2.865365672487407,7.471676611772956,12501062.853158312,2.0,2.831416900377695,0.7922712153021463,0.0,0.0,25.99900091132015,995991.0,1.0875153311101324,1.2749693071502426,1.4624232831903528,3.650980268660166,2.5405592461338826,1.4574696530592657,0.4571800536714885,South West
125,2021-01-07,4476.929636400524,250.11292069908262,31.15589297008193,2.9980308606604202,7.471676611772956,12501062.853158312,2.0,2.831416900377695,0.8173537712690175,0.0,0.0,25.549553761027962,995991.0,1.0937576655550663,1.2874583541694702,1.4811590427838737,3.650980268660166,2.398136127729586,1.4935402032371108,0.47683609900777346,South West
126,2021-01-08,4476.929636400524,153.04220620467453,33.63901580469075,3.130696048833434,7.471676611772956,12501062.853158312,2.0,2.831416900377695,0.8424363272358887,0.0,0.0,25.100106610735775,995991.0,1.1,1.2999474011886976,1.4998948023773948,3.650980268660166,2.1848112177067063,1.5268432809176509,0.49564090513777803,South West
127,2021-01-09,4757.88776979723,133.27523865149232,27.027228443726358,2.6053526200937123,7.38583840125391,10962175.520199323,2.0,2.71118027287138,0.42121816361794434,0.0,0.0,23.894029252487233,576461.5,1.1142681930169918,1.3070727370628321,1.4998772811086722,3.6774141935792177,2.124749468874236,1.431801512464905,0.4158665109741414,South West
128,2021-01-10,5038.8459031939365,113.50827109831009,20.415441082761962,2.0800091913539904,7.300000190734863,9423288.187240334,2.0,2.5909436453650647,0.0,0.0,0.0,22.68795189423869,156932.0,1.1285363860339834,1.3141980729369667,1.4998597598399497,3.7023310770666518,2.0550275087668353,1.309958767444919,0.31806525407117486,South West
129,2021-01-11,15936.343845818697,304.2034846785557,23.316072021904947,2.399676150301601,7.474581933636401,2914287384.22867,2.0,24.891838681972168,0.7565249194790423,0.11229277811309825,0.0,25.733824598381798,946027.0,1.142804579050975,1.3213234088111012,1.4998422385712271,4.2023886916074025,2.483164184628222,1.3676553881582834,0.3801526352003374,South West
130,2021-01-12,13379.479701165263,322.49446175140105,27.13258095680527,2.817421822723212,7.4731292727046785,2841334047.966173,2.0,20.156256818831427,0.41511118628423893,0.10947618822140101,0.0,25.63236322528695,971009.0,1.157072772067967,1.328448744685236,1.4998247173025046,4.126439224993358,2.5085222608272293,1.4334911075096575,0.44985187416589534,South West
131,2021-01-13,10822.615556511826,340.7854388242464,30.94908989170559,3.2351674951448235,7.471676611772956,2768380711.703676,2.0,15.420674955690684,0.07369745308943555,0.10665959832970379,0.0,25.530901852192105,995991.0,1.1713409650849587,1.3355740805593705,1.499807196033782,4.034332231610398,2.532481029834741,1.4906478824087475,0.5098967704248303,South West
132,2021-01-14,11251.289715639821,320.52150537700584,25.19482512813089,2.6794495325434773,7.4731292727046785,2841334047.966173,2.0,24.803803506771743,0.45390606211759255,0.10947618822140101,0.0,25.63047546204129,971009.0,1.1856091581019503,1.342699416433505,1.4997896747650594,4.051202307716874,2.505857173802529,1.4013113483575403,0.4280455815161141,South West
133,2021-01-15,11679.963874767816,300.2575719297652,19.44056036455619,2.123731569942131,7.474581933636401,2914287384.22867,2.0,34.1869320578528,0.8341146711457496,0.11229277811309825,0.0,25.730049071890477,946027.0,1.199877351118942,1.3498247523076397,1.4997721534963369,4.067441499538944,2.4774939683009216,1.2887087790947394,0.3270996230214628,South West
134,2021-01-16,19386.397492438344,265.7732506236998,17.600609919358924,1.8803050866332738,7.4731292727046785,2841334047.966173,2.0,36.51373934303339,0.8382754991908191,0.4154332701629045,0.0,26.04278176467522,971009.0,1.157020208261799,1.3069751235663971,1.4569300388709947,4.287497113126491,2.424511268212742,1.2455277178154207,0.2742283209081722,South West
135,2021-01-17,27092.83111010887,231.2889293176344,15.760659474161656,1.6368786033244165,7.471676611772956,2768380711.703676,2.0,38.84054662821398,0.8424363272358887,0.7185737622127107,0.0,26.35551445745996,995991.0,1.1141630654046564,1.2641254948251546,1.4140879242456525,4.432854389723258,2.364154845691818,1.1975743857421932,0.21401647179966288,South West
136,2021-01-18,5602.516244025065,236.5298381210272,22.347280055875075,2.1816119218224483,7.471676611772956,12501062.853158312,2.0,17.642839767110075,0.8424363272358887,0.0,0.0,25.721990443019404,995991.0,1.0713059225475134,1.221275866083912,1.3712458096203104,3.7483831244092802,2.3738859345618724,1.3492246716018033,0.33877749822269915,South West
137,2021-01-19,5222.555561180677,229.793143713146,18.113273827553705,1.7579784424567961,7.471676611772956,12501062.853158312,2.0,14.284636048076631,0.8173537712690175,0.0,0.0,25.374231786900353,995991.0,1.0284487796903707,1.1784262373426697,1.3284036949949685,3.7178830690038676,2.361337066597835,1.2579969526190635,0.24501354515216708,South West
138,2021-01-20,4842.594878336288,223.0564493052648,13.879267599232339,1.3343449630911437,7.471676611772956,12501062.853158312,2.0,10.926432329043186,0.7922712153021463,0.0,0.0,25.026473130781298,995991.0,0.9855916368332278,1.1355766086014272,1.2855615803696263,3.685078138370858,2.3484147846598886,1.142366549259746,0.12526812058476755,South West
139,2021-01-21,3463.201061029765,202.74927383881982,12.258209052910615,1.1680305372821018,7.471676611772956,12501062.853158312,2.0,5.602189975914807,0.7922712153021463,0.0,0.0,25.716165591188407,995991.0,0.942734493976085,1.0927269798601846,1.2427194657442842,3.5394777058610316,2.3069593074288988,1.0884270235874183,0.06745419722821532,South West
140,2021-01-22,2083.807243723241,182.44209837237486,10.637150506588892,1.0017161114730602,7.471676611772956,12501062.853158312,2.0,0.27794762278642865,0.7922712153021463,0.0,0.0,26.405858051595516,995991.0,0.8998773511189422,1.049877351118942,1.199877351118942,3.318857543389945,2.261125058670318,1.0268253041804596,0.0007446589667801602,South West
141,2021-01-23,3172.51412421026,134.77423624644535,14.251760994701339,1.3144991151450278,7.471676611772956,12501062.853158312,2.0,5.2390817831754966,0.8173537712690175,0.0,0.0,26.431056011884984,995991.0,0.8856003974675891,1.0355960171504084,1.1855916368332278,3.5014035642743617,2.129606879399623,1.1538685305220377,0.11876029809718484,South West
142,2021-01-24,4261.221004697279,87.10637412051582,17.866371482813786,1.6272821188169952,7.471676611772956,12501062.853158312,2.0,10.200215943564563,0.8424363272358887,0.0,0.0,26.456253972174448,995991.0,0.8713234438162362,1.0213146831818747,1.1713059225475135,3.6295340591080967,1.940049936225569,1.2520363597243689,0.21146285227557352,South West
143,2021-01-25,5080.250939131613,126.67574405792823,19.061466418873263,1.8495442486179312,7.471676611772956,12501062.853158312,2.0,5.219800174248209,0.8424363272358887,0.0,0.0,26.40531380303637,995991.0,0.8570464901648831,1.0070333492133412,1.1570202082617993,3.705885164801348,2.102693463894648,1.2801563083236676,0.26706472586537555,South West
144,2021-01-26,6206.0566958620075,114.79021798389743,23.50652396470558,2.1396777257608353,7.471676611772956,12501062.853158312,2.0,5.670014398824659,0.8173537712690175,0.05332979916485189,0.0,26.027239946612635,995991.0,0.8427695365135301,0.9927520152448075,1.1427344939760848,3.7928157387936747,2.059904880600094,1.3711884124273737,0.3303483656559195,South West
145,2021-01-27,7331.8624525924015,102.90469190986666,27.951581510537892,2.4298112029037395,7.471676611772956,12501062.853158312,2.0,6.120228623401108,0.7922712153021463,0.10665959832970379,0.0,25.6491660901889,995991.0,0.8284925828621771,0.9784706812762738,1.1284487796903706,3.86521430890332,2.012435176746014,1.4464063854556604,0.38557253009111686,South West
146,2021-01-28,5610.521989991103,89.14094304064997,20.324203232323843,1.7857025093219248,7.471676611772956,12501062.853158312,2.0,5.367403307620174,0.8173537712690175,0.05332979916485189,0.0,25.535102040748022,995991.0,0.814215629210824,0.9641893473077401,1.1141630654046564,3.7490032688901573,1.95007722426647,1.3080135289973358,0.25180910890791286,South West
147,2021-01-29,3889.1815273898033,75.37719417143327,12.696824954109793,1.1415938157401098,7.471676611772956,12501062.853158312,2.0,4.6145779918392416,0.8424363272358887,0.0,0.0,25.42103799130715,995991.0,0.7999386755594711,0.9499080133392065,1.0998773511189421,3.5898582142978417,1.8772399673064346,1.1036951321918431,0.057511607446096735,South West
148,2021-01-30,3954.4451824012194,97.67076258721212,10.63676090119717,1.0417256628273195,7.471676611772956,12501062.853158312,2.0,4.769585949671757,0.8173537712690175,0.0,0.0,25.48627757011191,995991.0,0.7856529612737567,0.9284882025449963,1.0713234438162362,3.5970855596101723,1.9897645785872669,1.026809397047209,0.01775336310266474,South West
149,2021-01-31,4019.708837412636,119.96433100299099,8.576696848284548,0.9418575099145292,7.471676611772956,12501062.853158312,2.0,4.924593907504273,0.7922712153021463,0.0,0.0,25.55151714891667,995991.0,0.7713672469880425,0.9070683917507862,1.04276953651353,3.6041945966455264,2.0790521364535,0.9333200597868798,-0.02601479501880766,South West
150,2021-02-01,16449.331262630847,143.5019452987025,13.593165763876483,1.4771521215771501,7.471676611772956,11799849.37594416,2.0,13.611498917981615,0.8424363272358887,0.7185737622127107,0.0,26.0001850083652,995991.0,0.7570815327023281,0.8856485809565761,1.0142156292108242,4.216148246671842,2.156857788364547,1.1333206129996285,0.16942522256963577,South West
151,2021-02-02,9249.208797884428,183.27906376664046,16.796221021338432,1.25194718302438,7.471676611772956,11799849.37594416,2.0,8.195303406870687,0.4831494461295333,0.35928688110635537,0.0,25.528857908019916,995991.0,0.7427958184166139,0.864228770162366,0.9856617219081182,3.9661045836137023,2.2631128577067647,1.2252115808811264,0.0975860073049932,South West
152,2021-02-03,2049.0863331380096,223.05618223457842,19.99927627880038,1.0267422444716099,7.471676611772956,11799849.37594416,2.0,2.779107895759759,0.12386256502317793,0.0,0.0,25.057530807674635,995991.0,0.7285101041308996,0.8428089593681558,0.9571078146054122,3.3115602567006452,2.3484142646686705,1.3010142799734634,0.011461431081662893,South West
153,2021-02-04,5371.753559937522,186.07659245304419,19.40778349655323,1.3645950898625285,7.481925190073214,12456846.093307681,2.0,4.352910414369649,0.5334404215031586,0.0,0.0,26.14696757056636,942875.0,0.7142243898451852,0.8213891485739457,0.9285539073027061,3.7301160803156894,2.269691744394316,1.287975938779263,0.13500380425192948,South West
154,2021-02-05,8694.420786737035,149.09700267150996,18.816290714306074,1.7024479352534472,7.492173768373473,13113842.810671205,2.0,5.92671293297954,0.9430182779831393,0.0,0.0,27.23640433345809,889759.0,0.699938675559471,0.7999693377797356,0.9000000000000001,3.9392406550560706,2.1734689128271865,1.2745340143579704,0.2310738390706491,South West
155,2021-02-06,8546.983792506337,124.38788542657508,20.03365481721051,1.891080367329752,7.481925190073214,12456846.093307681,2.0,6.18846317586802,0.5334404215031586,0.0,0.0,26.446242722985744,942875.0,0.699938675559471,0.7999693377797356,0.9000000000000001,3.9318128804150025,2.094778084948139,1.3017601865453214,0.27670998592921137,South West
156,2021-02-07,8399.54679827564,99.6787681816402,21.251018920114948,2.079712799406057,7.471676611772956,11799849.37594416,2.0,6.4502134187565,0.12386256502317793,0.0,0.0,25.656081112513398,995991.0,0.699938675559471,0.7999693377797356,0.9000000000000001,3.9242558541192833,1.9986026623887108,1.3273797579522,0.3180033646526167,South West
157,2021-02-08,2701.395878108761,104.01338566312346,20.629882202585293,2.124960436878804,7.471676611772956,12501062.853158312,2.0,7.175420408467377,0.8424363272358887,0.05016511193374237,0.0,25.5000851747991,995991.0,0.699938675559471,0.7999693377797356,0.9000000000000001,3.4315882328656775,2.017089233006011,1.3144967481421652,0.32735084864272024,South West
158,2021-02-09,4064.8699343573962,241.4616487498381,25.25566395923012,2.4892548852299594,7.471676611772956,12501062.853158312,2.0,6.899989858375871,0.7805050447242997,0.05016511193374237,0.0,26.37195531050649,995991.0,0.699938675559471,0.7999693377797356,0.9000000000000001,3.60904665381826,2.3828481617584996,1.4023587903910124,0.3960693681157935,South West
159,2021-02-10,5428.343990606032,378.9099118365528,29.881445715874943,2.8535493335811144,7.471676611772956,12501062.853158312,2.0,6.624559308284365,0.7185737622127107,0.05016511193374237,0.0,27.24382544621388,995991.0,0.699938675559471,0.7999693377797356,0.9000000000000001,3.7346673608168173,2.5785359660551928,1.4754016055676589,0.45538538524903643,South West
