,date,weighted_avg_sars_cov2,gene_copies_per_day,regional_pop,avg_r_lower,avg_r_avg,avg_r_upper,suspended_solids_mg_l,ammonia_mg_l,ophosph_mg_l,sample_ph_pre_ansis,control_gc_l_mean,reac_vol_control,raw_ansis_sars_repc_std,compo_frac,sars_below_lod,sars_below_loq,reception_delay,log_weighted_avg,log_gc_per_day,region
0,2020-09-04,4666.733305244317,18288980197451.438,9797528.057205936,0.8,0.9000291149564743,1.0000582299129483,415.71304608801466,47.19745177305459,4.9967388890046855,7.516495642229984,6619944.492091784,2.0,3.9983769126799182,0.0,0.0,0.0,19.17414924375461,3.6690129825071307,13.262189489677223,west midlands
1,2020-09-05,5747.314055461171,22523788284781.94,9797528.057205936,0.8142969501842778,0.9143260651407521,1.0143551800972261,405.8159136456345,47.73894568845134,5.125666660454911,7.516495642229984,6619944.492091784,2.0,4.402828046979299,0.0,0.0,0.0,19.167604009603004,3.759464929311742,13.352641436481834,west midlands
2,2020-09-06,6827.894805678025,26758596372112.445,9797528.057205936,0.8285939003685556,0.9286230153250299,1.0286521302815042,395.9187812032544,48.28043960384809,5.2545944319051365,7.516495642229984,6619944.492091784,2.0,4.80727918127868,0.0,0.0,0.0,19.161058775451394,3.8342868215133628,13.427463328683455,west midlands
3,2020-09-07,7908.475555894877,30993404459442.953,9797528.057205936,0.8428908505528334,0.9429199655093077,1.042949080465782,386.02164876087426,48.82193351924484,5.383522203355362,7.516495642229984,6619944.492091784,2.0,5.211730315578061,0.0,0.0,0.0,19.15451354129979,3.8980927766116955,13.491269283781788,west midlands
4,2020-09-08,8989.056306111732,35228212546773.45,9797528.057205936,0.8571878007371112,0.9572169156935855,1.0572460306500597,376.12451631849416,49.363427434641586,5.512449974805588,7.516495642229984,6619944.492091784,2.0,5.616181449877441,0.0,0.0,0.0,19.147968307148183,3.953714100792116,13.546890607962208,west midlands
5,2020-09-09,10069.637056328585,39463020634103.96,9797528.057205936,0.871484750921389,0.9715138658778633,1.0715429808343375,366.227383876114,49.904921350038336,5.641377746255814,7.516495642229984,6619944.492091784,2.0,6.0206325841768225,0.0,0.0,0.0,19.141423072996577,4.003013817398269,13.596190324568362,west midlands
6,2020-09-10,11150.217806545437,43697828721434.47,9797528.057205936,0.8857817011056668,0.985810816062141,1.0858399310186155,356.3302514337339,50.446415265435085,5.770305517706039,7.516495642229984,6619944.492091784,2.0,6.425083718476204,0.0,0.0,0.0,19.134877838844968,4.04728335090498,13.640459858075072,west midlands
7,2020-09-11,12230.79855676229,47932636808764.97,9797528.057205936,0.9000786512899446,1.0001077662464188,1.1001368812028933,346.43311899135375,50.987909180831835,5.899233289156265,7.516495642229984,6619944.492091784,2.0,6.829534852775584,0.0,0.0,0.0,19.128332604693362,4.087454813330106,13.680631320500197,west midlands
8,2020-09-12,22981.38973609618,92754722189584.7,9874409.803779304,0.9428969493363879,1.0500813992742082,1.157265849212029,354.0429485365587,51.40969146379266,6.13709010602715,7.514564941779909,6361365.959462388,2.0,5.898824464378821,0.0,0.13859894011125953,0.0,19.023199803963692,4.361376287906155,13.96733602900055,west midlands
9,2020-09-13,33731.98091543006,137576807570404.44,9951291.550352672,0.9857152473828311,1.1000550323019977,1.2143948172211643,361.6527780817636,51.831473746753495,6.374946922898036,7.512634241329835,6102787.426832992,2.0,4.968114075982058,0.0,0.27719788022251907,0.0,18.91806700323402,4.5280418459439975,14.13854522755403,west midlands
10,2020-09-14,44482.57209476395,182398892951224.2,10028173.29692604,1.0285335454292746,1.150028665329787,1.2715237852302999,369.26260762696853,52.25325602971432,6.612803739768921,7.51070354087976,5844208.894203596,2.0,4.037403687585294,0.0,0.4157968203337786,0.0,18.81293420250435,4.648189891304825,14.261022198100767,west midlands
11,2020-09-15,55233.16327409783,227220978332043.9,10105055.043499408,1.0713518434757177,1.2000022983575764,1.3286527532394352,376.8724371721735,52.67503831267515,6.850660556639807,7.508772840429686,5585630.361574199,2.0,3.1066932991885308,0.0,0.5543957604450381,0.0,18.707801401774685,4.742199916537913,14.356448425424782,west midlands
12,2020-09-16,65983.75445343173,272043063712863.66,10181936.790072776,1.114170141522161,1.2499759313853658,1.3857817212485708,384.4822667173784,53.096820595635975,7.088517373510692,7.506842139979612,5327051.828944803,2.0,2.1759829107917676,0.0,0.6929947005562976,0.0,18.602668601045014,4.8194370231223065,14.434637657168476,west midlands
13,2020-09-17,76734.3456327656,316865149093683.4,10258818.536646144,1.1569884395686043,1.2999495644131553,1.4429106892577064,392.0920962625833,53.51860287859681,7.3263741903815776,7.504911439529537,5068473.296315407,2.0,1.2452725223950036,0.0,0.8315936406675573,0.0,18.497535800315344,4.884989793937589,14.500874475262796,west midlands
14,2020-09-18,87484.93681209949,361687234474503.1,10335700.283219513,1.1998067376150476,1.3499231974409447,1.5000396572668417,399.70192580778826,53.940385161557636,7.564231007252463,7.5029807390794625,4809894.763686011,2.0,0.31456213399824007,0.0,0.9701925807788166,0.0,18.392402999585673,4.94193328247897,14.558333180879075,west midlands
15,2020-09-19,80443.33000419642,331400700470816.1,10258818.536646144,1.1998207214978749,1.3499205442057864,1.5000203669136982,398.47694118952364,53.35026801424933,7.367511776523449,7.50300061224007,5068473.296315406,2.0,3.604812423741246,0.0,0.9699938489832088,0.0,18.517974828351335,4.905490040200607,14.520353422038323,west midlands
16,2020-09-20,73401.72319629336,301114166467129.06,10181936.790072776,1.199834705380702,1.3499178909706284,1.500001076560555,397.251956571259,52.76015086694103,7.170792545794435,7.503020485400679,5327051.828944803,2.0,6.895062713484252,0.0,0.969795117187601,0.0,18.643546657117,4.865706255636192,14.478731188172254,west midlands
17,2020-09-21,66360.11638839029,270827632463442.06,10105055.043499408,1.1998486892635292,1.3499152377354702,1.4999817862074114,396.02697195299436,52.17003371963273,6.974073315065421,7.503040358561287,5585630.361574199,2.0,10.185313003227257,0.0,0.9695963853919932,0.0,18.76911848588266,4.821907139058039,14.432692973211642,west midlands
18,2020-09-22,59318.509580487225,240541098459755.03,10028173.29692604,1.1998626731463562,1.3499125845003122,1.499962495854268,394.80198733472974,51.57991657232443,6.777354084336407,7.503060231721895,5844208.894203596,2.0,13.475563292970264,0.0,0.9693976535963853,0.0,18.894690314648322,4.773190230537367,14.381189289896495,west midlands
19,2020-09-23,52276.902772584166,210254564456068.0,9951291.550352672,1.1998766570291834,1.349909931265154,1.4999432055011246,393.57700271646513,50.98979942501612,6.580634853607393,7.503080104882502,6102787.426832992,2.0,16.76581358271327,0.0,0.9691989218007775,0.0,19.020262143413984,4.7183098492103115,14.322745432753258,west midlands
20,2020-09-24,45235.2959646811,179968030452381.0,9874409.803779304,1.1998906409120105,1.3499072780299959,1.4999239151479813,392.35201809820046,50.399682277707825,6.383915622878378,7.503099978043111,6361365.9594623875,2.0,20.056063872456274,0.0,0.9690001900051697,0.0,19.14583397217965,4.65547743615614,14.255195363818626,west midlands
21,2020-09-25,38193.68915677803,149681496448693.97,9797528.057205936,1.1999046247948377,1.3499046247948376,1.4999046247948378,391.12703347993585,49.80956513039952,6.187196392149365,7.503119851203719,6619944.492091784,2.0,23.34631416219928,0.0,0.9688014582095619,0.0,19.27140580094531,4.581991609225666,14.175168116395758,west midlands
22,2020-09-26,33815.67925819856,132524026522270.88,9797528.057205936,1.1999072780299957,1.3499072780299959,1.499907278029996,378.879536913448,47.874986694006516,5.878414854801962,7.505030678493186,6619944.492091784,2.0,24.400457547834367,0.0,0.8304012498939102,0.0,19.301679278247683,4.529118115556263,14.122294622726354,west midlands
23,2020-09-27,29437.66935961908,115366556595847.8,9797528.057205936,1.199909931265154,1.349909931265154,1.499909931265154,366.6320403469602,45.940408257613505,5.569633317454559,7.506941505782652,6619944.492091784,2.0,25.454600933469454,0.0,0.6920010415782585,0.0,19.33195275555006,4.468903423045759,14.062079930215852,west midlands
24,2020-09-28,25059.65946103961,98209086669424.7,9797528.057205936,1.199912584500312,1.3499125845003122,1.4999125845003123,354.38454378047237,44.0058298212205,5.260851780107156,7.508852333072118,6619944.492091784,2.0,26.50874431910454,0.0,0.5536008332626068,0.0,19.362226232852432,4.398975165014227,13.992151672184319,west midlands
25,2020-09-29,20681.649562460134,81051616743001.62,9797528.057205936,1.1999152377354703,1.3499152377354702,1.4999152377354703,342.13704721398454,42.07125138482749,4.9520702427597545,7.510763160361584,6619944.492091784,2.0,27.562887704739627,0.0,0.4152006249469551,0.0,19.392499710154805,4.315585175007179,13.908761682177271,west midlands
26,2020-09-30,16303.639663880658,63894146816578.53,9797528.057205936,1.1999178909706283,1.3499178909706284,1.4999178909706286,329.8895506474967,40.13667294843449,4.643288705412351,7.512673987651051,6619944.492091784,2.0,28.617031090374713,0.0,0.2768004166313034,0.0,19.422773187457178,4.212284568176237,13.80546107534633,west midlands
27,2020-10-01,11925.629765301186,46736676890155.44,9797528.057205936,1.1999205442057865,1.3499205442057864,1.4999205442057866,317.6420540810089,38.202094512041484,4.334507168064949,7.514584814940517,6619944.492091784,2.0,29.6711744760098,0.0,0.1384002083156517,0.0,19.453046664759555,4.076481322418527,13.669657829588619,west midlands
28,2020-10-02,7547.619866721712,29579206963732.36,9797528.057205936,1.1999231974409446,1.3499231974409447,1.4999231974409448,305.39455751452107,36.26751607564847,4.025725630717546,7.516495642229984,6619944.492091784,2.0,30.725317861644886,0.0,0.0,0.0,19.483320142061928,3.8778100189515023,13.470986526121594,west midlands
29,2020-10-03,14566.16357204111,57084958513169.516,9797528.057205936,1.199942487794088,1.3499390155106576,1.4999355432272274,301.6902637506315,35.87759126904876,4.070428709371834,7.516495642229984,6619944.492091784,2.0,28.473872670758844,0.0,0.0,0.0,19.408005338664037,4.1633451825944965,13.756521689764588,west midlands
30,2020-10-04,21584.707277360507,84590710062606.69,9797528.057205936,1.1999617781472314,1.3499548335803706,1.49994788901351,297.985969986742,35.48766646244904,4.115131788026121,7.516495642229984,6619944.492091784,2.0,26.222427479872803,0.0,0.0,0.0,19.332690535266146,4.334146163314775,13.927322670484868,west midlands
31,2020-10-05,28603.250982679907,112096461612043.84,9797528.057205936,1.199981068500375,1.3499706516500836,1.4999602347997927,294.28167622285247,35.097741655849326,4.159834866680408,7.516495642229984,6619944.492091784,2.0,23.97098228898676,0.0,0.0,0.0,19.257375731868255,4.456415396891273,14.049591904061366,west midlands
32,2020-10-06,35621.7946879993,139602213161481.0,9797528.057205936,1.2000003588535182,1.3499864697197967,1.499972580586075,290.577382458963,34.70781684924962,4.204537945334696,7.516495642229984,6619944.492091784,2.0,21.719537098100723,0.0,0.0,0.0,19.182060928470364,4.551715796190115,14.144892303360207,west midlands
33,2020-10-07,42640.3383933187,167107964710918.16,9797528.057205936,1.2000196492066617,1.3500022877895097,1.4999849263723577,286.8730886950734,34.3178920426499,4.249241023988984,7.516495642229984,6619944.492091784,2.0,19.468091907214678,0.0,0.0,0.0,19.106746125072473,4.629820642589057,14.222997149759149,west midlands
34,2020-10-08,49658.882098638096,194613716260355.3,9797528.057205936,1.200038939559805,1.3500181058592227,1.4999972721586403,283.1687949311839,33.927967236050186,4.2939441026432705,7.516495642229984,6619944.492091784,2.0,17.21664671632864,0.0,0.0,0.0,19.03143132167458,4.695996938660804,14.289173445830897,west midlands
35,2020-10-09,56677.42580395749,222119467809792.47,9797528.057205936,1.2000582299129485,1.3500339239289356,1.500009617944923,279.4645011672944,33.53804242945047,4.338647181297558,7.516495642229984,6619944.492091784,2.0,14.965201525442597,0.0,0.0,0.0,18.95611651827669,4.753410117077819,14.346586624247912,west midlands
36,2020-10-10,49723.81566726111,195114279500928.4,9874409.803779304,1.2000651744798094,1.3500408684957965,1.5000165625117838,285.25528671482374,34.49524484721033,4.520969528861215,7.514564941779909,6361365.959462388,2.0,13.04484723146503,0.0,0.0,0.0,18.98234199334553,4.696564447798512,14.290289054538148,west midlands
37,2020-10-11,42770.20553056472,168109091192064.34,9951291.550352672,1.20007211904667,1.3500478130626572,1.5000235070786445,291.0460722623531,35.45244726497018,4.703291876424873,7.512634241329835,6102787.426832992,2.0,11.124492937487462,0.0,0.0,0.0,19.00856746841437,4.631141337247123,14.225591200338854,west midlands
38,2020-10-12,35816.595393868345,141103902883200.3,10028173.29692604,1.200079063613531,1.350054757629518,1.5000304516455054,296.8368578098825,36.40964968273004,4.88561422398853,7.51070354087976,5844208.894203596,2.0,9.204138643509896,0.0,0.0,0.0,19.034792943483207,4.554084300889638,14.14953902634964,west midlands
39,2020-10-13,28862.98525717196,114098714574336.23,10105055.043499408,1.2000860081803917,1.350061702196379,1.500037396212366,302.6276433574119,37.3668521004899,5.067936571552188,7.508772840429686,5585630.361574199,2.0,7.283784349532328,0.0,0.0,0.0,19.06101841855205,4.460341247535991,14.057280751723935,west midlands
40,2020-10-14,21909.375120475575,87093526265472.17,10181936.790072776,1.2000929527472526,1.35006864676324,1.500044340779227,308.41842890494127,38.32405451824976,5.250258919115845,7.506842139979612,5327051.828944803,2.0,5.363430055554762,0.0,0.0,0.0,19.087243893620887,4.340629991180088,13.939985874735894,west midlands
41,2020-10-15,14955.764983779198,60088337956608.125,10258818.536646144,1.2000998973141133,1.3500755913301006,1.5000512853460877,314.20921445247063,39.28125693600961,5.432581266679502,7.504911439529537,5068473.296315407,2.0,3.4430757615771945,0.0,0.0,0.0,19.113469368689728,4.174808631993697,13.778790191594261,west midlands
42,2020-10-16,8002.154847082809,33083149647744.074,10335700.283219513,1.2001068418809742,1.3500825358969615,1.5000582299129486,320.0,40.23845935376947,5.61490361424316,7.5029807390794625,4809894.763686011,2.0,1.522721467599628,0.0,0.0,0.0,19.139694843758566,3.903206951014853,13.519606849414957,west midlands
43,2020-10-17,10435.631092923826,42373882509414.98,10258818.536646144,1.1858251548225498,1.3286669498761858,1.4715087449298214,317.4867730485903,40.07936432711123,5.443810368160011,7.504911439529537,5068473.296315406,2.0,14.47474433660753,0.0,0.1384002083156517,0.0,19.276241206036698,4.018518718076772,13.627098258080895,west midlands
44,2020-10-18,12869.107338764843,51664615371085.88,10181936.790072776,1.1715434677641257,1.3072513638554102,1.4429592599466945,314.97354609718053,39.92026930045298,5.2727171220768625,7.506842139979612,5327051.828944803,2.0,27.426767205615434,0.0,0.2768004166313034,0.0,19.412787568314826,4.109548423260727,13.713193200533789,west midlands
45,2020-10-19,15302.583584605858,60955348232756.78,10105055.043499408,1.1572617807057013,1.2858357778346345,1.4144097749635673,312.4603191457708,39.76117427379474,5.101623875993713,7.508772840429686,5585630.361574199,2.0,40.37879007462334,0.0,0.4152006249469551,0.0,19.549333930592958,4.184764760347925,13.785011816698844,west midlands
46,2020-10-20,17736.059830446873,70246081094427.69,10028173.29692604,1.142980093647277,1.2644201918138587,1.3858602899804404,309.9470921943611,39.60207924713649,4.930530629910564,7.51070354087976,5844208.894203596,2.0,53.330812943631244,0.0,0.5536008332626068,0.0,19.685880292871087,4.248857145148668,13.84662210072603,west midlands
47,2020-10-21,20169.53607628789,79536813956098.6,9951291.550352672,1.1286984065888526,1.243004605793083,1.3573108049973133,307.4338652429514,39.442984220478245,4.759437383827414,7.512634241329835,6102787.426832992,2.0,66.28283581263914,0.0,0.6920010415782585,0.0,19.82242665514922,4.304695909029557,13.900568190258229,west midlands
48,2020-10-22,22603.012322128907,88827546817769.5,9874409.803779304,1.1144167195304284,1.2215890197723074,1.3287613200141863,304.92063829154165,39.283889193819995,4.588344137744266,7.514564941779909,6361365.9594623875,2.0,79.23485868164704,0.0,0.8304012498939102,0.0,19.958973017427347,4.354166321788979,13.948547668208056,west midlands
49,2020-10-23,25036.488567969925,98118279679440.4,9797528.057205936,1.100135032472004,1.2001734337515317,1.3002118350310592,302.40741134013194,39.12479416716175,4.417250891661117,7.516495642229984,6619944.492091784,2.0,92.18688155065495,0.0,0.9688014582095619,0.0,20.09551937970548,4.39857341788937,13.991749925059462,west midlands
50,2020-10-24,35669.32222386166,139788474107921.53,9797528.057205936,1.1143928737411695,1.214429948403118,1.3144670230650666,329.3504181051556,40.16001960375747,4.684133174448761,7.516495642229984,6619944.492091784,2.0,100.99114990823198,0.0,0.9732583927510531,0.0,19.909942433222692,4.552294857103046,14.145471364273138,west midlands
51,2020-10-25,46302.155879753394,181458668536402.66,9797528.057205936,1.1286507150103349,1.2286864630547045,1.328722211099074,356.29342487017925,41.19524504035318,4.951015457236405,7.516495642229984,6619944.492091784,2.0,109.795418265809,0.0,0.9777153272925442,0.0,19.72436548673991,4.665601212721688,14.25877771989178,west midlands
52,2020-10-26,56934.98953564512,223128862964883.78,9797528.057205936,1.1429085562795003,1.2429429777062908,1.3429773991330813,383.23643163520296,42.230470476948895,5.21789774002405,7.516495642229984,6619944.492091784,2.0,118.59968662338602,0.0,0.9821722618340354,0.0,19.538788540257123,4.755379245164877,14.34855575233497,west midlands
53,2020-10-27,67567.82319153685,264799057393364.9,9797528.057205936,1.157166397548666,1.2571994923578773,1.3572325871670887,410.17943840022656,43.265695913544604,5.484780022811694,7.516495642229984,6619944.492091784,2.0,127.40395498096305,0.0,0.9866291963755265,0.0,19.35321159377434,4.829739927639908,14.42291643481,west midlands
54,2020-10-28,78200.65684742859,306469251821846.0,9797528.057205936,1.1714242388178313,1.2714560070094636,1.371487775201096,437.12244516525027,44.30092135014032,5.751662305599338,7.516495642229984,6619944.492091784,2.0,136.20822333854008,0.0,0.9910861309170177,0.0,19.167634647291553,4.893210400937286,14.486386908107377,west midlands
55,2020-10-29,88833.49050332032,348139446250327.1,9797528.057205936,1.1856820800869967,1.28571252166105,1.3857429632351035,464.0654519302739,45.33614678673603,6.018544588386982,7.516495642229984,6619944.492091784,2.0,145.0124916961171,0.0,0.9955430654585088,0.0,18.98205770080877,4.9485767270256416,14.541753234195735,west midlands
56,2020-10-30,99466.32415921205,389809640678808.25,9797528.057205936,1.1999399213561621,1.2999690363126364,1.3999981512691109,491.0084586952976,46.37137222333175,6.285426871174627,7.516495642229984,6619944.492091784,2.0,153.81676005369414,0.0,1.0,0.0,18.796480754325984,4.997676068611596,14.590852575781687,west midlands
57,2020-10-31,105746.79205551241,414422864849361.9,9797528.057205936,1.1856694701963013,1.285692280207428,1.3857150902185547,473.12284290390437,46.644347648300865,6.3855734144775775,7.516495642229984,6619944.492091784,2.0,168.28120483540272,0.0,1.0,0.0,18.859355798878788,5.024267201449246,14.617443708619337,west midlands
58,2020-11-01,112027.2599518128,439036089019915.5,9797528.057205936,1.1713990190364405,1.2714155241022194,1.3714320291679984,455.2372271125111,46.91732307326999,6.485719957780528,7.516495642229984,6619944.492091784,2.0,182.74564961711127,0.0,1.0,0.0,18.92223084343159,5.049323713796433,14.642500220966525,west midlands
59,2020-11-02,118307.72784811317,463649313190469.1,9797528.057205936,1.1571285678765797,1.257138767997011,1.3571489681174422,437.3516113211179,47.19029849823911,6.585866501083479,7.516495642229984,6619944.492091784,2.0,197.21009439881985,0.0,1.0,0.0,18.985105887984393,5.073013113623518,14.666189620793611,west midlands
60,2020-11-03,124588.19574441355,488262537361022.75,9797528.057205936,1.142858116716719,1.2428620118918026,1.3428659070668862,419.4659955297247,47.463273923208234,6.686013044386429,7.516495642229984,6619944.492091784,2.0,211.6745391805284,0.0,1.0,0.0,19.047980932537197,5.095476896529284,14.688653403699377,west midlands
61,2020-11-04,130868.66364071392,512875761531576.4,9797528.057205936,1.1285876655568583,1.2285852557865942,1.32858284601633,401.58037973833143,47.73624934817735,6.786159587689379,7.516495642229984,6619944.492091784,2.0,226.13898396223698,0.0,1.0,0.0,19.11085597709,5.116835667657357,14.71001217482745,west midlands
62,2020-11-05,137149.1315370143,537488985702130.0,9797528.057205936,1.1143172143969975,1.2143084996813855,1.3142997849657738,383.6947639469382,48.00922477314648,6.88630613099233,7.516495642229984,6619944.492091784,2.0,240.60342874394553,0.0,1.0,0.0,19.1737310216428,5.137193061886763,14.730369569056856,west midlands
63,2020-11-06,143429.59943331467,562102209872683.6,9797528.057205936,1.1000467632371367,1.2000317435761771,1.3000167239152176,365.809148155545,48.282200198115596,6.986452674295281,7.516495642229984,6619944.492091784,2.0,255.0678735256541,0.0,1.0,0.0,19.236606066195606,5.156638785530114,14.749815292700207,west midlands
64,2020-11-07,127565.75718502075,500927489591127.9,9874409.803779304,1.100042471905434,1.2000295979103257,1.3000167239152176,361.7814707707965,45.96894620662245,6.533374244972172,7.514564941779909,6361365.959462388,2.0,222.14128114341776,0.0,0.9957417972541167,0.0,19.268496491405905,5.105734111207986,14.699774865289339,west midlands
65,2020-11-08,111701.91493672683,439752769309572.1,9951291.550352672,1.1000381805737312,1.2000274522444745,1.3000167239152176,357.75379338604796,43.6556922151293,6.080295815649063,7.512634241329835,6102787.426832992,2.0,189.21468876118138,0.0,0.9914835945082333,0.0,19.300386916616205,5.048060618409477,14.643208583074534,west midlands
66,2020-11-09,95838.0726884329,378578049028016.4,10028173.29692604,1.1000338892420285,1.200025306578623,1.3000167239152176,353.72611600129943,41.34243822363615,5.627217386325954,7.51070354087976,5844208.894203596,2.0,156.28809637894503,0.0,0.98722539176235,0.0,19.332277341826504,4.981538071435107,14.578155428797404,west midlands
67,2020-11-10,79974.23044013898,317403328746460.6,10105055.043499408,1.1000295979103258,1.2000231609127718,1.3000167239152176,349.69843861655096,39.029184232142995,5.174138957002845,7.508772840429686,5585630.361574199,2.0,123.36150399670868,0.0,0.9829671890164666,0.0,19.364167767036804,4.902950069735087,14.501611477077427,west midlands
68,2020-11-11,64110.388191845064,256228608464904.94,10181936.790072776,1.1000253065786232,1.2000210152469204,1.3000167239152176,345.67076123180243,36.715930240649854,4.721060527679736,7.506842139979612,5327051.828944803,2.0,90.43491161447233,0.0,0.9787089862705833,0.0,19.396058192247104,4.806928406568115,14.40862761801135,west midlands
69,2020-11-12,48246.545943551144,195053888183349.2,10258818.536646144,1.1000210152469203,1.2000188695810692,1.3000167239152176,341.6430838470539,34.4026762491567,4.267982098356628,7.504911439529537,5068473.296315407,2.0,57.50831923223595,0.0,0.9744507835246999,0.0,19.427948617457403,4.683466226874604,14.290154611913858,west midlands
70,2020-11-13,32382.703695257223,133879167901793.45,10335700.283219513,1.1000167239152177,1.2000167239152177,1.3000167239152176,337.6154064623054,32.08942225766355,3.8149036690335185,7.5029807390794625,4809894.763686011,2.0,24.581726849999626,0.0,0.9701925807788166,0.0,19.459839042667703,4.510313106026727,14.126713004426833,west midlands
71,2020-11-14,46155.0675188468,190817977770624.25,10335700.283219513,1.0857226910705107,1.1857268503500071,1.2857310096295034,346.1868350337339,34.34107092141077,3.9846289647543673,7.5029807390794625,4809894.763686011,2.0,44.943038642056244,0.0,0.9701925807788166,0.0,19.33495805647604,4.664219390619815,14.28061928901992,west midlands
72,2020-11-15,59927.43134243638,247756787639455.06,10335700.283219513,1.071428658225804,1.1714369767847965,1.271445295343789,354.75826360516254,36.59271958515799,4.154354260475216,7.5029807390794625,4809894.763686011,2.0,65.30435043411286,0.0,0.9701925807788166,0.0,19.210077070284377,4.777625663017471,14.394025561417576,west midlands
73,2020-11-16,73699.79516602596,304695597508285.8,10335700.283219513,1.057134625381097,1.157147103219586,1.2571595810580747,363.3296921765911,38.844368248905205,4.324079556196065,7.5029807390794625,4809894.763686011,2.0,85.66566222616947,0.0,0.9701925807788166,0.0,19.085196084092715,4.8674662808252895,14.483866179225394,west midlands
74,2020-11-17,87472.15898961553,361634407377116.6,10335700.283219513,1.04284059253639,1.1428572296543753,1.2428738667723604,371.90112074801965,41.09601691265243,4.493804851916915,7.5029807390794625,4809894.763686011,2.0,106.0269740182261,0.0,0.9701925807788166,0.0,18.960315097901052,4.941869845922938,14.558269744323043,west midlands
75,2020-11-18,101244.52281320511,418573217245947.44,10335700.283219513,1.028546559691683,1.1285673560891647,1.2285881524866462,380.4725493194482,43.34766557639965,4.663530147637764,7.5029807390794625,4809894.763686011,2.0,126.38828581028272,0.0,0.9701925807788166,0.0,18.83543411170939,5.005371537799371,14.621771436199476,west midlands
76,2020-11-19,115016.88663679469,475512027114778.2,10335700.283219513,1.0142525268469762,1.114277482523954,1.2143024382009318,389.0439778908768,45.59931424014687,4.833255443358612,7.5029807390794625,4809894.763686011,2.0,146.74959760233935,0.0,0.9701925807788166,0.0,18.710553125517727,5.0607616076126005,14.677161506012705,west midlands
77,2020-11-20,128789.25046038427,532450836983609.0,10335700.283219513,0.9999584940022692,1.0999876089587435,1.2000167239152175,397.6154064623054,47.850962903894086,5.002980739079462,7.5029807390794625,4809894.763686011,2.0,167.11090939439595,0.0,0.9701925807788166,0.0,18.585672139326064,5.109879615659181,14.726279514059286,west midlands
78,2020-11-21,117298.25987319465,483456898904269.44,10258818.536646144,0.9856727797165549,1.0856977353935329,1.1857226910705105,381.91513366076884,47.25688794365933,4.996295030457605,7.504911439529537,5068473.296315406,2.0,148.4421956463253,0.0,0.9699938489832088,0.0,18.625012169138014,5.069291569378317,14.684357761971425,west midlands
79,2020-11-22,105807.26928600503,434462960824929.9,10181936.790072776,0.9713870654308406,1.0714078618283223,1.1714286582258038,366.2148608592324,46.66281298342457,4.989609321835749,7.506842139979612,5327051.828944803,2.0,129.77348189825466,0.0,0.969795117187601,0.0,18.664352198949967,5.024515506095657,14.637952757551055,west midlands
80,2020-11-23,94316.27869881543,385469022745590.4,10105055.043499408,0.9571013511451263,1.0571179882631117,1.1571346253810968,350.51458805769585,46.068738023189816,4.9829236132138925,7.508772840429686,5585630.361574199,2.0,111.104768150184,0.0,0.9695963853919932,0.0,18.703692228761916,4.974586657094959,14.585989482798887,west midlands
81,2020-11-24,82825.2881116258,336475084666250.75,10028173.29692604,0.942815636859412,1.042828114697901,1.14284059253639,334.8143152561594,45.47466306295505,4.976237904592035,7.51070354087976,5844208.894203596,2.0,92.43605440211336,0.0,0.9693976535963853,0.0,18.743032258573866,4.918162955270226,14.526952911078348,west midlands
82,2020-11-25,71334.29752443619,287481146586911.25,9951291.550352672,0.9285299225736977,1.0285382411326904,1.128546559691683,319.11404245462285,44.880588102720296,4.969552195970179,7.512634241329835,6102787.426832992,2.0,73.76734065404271,0.0,0.9691989218007775,0.0,18.782372288385815,4.853298388817082,14.458609368323904,west midlands
83,2020-11-26,59843.30693724658,238487208507571.7,9874409.803779304,0.9142442082879834,1.0142483675674798,1.1142525268469763,303.4137696530863,44.28651314248554,4.962866487348323,7.514564941779909,6361365.9594623875,2.0,55.098626905972054,0.0,0.9690001900051697,0.0,18.82171231819777,4.777015584604328,14.377465090195606,west midlands
84,2020-11-27,48352.31635005696,189493270428232.12,9797528.057205936,0.8999584940022691,0.9999584940022692,1.0999584940022693,287.71349685154985,43.69243818225078,4.956180778726466,7.516495642229984,6619944.492091784,2.0,36.429913157901424,0.0,0.9688014582095619,0.0,18.861052348009718,4.684417284085028,14.277593791255121,west midlands
85,2020-11-28,41857.23469101043,164127747703799.88,9874409.803779304,0.8856687524892649,0.9785376861888309,1.071406619888397,282.15552633435027,43.29077134523143,4.959034104470934,7.514564941779909,6361365.959462388,2.0,32.784600017061415,0.0,0.8304012498939102,0.0,18.866776444169286,4.621770533173597,14.215182009791272,west midlands
86,2020-11-29,35362.15303196391,138762224979367.62,9951291.550352672,0.8713790109762607,0.9571168783753926,1.0428547457745245,276.59755581715063,42.889104508212064,4.961887430215401,7.512634241329835,6102787.426832992,2.0,29.139286876221405,0.0,0.6920010415782585,0.0,18.87250054032885,4.548538699254931,14.142271254909678,west midlands
87,2020-11-30,28867.071372917388,113396702254935.39,10028173.29692604,0.8570892694632565,0.9356960705619543,1.0143028716606521,271.03958529995106,42.48743767119271,4.964740755959869,7.51070354087976,5844208.894203596,2.0,25.493973735381395,0.0,0.5536008332626068,0.0,18.87822463648842,4.460402725997202,14.054600424809893,west midlands
88,2020-12-01,22371.989713870862,88031179530503.14,10105055.043499408,0.8427995279502521,0.914275262748516,0.9857509975467796,265.4816147827515,42.085770834173346,4.967594081704337,7.508772840429686,5585630.361574199,2.0,21.848660594541386,0.0,0.4152006249469551,0.0,18.883948732647983,4.349704610977588,13.94463652101062,west midlands
89,2020-12-02,15876.908054824336,62665656806070.89,10181936.790072776,0.8285097864372479,0.8928544549350776,0.9571991234329071,259.9236442655519,41.68410399715399,4.9704474074488045,7.506842139979612,5327051.828944803,2.0,18.203347453701372,0.0,0.2768004166313034,0.0,18.88967282880755,4.200765929736371,13.797029595920325,west midlands
90,2020-12-03,9381.826395777818,37300134081638.66,10258818.536646144,0.8142200449242437,0.8714336471216393,0.9286472493190348,254.36567374835226,41.28243716013463,4.9733007331932715,7.504911439529537,5068473.296315407,2.0,14.558034312861363,0.0,0.1384002083156517,0.0,18.895396924967116,3.9722873923658515,13.571710392956438,west midlands
91,2020-12-04,2886.744736731289,11934611357206.408,10335700.283219513,0.7999303034112395,0.850012839308201,0.9000953752051624,248.8077032311527,40.88077032311527,4.976154058937739,7.5029807390794625,4809894.763686011,2.0,10.912721172021353,0.0,0.0,0.0,18.901121021126684,3.460408382657888,13.076808281057993,west midlands
92,2020-12-05,5217.94352343287,20981830374151.125,10258818.536646144,0.7999386219702321,0.8571522241676277,0.9143658263650232,247.8042371273199,41.85024264304411,4.980408992684787,7.504911439529537,5068473.296315406,2.0,12.01032486545188,0.0,0.14285714285714285,0.0,18.94399966032231,3.717499374190381,13.321843371689747,west midlands
93,2020-12-06,7549.142310134451,30029049391095.844,10181936.790072776,0.7999469405292248,0.8642916090270545,0.928636277524884,246.8007710234871,42.819714962972945,4.984663926431835,7.506842139979612,5327051.828944803,2.0,13.107928558882406,0.0,0.2857142857142857,0.0,18.986878299517933,3.8778976124060005,13.477541584255723,west midlands
94,2020-12-07,9880.341096836031,39076268408040.56,10105055.043499408,0.7999552590882174,0.8714309938864812,0.9429067286847448,245.79730491965432,43.789187282901786,4.988918860178883,7.508772840429686,5585630.361574199,2.0,14.205532252312931,0.0,0.42857142857142855,0.0,19.029756938713557,3.994771937899026,13.591913084034084,west midlands
95,2020-12-08,12211.539883537613,48123487424985.28,10028173.29692604,0.7999635776472102,0.8785703787459079,0.9571771798446057,244.79383881582154,44.758659602830626,4.993173793925931,7.51070354087976,5844208.894203596,2.0,15.30313594574346,0.0,0.5714285714285714,0.0,19.072635577909185,4.086770432229539,13.682357092369942,west midlands
96,2020-12-09,14542.738670239194,57170706441930.0,9951291.550352672,0.7999718962062028,0.8857097636053346,0.9714476310044665,243.79037271198877,45.72813192275947,4.997428727672979,7.512634241329835,6102787.426832992,2.0,16.400739639173985,0.0,0.7142857142857142,0.0,19.11551421710481,4.162646200015003,13.75717355869908,west midlands
97,2020-12-10,16873.937456940774,66217925458874.72,9874409.803779304,0.7999802147651954,0.8928491484647614,0.9857180821643273,242.78690660815596,46.6976042426883,5.001683661420026,7.514564941779909,6361365.9594623875,2.0,17.498343332604513,0.0,0.8571428571428571,0.0,19.158392856300434,4.227216435066563,13.820975570619067,west midlands
98,2020-12-11,19205.136243642355,75265144475819.44,9797528.057205936,0.7999885333241881,0.899988533324188,0.9999885333241881,241.78344050432318,47.66707656261714,5.005938595167074,7.516495642229984,6619944.492091784,2.0,18.595947026035038,0.0,1.0,0.0,19.20127149549606,4.283417392451582,13.876593899621675,west midlands
99,2020-12-12,23487.48492255446,92047717008771.48,9797528.057205936,0.828551643336624,0.9285558026161204,1.0285599618956167,244.5068753252213,45.04449064506482,4.82446949081872,7.516495642229984,6619944.492091784,2.0,17.560590712343952,0.0,0.9872611392548346,0.0,19.105793827668055,4.370836514319715,13.964013021489809,west midlands
100,2020-12-13,27769.83360146657,108830289541723.55,9797528.057205936,0.8571147533490598,0.9571230719080526,1.0571313904670452,247.23031014611942,42.42190472751249,4.643000386470365,7.516495642229984,6619944.492091784,2.0,16.525234398652866,0.0,0.9745222785096693,0.0,19.01031615984005,4.443573277439081,14.036749784609173,west midlands
101,2020-12-14,32052.182280378674,125612862074675.6,9797528.057205936,0.8856778633614958,0.9856903411999849,1.0857028190384739,249.95374496701754,39.79931880996017,4.46153128212201,7.516495642229984,6619944.492091784,2.0,15.489878084961779,0.0,0.9617834177645039,0.0,18.914838492012045,4.505857603903564,14.099034111073657,west midlands
102,2020-12-15,36334.53095929078,142395434607627.66,9797528.057205936,0.9142409733739317,1.0142576104919172,1.1142742476099023,252.67717978791566,37.17673289240784,4.280062177773655,7.516495642229984,6619944.492091784,2.0,14.454521771270691,0.0,0.9490445570193387,0.0,18.819360824184038,4.560319558278926,14.153496065449017,west midlands
103,2020-12-16,40616.87963820288,159178007140579.7,9797528.057205936,0.9428040833863676,1.0428248797838493,1.1428456761813308,255.40061460881378,34.55414697485552,4.098593073425301,7.516495642229984,6619944.492091784,2.0,13.419165457579606,0.0,0.9363056962741733,0.0,18.723883156356035,4.608706555997317,14.20188306316741,west midlands
104,2020-12-17,44899.22831711499,175960579673531.75,9797528.057205936,0.9713671933988035,1.0713921490757816,1.1714171047527595,258.12404942971193,31.931561057303195,3.9171239690769455,7.516495642229984,6619944.492091784,2.0,12.38380914388852,0.0,0.9235668355290079,0.0,18.628405488528028,4.652238876849677,14.245415384019768,west midlands
105,2020-12-18,49181.5769960271,192743152206483.8,9797528.057205936,0.9999303034112395,1.099959418367714,1.199988533324188,260.84748425061,29.30897513975087,3.7356548647285908,7.516495642229984,6619944.492091784,2.0,11.348452830197433,0.0,0.9108279747838426,0.0,18.532927820700024,4.691802450179278,14.28497895734937,west midlands
106,2020-12-19,40547.599913034035,158906499120124.75,9797528.057205936,0.9999456639230505,1.0999689558882302,1.1999922478534093,262.75807888468955,26.10807174906185,3.3391596541705275,7.516495642229984,6619944.492091784,2.0,10.442917736007136,0.0,0.728662379827074,0.0,18.533708010647928,4.607965152619334,14.201141659789426,west midlands
107,2020-12-20,31913.622830040964,125069846033765.72,9797528.057205936,0.9999610244348616,1.0999784934087464,1.1999959623826308,264.6686735187691,22.907168358372825,2.942664443612464,7.516495642229984,6619944.492091784,2.0,9.537382641816839,0.0,0.5464967848703055,0.0,18.534488200595835,4.503976108041446,14.097152615211538,west midlands
108,2020-12-21,23279.645747047896,91233192947406.66,9797528.057205936,0.9999763849466727,1.0999880309292625,1.1999996769118522,266.57926815284856,19.706264967683804,2.5461692330544006,7.516495642229984,6619944.492091784,2.0,8.631847547626542,0.0,0.3643311899135371,0.0,18.535268390543738,4.366976367246198,13.96015287441629,west midlands
109,2020-12-22,14645.668664054829,57396539861047.61,9797528.057205936,0.9999917454584838,1.0999975684497787,1.2000033914410737,268.4898627869281,16.50536157699478,2.1496740224963373,7.516495642229984,6619944.492091784,2.0,7.726312453436245,0.0,0.18216559495676854,0.0,18.536048580491645,4.165709204660837,13.75888571183093,west midlands
110,2020-12-23,6011.6915810617675,23559886774688.555,9797528.057205936,1.0000071059702949,1.100007105970295,1.200007105970295,270.4004574210076,13.30445818630576,1.7531788119382736,7.516495642229984,6619944.492091784,2.0,6.820777359245948,0.0,0.0,0.0,18.53682877043955,3.7789966917953057,13.372173198965397,west midlands
111,2020-12-24,6149.438224429251,24099717415960.098,9797528.057205936,1.0062547843895315,1.1093825428031212,1.2125103012167109,279.3205655563251,15.13916869456532,1.937199232879727,7.516495642229984,6619944.492091784,2.0,6.650483427850152,0.0,0.0,0.0,18.61128179499803,3.7888354430641655,13.382011950234258,west midlands
112,2020-12-25,6287.184867796735,24639548057231.645,9797528.057205936,1.0125024628087682,1.1187579796359475,1.2250134964631267,288.24067369164254,16.97387920282488,2.1212196538211803,7.516495642229984,6619944.492091784,2.0,6.480189496454356,0.0,0.0,0.0,18.685734819556505,3.7984562304923246,13.391632737662416,west midlands
113,2020-12-26,6424.931511164219,25179378698503.188,9797528.057205936,1.018750141228005,1.1281334164687737,1.2375166917095426,297.16078182696003,18.808589711084437,2.3052400747626334,7.516495642229984,6619944.492091784,2.0,6.309895565058559,0.0,0.0,0.0,18.760187844114984,3.8078685025119725,13.401045009682065,west midlands
114,2020-12-27,6562.678154531703,25719209339774.734,9797528.057205936,1.0249978196472416,1.1375088533016,1.2500198869559584,306.0808899622775,20.643300219344,2.489260495704087,7.516495642229984,6619944.492091784,2.0,6.139601633662763,0.0,0.0,0.0,18.834640868673464,3.8170811062014187,13.410257613371511,west midlands
115,2020-12-28,6700.424797899186,26259039981046.277,9797528.057205936,1.031245498066478,1.146884290134426,1.2625230822023743,315.000998097595,22.478010727603554,2.67328091664554,7.516495642229984,6619944.492091784,2.0,5.969307702266967,0.0,0.0,0.0,18.90909389323194,3.8261023372583325,13.419278844428424,west midlands
116,2020-12-29,6838.17144126667,26798870622317.824,9797528.057205936,1.0374931764857147,1.1562597269672523,1.2750262774487902,323.9211062329125,24.312721235863116,2.8573013375869936,7.516495642229984,6619944.492091784,2.0,5.799013770871171,0.0,0.0,0.0,18.98354691779042,3.834939984887415,13.428116492057507,west midlands
117,2020-12-30,6975.918084634153,27338701263589.367,9797528.057205936,1.0437408549049514,1.1656351638000786,1.287529472695206,332.84121436822994,26.147431744122677,3.0413217585284467,7.516495642229984,6619944.492091784,2.0,5.628719839475375,0.0,0.0,0.0,19.0579999423489,3.843601372211173,13.436777879381266,west midlands
118,2020-12-31,7113.664728001637,27878531904860.914,9797528.057205936,1.049988533324188,1.1750106006329049,1.3000326679416219,341.76132250354743,27.982142252382232,3.2253421794698998,7.516495642229984,6619944.492091784,2.0,5.458425908079578,0.0,0.0,0.0,19.13245296690738,3.852093392729148,13.44526989989924,west midlands
119,2021-01-01,7251.411371369121,28418362546132.457,9797528.057205936,1.0562362117434247,1.1843860374657311,1.3125358631880375,350.6814306388649,29.816852760641794,3.4093626004113533,7.516495642229984,6619944.492091784,2.0,5.288131976683782,0.0,0.0,0.0,19.206905991465856,3.860422543280389,13.453599050450482,west midlands
120,2021-01-02,7389.158014736605,28958193187404.0,9797528.057205936,1.0624838901626614,1.1937614742985574,1.3250390584344534,359.60153877418236,31.65156326890135,3.593383021352807,7.516495642229984,6619944.492091784,2.0,5.117838045287986,0.0,0.0,0.0,19.281359016024336,3.8685949539040627,13.461771461074155,west midlands
121,2021-01-03,7526.904658104088,29498023828675.547,9797528.057205936,1.068731568581898,1.2031369111313837,1.3375422536808692,368.52164690949985,33.48627377716091,3.77740344229426,7.516495642229984,6619944.492091784,2.0,4.94754411389219,0.0,0.0,0.0,19.355812040582816,3.876616414942001,13.469792922112093,west midlands
122,2021-01-04,7664.651301471572,30037854469947.09,9797528.057205936,1.0749792470011346,1.2125123479642097,1.350045448927285,377.44175504481734,35.32098428542047,3.961423863235713,7.516495642229984,6619944.492091784,2.0,4.7772501824963935,0.0,0.0,0.0,19.430265065141292,3.8844924016833517,13.477668908853444,west midlands
123,2021-01-05,7802.397944839056,30577685111218.637,9797528.057205936,1.0812269254203712,1.221887784797036,1.362548644173701,386.36186318013483,37.15569479368003,4.145444284177167,7.516495642229984,6619944.492091784,2.0,4.606956251100597,0.0,0.0,0.0,19.50471808969977,3.8922280968140623,13.485404603984154,west midlands
124,2021-01-06,7940.14458820654,31117515752490.18,9797528.057205936,1.087474603839608,1.2312632216298622,1.3750518394201168,395.2819713154523,38.99040530193959,4.329464705118619,7.516495642229984,6619944.492091784,2.0,4.436662319704801,0.0,0.0,0.0,19.57917111425825,3.89982841090172,13.493004918071813,west midlands
125,2021-01-07,8077.891231574024,31657346393761.727,9797528.057205936,1.0937222822588446,1.2406386584626885,1.3875550346665326,404.20207945076976,40.82511581019915,4.513485126060074,7.516495642229984,6619944.492091784,2.0,4.2663683883090044,0.0,0.0,0.0,19.653624138816728,3.907298001118541,13.500474508288633,west midlands
126,2021-01-08,8215.637874941507,32197177035033.27,9797528.057205936,1.0999699606780813,1.2500140952955148,1.4000582299129485,413.12218758608725,42.659826318458705,4.697505547001526,7.516495642229984,6619944.492091784,2.0,4.096074456913208,0.0,0.0,0.0,19.728077163375207,3.914641288381259,13.50781779555135,west midlands
127,2021-01-09,13989.200828253102,54823835045079.32,9797528.057205936,1.114254659825182,1.2571559372997583,1.4000572147743349,386.6352317668676,41.230622947007966,4.581137938708017,7.516495642229984,6619944.492091784,2.0,6.396714377513861,0.0,0.12566134757048636,0.0,19.573899976968118,4.145792904928324,13.738969412098417,west midlands
128,2021-01-10,19762.7637815647,77450493055125.38,9797528.057205936,1.1285393589722827,1.264297779304002,1.4000561996357215,360.148275947648,39.80141957555723,4.464770330414508,7.516495642229984,6619944.492091784,2.0,8.697354298114515,0.0,0.2513226951409727,0.0,19.419722790561032,4.2958476796822485,13.88902418685234,west midlands
129,2021-01-11,25536.326734876297,100077151065171.42,9797528.057205936,1.1428240581193834,1.2714396213082455,1.4000551844971079,333.6613201284284,38.37221620410649,4.348402722120998,7.516495642229984,6619944.492091784,2.0,10.997994218715167,0.0,0.3769840427114591,0.0,19.265545604153942,4.407158426462852,14.000334933632944,west midlands
130,2021-01-12,31309.88968818789,122703809075217.47,9797528.057205936,1.157108757266484,1.278581463312489,1.4000541693584942,307.1743643092087,36.94301283265576,4.2320351138274885,7.516495642229984,6619944.492091784,2.0,13.298634139315823,0.0,0.5026453902819454,0.0,19.111368417746853,4.495681537502074,14.088858044672167,west midlands
131,2021-01-13,37083.45264149949,145330467085263.53,9797528.057205936,1.1713934564135846,1.2857233053167325,1.4000531542198806,280.68740848998914,35.51380946120502,4.115667505533979,7.516495642229984,6619944.492091784,2.0,15.599274059916475,0.0,0.6283067378524319,0.0,18.957191231339763,4.569180162186202,14.162356669356294,west midlands
132,2021-01-14,42857.015594811084,167957125095309.6,9797528.057205936,1.1856781555606855,1.2928651473209762,1.4000521390812672,254.2004526707695,34.08460608975429,3.99929989724047,7.516495642229984,6619944.492091784,2.0,17.899913980517127,0.0,0.7539680854229182,0.0,18.803014044932677,4.632021925085827,14.225198432255919,west midlands
133,2021-01-15,48630.578548122685,190583783105355.62,9797528.057205936,1.199962854707786,1.3000069893252197,1.4000511239426536,227.71349685154985,32.65540271830355,3.8829322889469604,7.516495642229984,6619944.492091784,2.0,20.200553901117782,0.0,0.8796294329934046,0.0,18.648836858525588,4.686909436312216,14.280085943482309,west midlands
134,2021-01-16,42872.69489326966,168018572441935.66,9797528.057205936,1.1571057118506431,1.2642863986655863,1.3714670854805298,229.9929239058664,32.48790169997847,3.8016951252939504,7.516495642229984,6619944.492091784,2.0,18.58001630929959,0.0,0.7539680854229183,0.0,18.793617179557835,4.632180783265514,14.225357290435605,west midlands
135,2021-01-17,37114.81123841664,145453361778515.66,9797528.057205936,1.1142485689935004,1.228565808005953,1.3428830470184057,232.272350960183,32.3204006816534,3.7204579616409403,7.516495642229984,6619944.492091784,2.0,16.9594787174814,0.0,0.6283067378524319,0.0,18.93839750059008,4.569547256123447,14.162723763293538,west midlands
136,2021-01-18,31356.92758356361,122888151115095.69,9797528.057205936,1.0713914261363575,1.1928452173463198,1.3142990085562818,234.55177801449955,32.15289966332833,3.6392207979879307,7.516495642229984,6619944.492091784,2.0,15.338941125663206,0.0,0.5026453902819454,0.0,19.08317782162233,4.496333503027941,14.089510010198033,west midlands
137,2021-01-19,25599.043928710587,100322940451675.7,9797528.057205936,1.0285342832792148,1.1571246266866864,1.285714970094158,236.83120506881613,31.98539864500325,3.5579836343349207,7.516495642229984,6619944.492091784,2.0,13.718403533845013,0.0,0.37698404271145913,0.0,19.227958142654572,4.408223745615016,14.001400252785109,west midlands
138,2021-01-20,19841.160273857564,77757729788255.72,9797528.057205936,0.9856771404220719,1.121404036027053,1.257130931632034,239.1106321231327,31.817897626678178,3.4767464706819107,7.516495642229984,6619944.492091784,2.0,12.097865942026822,0.0,0.2513226951409727,0.0,19.37273846368682,4.297567065287916,13.890743572458009,west midlands
139,2021-01-21,14083.276619004537,55192519124835.75,9797528.057205936,0.9428199975649291,1.0856834453674196,1.22854689316991,241.39005917744925,31.650396608353102,3.3955093070289006,7.516495642229984,6619944.492091784,2.0,10.47732835020863,0.0,0.12566134757048641,0.0,19.517518784719066,4.148703709635661,13.741880216805752,west midlands
140,2021-01-22,8325.392964151513,32627308461415.734,9797528.057205936,0.8999628547077863,1.0499628547077862,1.199962854707786,243.66948623176583,31.48289559002803,3.3142721433758906,7.516495642229984,6619944.492091784,2.0,8.856790758390437,0.0,0.0,0.0,19.662299105751313,3.9204047416540138,13.513581248824106,west midlands
141,2021-01-23,7793.457116536025,27982346124141.387,8406617.763319373,0.88567979365723,1.0356784670396508,1.1856771404220718,227.43098819865642,31.128196220024027,3.140804680698273,7.52842482257321,7284073.850364386,2.0,9.844530835508628,0.0,0.0,0.0,20.039113519215412,3.891730150044776,13.446884124239192,west midlands
142,2021-01-24,7261.521268920537,23337383786867.04,7015707.469432811,0.8713967326066739,1.0213940793715157,1.1713914261363576,211.192490165547,30.77349685002002,2.967337218020656,7.540354002916437,7948203.208636989,2.0,10.832270912626818,0.0,0.0,0.0,20.41592793267951,3.86102761374247,13.368052168306978,west midlands
143,2021-01-25,6729.585421305049,18692421449592.688,5624797.175546249,0.8571136715561177,1.0071096917033806,1.1571057118506434,194.95399213243763,30.418797480016018,2.7938697553430383,7.552283183259663,8612332.56690959,2.0,11.82001098974501,0.0,0.0,0.0,20.79274234614361,3.8279883101696797,13.2716655643044,west midlands
144,2021-01-26,6197.649573689561,14047459112318.34,4233886.881659687,0.8428306105055615,0.9928253040352453,1.1428199975649291,178.71549409932823,30.064098110012015,2.6204022926654207,7.5642123636028895,9276461.925182194,2.0,12.807751066863199,0.0,0.0,0.0,21.169556759607705,3.792227016802368,13.147597776675791,west midlands
145,2021-01-27,5665.713726074073,9402496775043.992,2842976.5877731238,0.8285475494550053,0.97854091636711,1.128534283279215,162.47699606621882,29.709398740008012,2.4469348299878035,7.5761415439461155,9940591.283454794,2.0,13.79549114398139,0.0,0.0,0.0,21.546371173071805,3.753254626956876,12.973243193136092,west midlands
146,2021-01-28,5133.777878458584,4757534437769.641,1452066.2938865619,0.8142644884044492,0.9642565286989748,1.1142485689935007,146.2384980331094,29.354699370004006,2.273467367310186,7.588070724289342,10604720.641727397,2.0,14.78323122109958,0.0,0.0,0.0,21.9231855865359,3.710437074260122,12.677381940643597,west midlands
147,2021-01-29,4601.842030843097,112572100495.29617,61156.0,0.799981427353893,0.9499721410308396,1.0999628547077864,130.0,29.000000000000004,2.0999999046325684,7.599999904632568,11268850.0,2.0,15.770971298217772,0.0,0.0,0.0,22.3,3.6629317063989744,11.051430769713496,west midlands
148,2021-01-30,5019.328116740775,4309004537141.333,1452066.2938865623,0.7856957130681788,0.9285483685032777,1.0714010239383769,150.78084757818107,28.887279416317774,2.276544235279085,7.588070724289342,10604720.641727397,2.0,15.989916551722668,0.0,0.0,0.0,21.983293339365282,3.7006455867225436,12.634376951376463,west midlands
149,2021-01-31,5436.814202638452,8505436973787.369,2842976.5877731247,0.7714099987824644,0.9071245959757157,1.0428391931689671,171.56169515636213,28.774558832635545,2.453088565925601,7.5761415439461155,9940591.283454796,2.0,16.208861805227563,0.0,0.0,0.0,21.666586678730564,3.7353444917017997,12.929696630756299,west midlands
150,2021-02-01,5854.30028853613,12701869410433.406,4233886.881659687,0.7571242844967502,0.8857008234481538,1.0142773623995573,192.34254273454317,28.661838248953316,2.629632896572118,7.5642123636028895,9276461.925182194,2.0,16.427807058732462,0.0,0.0,0.0,21.349880018095845,3.767474995226141,13.10386764338812,west midlands
151,2021-02-02,6271.786374433808,16898301847079.443,5624797.175546249,0.7428385702110359,0.8642770509205918,0.9857155316301478,213.12339031272424,28.549117665271087,2.806177227218634,7.552283183259663,8612332.56690959,2.0,16.64675231223736,0.0,0.0,0.0,21.03317335746113,3.7973912572681203,13.227843063459938,west midlands
152,2021-02-03,6689.2724603314855,21094734283725.48,7015707.469432812,0.7285528559253217,0.8428532783930299,0.9571537008607381,233.9042378909053,28.436397081588858,2.9827215578651507,7.540354002916437,7948203.208636989,2.0,16.865697565742256,0.0,0.0,0.0,20.716466696826412,3.8253788855338358,13.324174059234915,west midlands
153,2021-02-04,7106.758546229164,25291166720371.516,8406617.763319373,0.7142671416396074,0.8214295058654679,0.9285918700913285,254.68508546908635,28.32367649790663,3.1592658885116673,7.52842482257321,7284073.850364387,2.0,17.08464281924715,0.0,0.0,0.0,20.399760036191694,3.8516715604372713,13.40296886447812,west midlands
154,2021-02-05,7524.244632126842,29487599157017.555,9797528.057205936,0.6999814273538931,0.800005733337906,0.9000300393219188,275.4659330472674,28.2109559142244,3.3358102191581835,7.516495642229984,6619944.492091784,2.0,17.30358807275205,0.0,0.0,0.0,20.083053375556975,3.876462907114341,13.469639414284433,west midlands
