,region,date,weighted_avg_sars_cov2,gene_copies_per_day,regional_pop,avg_r_lower,avg_r_avg,avg_r_upper,temp,suspended_solids_mg_l,ammonia_mg_l,ophosph_mg_l,sample_ph_pre_ansis,control_gc_l_mean,reac_vol_control,raw_ansis_sars_repc_std,compo_frac,sars_below_lod,sars_below_loq,reception_delay
0,east midlands,2020-09-04,4059.005489664428,4620150009792.968,2845617.0,0.8,0.9,1.0,"(235.5092972806952, 30.43365709440167, 2.5284070985834752, 7.6214262085267706, 9877321.503427904, 2.0, 2.19406309417826, 0.036872495490433185, 0.0, 0.0, 21.78726668065309)",235.5092972806952,30.43365709440167,2.5284070985834752,7.6214262085267706,9877321.503427904,2.0,2.19406309417826,0.036872495490433185,0.0,0.0,21.78726668065309
4,east midlands,2020-09-11,19439.22593408641,22126636713950.87,2845617.0,0.9058297097624821,1.00676264268688,1.107695575611278,"(263.3153583212358, 63.46952102127588, 3.8098695119427948, 7.6214262085267706, 9877321.503427904, 2.0, 13.205521142901466, 0.036872495490433185, 0.20379622415806484, 0.0, 21.790455596565995)",263.3153583212358,63.46952102127588,3.8098695119427948,7.6214262085267706,9877321.503427904,2.0,13.205521142901466,0.036872495490433185,0.20379622415806484,0.0,21.790455596565995
8,east midlands,2020-09-18,7492.852317590704,8528715173370.203,2845617.0,1.196219637094094,1.3441519777771647,1.4920843184602353,"(343.27438302484137, 37.004473195092665, 3.6868305789864526, 7.6214262085267706, 9877321.503427904, 2.0, 7.036485377599809, 0.036872495490433185, 0.0, 0.0, 21.81319436757184)",343.27438302484137,37.004473195092665,3.6868305789864526,7.6214262085267706,9877321.503427904,2.0,7.036485377599809,0.036872495490433185,0.0,0.0,21.81319436757184
12,east midlands,2020-09-25,10268.071828604683,11687599901079.428,2845617.0,1.198036871734576,1.347103938810178,1.49617100588578,"(233.859240368609, 35.2568550159772, 3.4671746698990464, 7.6214262085267706, 9877321.503427904, 2.0, 6.462055286067031, 0.036872495490433185, 0.38344583968959983, 0.0, 21.05013412439786)",233.859240368609,35.2568550159772,3.4671746698990464,7.6214262085267706,9877321.503427904,2.0,6.462055286067031,0.036872495490433185,0.38344583968959983,0.0,21.05013412439786
16,east midlands,2020-10-02,27035.90748491575,30773535179801.402,2845617.0,1.196219637094094,1.3482872964110235,1.500354955727953,"(270.10038596198996, 37.06741033666864, 3.379940236490287, 7.6214262085267706, 9877321.503427904, 2.0, 44.48797827069962, 0.036872495490433185, 0.38344583968959983, 0.0, 21.674032403751685)",270.10038596198996,37.06741033666864,3.379940236490287,7.6214262085267706,9877321.503427904,2.0,44.48797827069962,0.036872495490433185,0.38344583968959983,0.0,21.674032403751685
20,east midlands,2020-10-09,14349.064146126519,16332776347323.242,2845617.0,1.2060011844826546,1.3534977695814907,1.5009943546803273,"(202.77624501118737, 26.784090761335765, 2.568787954700498, 7.6582586775639765, 9877321.503427904, 2.0, 19.337591507940232, 0.036872495490433185, 0.0, 0.0, 21.716041570832147)",202.77624501118737,26.784090761335765,2.568787954700498,7.6582586775639765,9877321.503427904,2.0,19.337591507940232,0.036872495490433185,0.0,0.0,21.716041570832147
24,east midlands,2020-10-16,14276.153170635213,16249785662785.385,2845617.0,1.2068726956511233,1.3513686885086322,1.495864681366141,"(266.96477424755335, 69.79584005858835, 3.262723608152903, 7.6214262085267706, 9877321.503427904, 2.0, 34.4219303144013, 0.036872495490433185, 0.38344583968959983, 0.0, 21.88834973809429)",266.96477424755335,69.79584005858835,3.262723608152903,7.6214262085267706,9877321.503427904,2.0,34.4219303144013,0.036872495490433185,0.38344583968959983,0.0,21.88834973809429
28,east midlands,2020-10-23,46548.71315883098,52983923797157.26,2845617.0,1.10191449705711,1.201938812661267,1.301963128265424,"(226.26992669779523, 32.02153627842397, 3.1127632433783075, 7.6214262085267706, 9877321.503427904, 2.0, 52.77561831933753, 0.036872495490433185, 0.5872420638476646, 0.0, 22.33177159821578)",226.26992669779523,32.02153627842397,3.1127632433783075,7.6214262085267706,9877321.503427904,2.0,52.77561831933753,0.036872495490433185,0.5872420638476646,0.0,22.33177159821578
32,east midlands,2020-10-30,97691.63616354634,111197192249920.9,2845617.0,1.1942189214458316,1.2942189214458313,1.3942189214458316,"(209.06904548293042, 31.568873815415074, 3.148214192698479, 7.6214262085267706, 9877321.503427904, 2.0, 135.68824156794582, 0.036872495490433185, 1.0, 0.0, 21.646678822202706)",209.06904548293042,31.568873815415074,3.148214192698479,7.6214262085267706,9877321.503427904,2.0,135.68824156794582,0.036872495490433185,1.0,0.0,21.646678822202706
36,east midlands,2020-11-06,196083.71584241363,223191662089736.62,2845617.0,1.0992257512481594,1.1976795848755504,1.2961334185029416,"(303.69873739157447, 36.04374060177459, 3.670446527299972, 7.6214262085267706, 9877321.503427904, 2.0, 204.9580863357295, 0.036872495490433185, 1.0, 0.579681664819967, 21.741746230548006)",303.69873739157447,36.04374060177459,3.670446527299972,7.6214262085267706,9877321.503427904,2.0,204.9580863357295,0.036872495490433185,1.0,0.579681664819967,21.741746230548006
40,east midlands,2020-11-13,63716.219910791006,72524783421554.16,2845617.0,1.0942675526541459,1.1952004855785436,1.2961334185029416,"(264.72939612041955, 50.58412042098427, 4.2785527884979215, 7.6214262085267706, 9877321.503427904, 2.0, 54.32376514330985, 0.036872495490433185, 0.6165541603104002, 0.0, 21.40778198541828)",264.72939612041955,50.58412042098427,4.2785527884979215,7.6214262085267706,9877321.503427904,2.0,54.32376514330985,0.036872495490433185,0.6165541603104002,0.0,21.40778198541828
44,east midlands,2020-11-20,57539.07405212319,40380392810298.78,1754477.0,0.9984028712880045,1.097268144895473,1.1961334185029415,"(261.54278454491, 40.80383156917988, 3.5734491089635108, 7.572559908934548, 12591662.834918896, 2.0, 75.80420748811758, 0.05980414676282448, 1.0, 0.0, 21.623082082770722)",261.54278454491,40.80383156917988,3.5734491089635108,7.572559908934548,12591662.834918896,2.0,75.80420748811758,0.05980414676282448,1.0,0.0,21.623082082770722
48,east midlands,2020-11-27,19155.485295963685,21803669840577.715,2845617.0,0.8942675526541457,0.9942675526541457,1.0942675526541459,"(280.55247069440475, 39.2322557814351, 3.9586128958212354, 7.6214262085267706, 9877321.503427904, 2.0, 30.385204821639352, 0.036872495490433185, 0.4127579361523353, 0.0, 21.39162377321567)",280.55247069440475,39.2322557814351,3.9586128958212354,7.6214262085267706,9877321.503427904,2.0,30.385204821639352,0.036872495490433185,0.4127579361523353,0.0,21.39162377321567
52,east midlands,2020-12-04,47458.153682505166,54019091563019.72,2845617.0,0.7969562984630965,0.8494597133642601,0.9019631282654239,"(245.35119097194035, 46.866711858974696, 3.040312488975053, 7.6214262085267706, 9877321.503427904, 2.0, 77.73850180809852, 0.036872495490433185, 0.579681664819967, 0.0, 21.57614934944981)",245.35119097194035,46.866711858974696,3.040312488975053,7.6214262085267706,9877321.503427904,2.0,77.73850180809852,0.036872495490433185,0.579681664819967,0.0,21.57614934944981
56,east midlands,2020-12-11,35101.66566910983,39954358622534.125,2845617.0,0.7969562984630965,0.8969562984630964,0.9969562984630963,"(191.92858701645372, 41.341693910318924, 2.6813141434083714, 7.6214262085267706, 9877321.503427904, 2.0, 49.58559973849882, 0.036872495490433185, 0.6241145593380979, 0.0, 21.821954014425227)",191.92858701645372,41.341693910318924,2.6813141434083714,7.6214262085267706,9877321.503427904,2.0,49.58559973849882,0.036872495490433185,0.6241145593380979,0.0,21.821954014425227
60,east midlands,2020-12-18,43272.14829770672,49254384328990.12,2845617.0,0.9988221643118923,1.0988221643118923,1.1988221643118921,"(286.5089574598409, 36.68708649126007, 2.7814607342509583, 7.6214262085267706, 9877321.503427904, 2.0, 33.27781637500339, 0.036872495490433185, 0.6165541603104002, 0.0, 40.08690901363981)",286.5089574598409,36.68708649126007,2.7814607342509583,7.6214262085267706,9877321.503427904,2.0,33.27781637500339,0.036872495490433185,0.6165541603104002,0.0,40.08690901363981
63,east midlands,2020-12-23,40756.265595841374,46390688894416.54,2845617.0,0.9988707955202062,1.0998037284446043,1.200736661369002,"(251.1051627819204, 16.61887211103954, 1.9752146291550523, 7.6214262085267706, 9877321.503427904, 2.0, 50.69073186994214, 0.036872495490433185, 0.0, 0.0, 20.32492366916091)",251.1051627819204,16.61887211103954,1.9752146291550523,7.6214262085267706,9877321.503427904,2.0,50.69073186994214,0.036872495490433185,0.0,0.0,20.32492366916091
68,east midlands,2021-01-08,12610.839028032826,14354247168973.475,2845617.0,1.0991771200398452,1.2486556270955247,1.398134134151204,"(254.4653303659628, 54.39787469641909, 2.958242802881213, 7.6214262085267706, 9877321.503427904, 2.0, 5.096103571732659, 0.036872495490433185, 0.0, 0.0, 21.92136059889062)",254.4653303659628,54.39787469641909,2.958242802881213,7.6214262085267706,9877321.503427904,2.0,5.096103571732659,0.036872495490433185,0.0,0.0,21.92136059889062
72,east midlands,2021-01-15,13250.807587639913,15082689334046.852,2845617.0,1.1920356872519213,1.2933800601563963,1.394724433060872,"(341.26024338482654, 17.002847537107066, 3.0835875933714574, 7.6214262085267706, 9877321.503427904, 2.0, 42.01850320688341, 0.036872495490433185, 0.37588544066190216, 0.0, 21.600479626503965)",341.26024338482654,17.002847537107066,3.0835875933714574,7.6214262085267706,9877321.503427904,2.0,42.01850320688341,0.036872495490433185,0.37588544066190216,0.0,21.600479626503965
76,east midlands,2021-01-22,30246.135894410207,34427567394177.56,2845617.0,0.8901698214031254,1.0401698214031254,1.1901698214031255,"(147.05795614799882, 15.910257486786096, 1.991104325490608, 7.6214262085267706, 9877321.503427904, 2.0, 52.00778617974802, 0.036872495490433185, 0.759331280351502, 0.0, 22.2943416430719)",147.05795614799882,15.910257486786096,1.991104325490608,7.6214262085267706,9877321.503427904,2.0,52.00778617974802,0.036872495490433185,0.759331280351502,0.0,22.2943416430719
80,east midlands,2021-01-29,3100.5879377094334,3529234298216.362,2845617.0,0.7980855029428902,0.9471282544143351,1.09617100588578,"(138.31414136196122, 13.683097963912848, 1.727088599106986, 7.6214262085267706, 9877321.503427904, 2.0, 2.311915831038773, 0.036872495490433185, 0.0, 0.0, 21.498332874733315)",138.31414136196122,13.683097963912848,1.727088599106986,7.6214262085267706,9877321.503427904,2.0,2.311915831038773,0.036872495490433185,0.0,0.0,21.498332874733315
84,east midlands,2021-02-05,10053.995285506595,11443927960942.969,2845617.0,0.7040866874255449,0.8045224430097793,0.9049581985940135,"(156.45899149463895, 23.328897388510118, 1.9063312387571931, 7.6214262085267706, 9877321.503427904, 2.0, 17.89193536043696, 0.0, 0.38344583968959983, 0.0, 22.324496667447985)",156.45899149463895,23.328897388510118,1.9063312387571931,7.6214262085267706,9877321.503427904,2.0,17.89193536043696,0.0,0.38344583968959983,0.0,22.324496667447985
88,east of england,2020-09-04,6419.9610151370625,10818624640414.924,4212885.644829711,0.8000464921226508,0.9000464921226508,1.0000464921226506,"(266.7105923723866, 39.874041747688125, 4.020685578398089, 7.741164648376277, 109496601.38764685, 2.0, 4.353703291541022, 0.5473861932836643, 0.0, 0.0, 23.215500381887935)",266.7105923723866,39.874041747688125,4.020685578398089,7.741164648376277,109496601.38764685,2.0,4.353703291541022,0.5473861932836643,0.0,0.0,23.215500381887935
92,east of england,2020-09-11,6511.206822270513,10972387900824.29,4212885.644829711,0.9001210754483782,1.0500617139162265,1.2000023523840746,"(291.1655959542749, 45.27931198853712, 4.792753424502387, 7.741164648376277, 109496601.38764685, 2.0, 6.237161116177205, 0.6103325968551573, 0.0, 0.0, 23.553957353347204)",291.1655959542749,45.27931198853712,4.792753424502387,7.741164648376277,109496601.38764685,2.0,6.237161116177205,0.6103325968551573,0.0,0.0,23.553957353347204
96,east of england,2020-09-18,4492.688736239152,7570873553436.023,4212885.644829711,1.00016286280288,1.1501628628028802,1.30016286280288,"(306.5480246986719, 51.75834418965352, 5.117482223901449, 7.741164648376277, 109496601.38764685, 2.0, 8.448245179813172, 0.5401654893375857, 0.0, 0.0, 23.218070689692087)",306.5480246986719,51.75834418965352,5.117482223901449,7.741164648376277,109496601.38764685,2.0,8.448245179813172,0.5401654893375857,0.0,0.0,23.218070689692087
100,east of england,2020-09-25,9634.94897439894,16103444946275.174,4178393.9357291097,1.1000625406581503,1.2001219021903027,1.3001812637224544,"(245.83786436868692, 35.615116039629456, 3.9751319773673663, 7.743045464055555, 110301862.87582085, 2.0, 12.431198040955746, 0.6074772763632715, 0.0, 0.0, 23.789174497012645)",245.83786436868692,35.615116039629456,3.9751319773673663,7.743045464055555,110301862.87582085,2.0,12.431198040955746,0.6074772763632715,0.0,0.0,23.789174497012645
104,east of england,2020-10-02,7213.930460160905,12156585631364.666,4212885.644829711,1.0002093549255309,1.1502326009868562,1.3002558470481818,"(241.19054229021722, 29.607136986265527, 3.3435948776470656, 7.741164648376277, 109496601.38764685, 2.0, 23.567763079217546, 0.6103325968551573, 0.0, 0.0, 23.933177897197837)",241.19054229021722,29.607136986265527,3.3435948776470656,7.741164648376277,109496601.38764685,2.0,23.567763079217546,0.6103325968551573,0.0,0.0,23.933177897197837
108,east of england,2020-10-09,11101.61643489382,18707936205187.906,4212885.644829711,1.2998812769356962,1.4498439852728326,1.5998066936099689,"(186.2261610370518, 31.794702003030658, 3.2226050407706786, 7.733469117893127, 109496601.38764685, 2.0, 23.42769263908875, 0.6103325968551573, 0.0, 0.0, 23.934132234527105)",186.2261610370518,31.794702003030658,3.2226050407706786,7.733469117893127,109496601.38764685,2.0,23.42769263908875,0.6103325968551573,0.0,0.0,23.934132234527105
112,east of england,2020-10-16,8487.668360805674,14303030478125.418,4212885.644829711,1.2998628760161222,1.3999081919467355,1.4999535078773494,"(157.65575181544955, 28.764294060292283, 3.156268423622986, 7.741164648376277, 109496601.38764685, 2.0, 10.53789583298989, 0.6103325968551573, 0.07016710751757153, 0.0, 23.62355498787497)",157.65575181544955,28.764294060292283,3.156268423622986,7.741164648376277,109496601.38764685,2.0,10.53789583298989,0.6103325968551573,0.07016710751757153,0.0,23.62355498787497
116,east of england,2020-10-23,57200.35328896334,96391418900104.64,4212885.644829711,1.199909368138773,1.299923413740311,1.3999374593418497,"(202.12256476974804, 33.464990053418624, 3.5337175220935957, 7.741164648376277, 109496601.38764685, 2.0, 64.81311308186538, 0.6103325968551573, 0.869663362461117, 0.0, 23.621401661450115)",202.12256476974804,33.464990053418624,3.5337175220935957,7.741164648376277,109496601.38764685,2.0,64.81311308186538,0.6103325968551573,0.869663362461117,0.0,23.621401661450115
120,east of england,2020-10-30,55435.01701435086,93416554960259.8,4212885.644829711,1.1999535078773493,1.299953507877349,1.399953507877349,"(191.24473185079307, 30.228599395744414, 3.181574099963809, 7.741164648376277, 109496601.38764685, 2.0, 57.570196121167406, 0.6103325968551573, 0.9292247420531983, 0.0, 23.737034446920738)",191.24473185079307,30.228599395744414,3.181574099963809,7.741164648376277,109496601.38764685,2.0,57.570196121167406,0.6103325968551573,0.9292247420531983,0.0,23.737034446920738
124,east of england,2020-11-06,92132.33941413555,155257204056956.1,4212885.644829711,1.1000280912030767,1.2499687296709248,1.3999093681387729,"(309.31875380272567, 38.12615217937982, 4.011740965443428, 7.741164648376277, 109496601.38764685, 2.0, 188.84848146439222, 0.6103325968551573, 0.9967587887361978, 0.0211053503382309, 23.532220288277593)",309.31875380272567,38.12615217937982,4.011740965443428,7.741164648376277,109496601.38764685,2.0,188.84848146439222,0.6103325968551573,0.9967587887361978,0.0211053503382309,23.532220288277593
128,east of england,2020-11-13,59902.6981037112,100945286771077.14,4212885.644829711,1.0999815990804258,1.249922237548274,1.399862876016122,"(262.43629973072683, 40.31222548519811, 4.283090329198139, 7.741164648376277, 109496601.38764685, 2.0, 28.31516163367379, 0.6103325968551573, 0.8520532972865125, 0.0, 24.403160571136162)",262.43629973072683,40.31222548519811,4.283090329198139,7.741164648376277,109496601.38764685,2.0,28.31516163367379,0.6103325968551573,0.8520532972865125,0.0,24.403160571136162
132,east of england,2020-11-20,79747.41932705157,134386703238060.4,4212885.644829711,1.0000280912030766,1.1499687296709247,1.299909368138773,"(220.18804029022326, 38.29902480538193, 3.8156018843461093, 7.741164648376277, 109496601.38764685, 2.0, 203.51284776082213, 0.6103325968551573, 0.45005329986311854, 0.0, 23.112945625851314)",220.18804029022326,38.29902480538193,3.8156018843461093,7.741164648376277,109496601.38764685,2.0,203.51284776082213,0.6103325968551573,0.45005329986311854,0.0,23.112945625851314
136,east of england,2020-11-27,83799.04559367351,141214318492807.03,4212885.644829711,0.9000745833257274,1.0000513372644022,1.1000280912030767,"(288.77502410915366, 40.81473924237509, 4.1819278576843555, 7.741164648376277, 109496601.38764685, 2.0, 209.34526453027192, 0.2364392968232516, 0.8868930034665171, 0.0, 23.178288051610327)",288.77502410915366,40.81473924237509,4.1819278576843555,7.741164648376277,109496601.38764685,2.0,209.34526453027192,0.2364392968232516,0.8868930034665171,0.0,23.178288051610327
140,east of england,2020-12-04,27605.859705052117,46520132025838.805,4212885.644829711,0.8999558602614236,0.9499931519242872,1.000030443587151,"(154.97467181933496, 26.287444279577766, 3.063414424649572, 7.741164648376277, 109496601.38764685, 2.0, 31.261689519406566, 0.6103325968551573, 0.8862848530372869, 0.0, 22.99825325028358)",154.97467181933496,26.287444279577766,3.063414424649572,7.741164648376277,109496601.38764685,2.0,31.261689519406566,0.6103325968551573,0.8862848530372869,0.0,22.99825325028358
144,east of england,2020-12-11,69242.77403141344,115729434842367.61,4178393.9357291097,0.8999558602614236,0.9999558602614237,1.0999558602614237,"(161.97939769581023, 28.834058273205883, 3.1048364298840023, 7.743045464055555, 110301862.87582085, 2.0, 30.00092082623285, 0.6074772763632715, 0.9365339879199958, 0.0, 23.224572896072004)",161.97939769581023,28.834058273205883,3.1048364298840023,7.743045464055555,110301862.87582085,2.0,30.00092082623285,0.6074772763632715,0.9365339879199958,0.0,23.224572896072004
148,east of england,2020-12-18,336800.71318787703,567561155903046.4,4212885.644829711,1.19983713719712,1.2998371371971198,1.3998371371971199,"(215.0714485058376, 34.02190044956412, 3.171540223784748, 7.741164648376277, 109496601.38764685, 2.0, 136.10957793082054, 0.2364392968232516, 0.9292247420531983, 0.7635607031767483, 22.933206641160687)",215.0714485058376,34.02190044956412,3.171540223784748,7.741164648376277,109496601.38764685,2.0,136.10957793082054,0.2364392968232516,0.9292247420531983,0.7635607031767483,22.933206641160687
151,east of england,2020-12-23,170004.02314884032,286483003474818.9,4212885.644829711,1.1999117205228476,1.349875605052021,1.4998394895811944,"(185.01243426630435, 27.307571433539373, 2.689440869803889, 7.759859384692358, 109496601.38764685, 2.0, 207.64343756695138, 0.6103325968551573, 0.869663362461117, 0.36532084154280947, 23.49377849952762)",185.01243426630435,27.307571433539373,2.689440869803889,7.759859384692358,109496601.38764685,2.0,207.64343756695138,0.6103325968551573,0.869663362461117,0.36532084154280947,23.49377849952762
159,east of england,2021-01-08,12935.246134248018,21797885100524.992,4212885.644829711,1.1,1.2000593615321522,1.3001187230643039,"(198.9238057582594, 34.14317953310939, 3.480378584707249, 7.741164648376277, 109496601.38764685, 2.0, 4.969321092274085, 0.2364392968232516, 0.0, 0.0, 23.993175545324313)",198.9238057582594,34.14317953310939,3.480378584707249,7.741164648376277,109496601.38764685,2.0,4.969321092274085,0.2364392968232516,0.0,0.0,23.993175545324313
163,east of england,2021-01-15,43754.66872948848,73733366313896.6,4212885.644829711,1.000041787354502,1.1500056718836753,1.299969556412849,"(109.43568637722713, 16.12112738100686, 1.7358368062164704, 7.741164648376277, 109496601.38764685, 2.0, 48.31288488789862, 0.6103325968551573, 0.0211053503382309, 0.0, 23.33443312668656)",109.43568637722713,16.12112738100686,1.7358368062164704,7.741164648376277,109496601.38764685,2.0,48.31288488789862,0.6103325968551573,0.0211053503382309,0.0,23.33443312668656
167,east of england,2021-01-22,29871.069392634967,50337359775977.6,4212885.644829711,0.6002070025414564,0.750183756480131,0.9001605104188056,"(182.18381443621, 26.653822962980396, 2.8855045407915347, 7.741164648376277, 109496601.38764685, 2.0, 20.35880728668073, 0.6103325968551573, 0.7962550436797431, 0.0211053503382309, 22.101134768512498)",182.18381443621,26.653822962980396,2.8855045407915347,7.741164648376277,109496601.38764685,2.0,20.35880728668073,0.6103325968551573,0.7962550436797431,0.0211053503382309,22.101134768512498
171,east of england,2021-01-29,28903.995669791806,48308912089999.414,4178393.9357291097,0.6999976476159255,0.8000429635465391,0.9000882794771526,"(143.2804064458961, 17.705239440189796, 1.7910918511925484, 7.743045464055555, 110301862.87582085, 2.0, 62.139749559564706, 0.23049757061239087, 0.5084950524634001, 0.0, 23.472120420734424)",143.2804064458961,17.705239440189796,1.7910918511925484,7.743045464055555,110301862.87582085,2.0,62.139749559564706,0.23049757061239087,0.5084950524634001,0.0,23.472120420734424
175,east of england,2021-02-05,16191.502599789026,27285179548349.652,4212885.644829711,0.6999254166742725,0.7999394622758109,0.8999535078773493,"(189.29713810277025, 19.777571841292065, 2.2086267355338065, 7.741164648376277, 109496601.38764685, 2.0, 26.740482882944562, 0.6025037424798484, 0.44730161881327946, 0.0, 24.500838074592135)",189.29713810277025,19.777571841292065,2.2086267355338065,7.741164648376277,109496601.38764685,2.0,26.740482882944562,0.6025037424798484,0.44730161881327946,0.0,24.500838074592135
179,london,2020-09-04,4241.595907225883,86541356283976.86,51007544.19848614,0.8994359738763911,0.999435973876391,1.0994359738763912,"(266.3378283815331, 29.38541070604902, 4.0220870365535255, 7.642676370040201, 9372437.448665055, 2.0, 5.094296167457731, 0.9255625346281487, 0.0, 0.0, 23.92806915282772)",266.3378283815331,29.38541070604902,4.0220870365535255,7.642676370040201,9372437.448665055,2.0,5.094296167457731,0.9255625346281487,0.0,0.0,23.92806915282772
183,london,2020-09-11,4894.058548281235,99853563084573.6,51007544.19848614,1.099293050473595,1.1993645121749932,1.299435973876391,"(271.522727445765, 34.637694485332155, 4.544967084226838, 7.642676370040201, 9372437.448665055, 2.0, 10.255345269304543, 0.913314441050405, 0.0, 0.0, 24.4894782680921)",271.522727445765,34.637694485332155,4.544967084226838,7.642676370040201,9372437.448665055,2.0,10.255345269304543,0.913314441050405,0.0,0.0,24.4894782680921
187,london,2020-09-18,4220.356877166629,86108015978184.7,51007544.19848614,1.099857076597204,1.249857076597204,1.3998570765972038,"(248.2807287088485, 35.60069083558056, 4.651500860047739, 7.642676370040201, 9372437.448665055, 2.0, 12.109818074524558, 0.9255625346281487, 0.0, 0.0, 23.98437606687944)",248.2807287088485,35.60069083558056,4.651500860047739,7.642676370040201,9372437.448665055,2.0,12.109818074524558,0.9255625346281487,0.0,0.0,23.98437606687944
191,london,2020-09-25,7384.973092281803,146939268557815.7,49742655.363018565,1.1990148711555784,1.3489434094541803,1.4988719477527823,"(170.92517012216885, 28.203926221519488, 3.44937600048109, 7.678353500400909, 9564251.073309092, 2.0, 20.97835388584563, 0.9195990282287122, 0.0, 0.0, 24.38943216974357)",170.92517012216885,28.203926221519488,3.44937600048109,7.678353500400909,9564251.073309092,2.0,20.97835388584563,0.9195990282287122,0.0,0.0,24.38943216974357
195,london,2020-10-02,9568.782085315943,195232030056974.16,51007544.19848614,1.199293050473595,1.3990110374117906,1.5987290243499859,"(182.08228198129237, 28.476219241742424, 3.5855880340990973, 7.642676370040201, 9372437.448665055, 2.0, 33.636940517164135, 0.913314441050405, 0.0, 0.0, 25.123719837677765)",182.08228198129237,28.476219241742424,3.5855880340990973,7.642676370040201,9372437.448665055,2.0,33.636940517164135,0.913314441050405,0.0,0.0,25.123719837677765
199,london,2020-10-09,8790.621973534136,179355215538890.38,51007544.19848614,1.2001429234027963,1.3002143851041943,1.4002858468055928,"(134.72745922317372, 24.375335689186773, 2.80073102251256, 7.637420351497501, 9372437.448665055, 2.0, 21.896908986834372, 0.913314441050405, 0.0, 0.0, 23.89003853366379)",134.72745922317372,24.375335689186773,2.80073102251256,7.637420351497501,9372437.448665055,2.0,21.896908986834372,0.913314441050405,0.0,0.0,23.89003853366379
203,london,2020-10-16,4550.505060554236,92844035200662.02,51007544.19848614,1.101128052247218,1.2508460391854135,1.400564026123609,"(179.34759520689119, 26.932819790168562, 3.2853920871196607, 7.642676370040201, 9372437.448665055, 2.0, 11.575852641833269, 0.9255625346281487, 0.0, 0.0, 23.890575571786652)",179.34759520689119,26.932819790168562,3.2853920871196607,7.642676370040201,9372437.448665055,2.0,11.575852641833269,0.9255625346281487,0.0,0.0,23.890575571786652
207,london,2020-10-23,44467.83326568919,907277988284221.5,51007544.19848614,1.1005640261236092,1.2007745774840155,1.3009851288444216,"(186.73497489187372, 25.26356771243136, 3.1859229176256596, 7.642676370040201, 9372437.448665055, 2.0, 44.91009301391282, 0.9255625346281487, 0.7804178698759461, 0.0, 23.8425598422953)",186.73497489187372,25.26356771243136,3.1859229176256596,7.642676370040201,9372437.448665055,2.0,44.91009301391282,0.9255625346281487,0.7804178698759461,0.0,23.8425598422953
211,london,2020-10-30,55604.50410071669,1134499680220884.2,51007544.19848614,1.1005640261236092,1.2005640261236092,1.3005640261236089,"(193.43822326885956, 24.180515791277585, 3.0001793711841396, 7.642676370040201, 9372437.448665055, 2.0, 43.768612805459625, 0.9255625346281487, 0.5592238083293707, 0.0, 24.039451689946063)",193.43822326885956,24.180515791277585,3.0001793711841396,7.642676370040201,9372437.448665055,2.0,43.768612805459625,0.9255625346281487,0.5592238083293707,0.0,24.039451689946063
215,london,2020-11-06,85250.9469049473,1739376576886757.8,51007544.19848614,1.1004211027208128,1.200492564422211,1.3005640261236089,"(297.93901038454203, 30.08257032695496, 3.8461692572676767, 7.642676370040201, 9372437.448665055, 2.0, 203.46717364599377, 0.9255625346281487, 0.9873144374518121, 0.0, 24.274084620557783)",297.93901038454203,30.08257032695496,3.8461692572676767,7.642676370040201,9372437.448665055,2.0,203.46717364599377,0.9255625346281487,0.9873144374518121,0.0,24.274084620557783
219,london,2020-11-13,45330.20036056,924872879366998.6,51007544.19848614,1.0009851288444216,1.10105659054582,1.2011280522472179,"(254.06733956226708, 28.83894524649506, 3.601506667960925, 7.642676370040201, 9372437.448665055, 2.0, 19.53784599382436, 0.9255625346281487, 0.7804178698759461, 0.0, 23.836086603238734)",254.06733956226708,28.83894524649506,3.601506667960925,7.642676370040201,9372437.448665055,2.0,19.53784599382436,0.9255625346281487,0.7804178698759461,0.0,23.836086603238734
223,london,2020-11-20,42346.64355285215,863999317071857.6,51007544.19848614,1.0004211027208127,1.100492564422211,1.200564026123609,"(220.4631511072034, 29.922898602897547, 3.345542493471247, 7.642676370040201, 9372437.448665055, 2.0, 91.92088974956667, 0.9255625346281487, 0.5147761880720364, 0.0, 24.012408167572094)",220.4631511072034,29.922898602897547,3.345542493471247,7.642676370040201,9372437.448665055,2.0,91.92088974956667,0.9255625346281487,0.5147761880720364,0.0,24.012408167572094
227,london,2020-11-27,80082.67613724491,1633928257041428.5,51007544.19848614,0.9998570765972038,1.0501390896590082,1.1004211027208128,"(318.4227927157866, 30.353721372116414, 3.957438737107903, 7.642676370040201, 9372437.448665055, 2.0, 169.98173701683888, 0.47930440302454824, 0.9737198822238248, 0.0, 23.295472075144016)",318.4227927157866,30.353721372116414,3.957438737107903,7.642676370040201,9372437.448665055,2.0,169.98173701683888,0.47930440302454824,0.9737198822238248,0.0,23.295472075144016
231,london,2020-12-04,22755.539894321246,464281682768002.25,51007544.19848614,0.9,0.999928538298602,1.099857076597204,"(145.8659520229716, 25.027631683100218, 3.149957298298925, 7.642676370040201, 9372437.448665055, 2.0, 16.341026165033313, 0.913314441050405, 0.7931034324241342, 0.0, 23.067014286437505)",145.8659520229716,25.027631683100218,3.149957298298925,7.642676370040201,9372437.448665055,2.0,16.341026165033313,0.913314441050405,0.7931034324241342,0.0,23.067014286437505
235,london,2020-12-11,72739.82756734097,1447308869539055.5,49742655.363018565,0.9,1.0,1.1,"(105.12622907696765, 27.19273534342786, 3.2299082637346683, 7.678353500400909, 9564251.073309092, 2.0, 29.164009860606075, 0.9195990282287122, 1.0, 0.0, 24.39277861529452)",105.12622907696765,27.19273534342786,3.2299082637346683,7.678353500400909,9564251.073309092,2.0,29.164009860606075,0.9195990282287122,1.0,0.0,24.39277861529452
239,london,2020-12-18,274249.8188375874,5595523902314022.0,51007544.19848614,1.1001429234027964,1.2001429234027965,1.3001429234027961,"(261.5841006280001, 26.2786313001423, 3.033043477201303, 7.642676370040201, 9372437.448665055, 2.0, 118.84247770183146, 0.46705630944680465, 0.8193835502003091, 0.7808553388463904, 23.357632133336395)",261.5841006280001,26.2786313001423,3.033043477201303,7.642676370040201,9372437.448665055,2.0,118.84247770183146,0.46705630944680465,0.8193835502003091,0.7808553388463904,23.357632133336395
242,london,2020-12-23,122550.43964572047,2500398786709198.0,51007544.19848614,1.2,1.3497894486395938,1.4995788972791873,"(190.59567955040689, 22.246925500646785, 2.681313431644646, 7.664989361737366, 9372437.448665055, 2.0, 52.23179307675168, 0.9255625346281487, 0.7931034324241342, 0.07443746537185138, 23.656076350982)",190.59567955040689,22.246925500646785,2.681313431644646,7.664989361737366,9372437.448665055,2.0,52.23179307675168,0.9255625346281487,0.7931034324241342,0.07443746537185138,23.656076350982
250,london,2021-01-08,11456.91089599677,233755555562269.1,51007544.19848614,1.1,1.249928538298602,1.3998570765972038,"(173.4540210319676, 30.29105967944355, 3.501751373782012, 7.642676370040201, 9372437.448665055, 2.0, 4.739711378364032, 0.47930440302454824, 0.0, 0.0, 24.26035272642886)",173.4540210319676,30.29105967944355,3.501751373782012,7.642676370040201,9372437.448665055,2.0,4.739711378364032,0.47930440302454824,0.0,0.0,24.26035272642886
254,london,2021-01-15,59334.91677226657,1210611355909953.5,51007544.19848614,0.900564026123609,1.0503534747632026,1.2001429234027963,"(140.49706748119786, 13.85022296651507, 1.6545015124836335, 7.642676370040201, 9372437.448665055, 2.0, 57.167664533983796, 0.9255625346281487, 0.0, 0.0, 24.15977331853053)",140.49706748119786,13.85022296651507,1.6545015124836335,7.642676370040201,9372437.448665055,2.0,57.167664533983796,0.9255625346281487,0.0,0.0,24.15977331853053
258,london,2021-01-22,23302.502549724788,475441371496169.25,51007544.19848614,0.6998570765972038,0.8001390896590083,0.9004211027208128,"(132.32186355705312, 23.455356667914703, 2.752300314125282, 7.642676370040201, 9372437.448665055, 2.0, 21.615982209830513, 0.913314441050405, 0.5206955969754519, 0.0, 23.464842871014785)",132.32186355705312,23.455356667914703,2.752300314125282,7.642676370040201,9372437.448665055,2.0,21.615982209830513,0.913314441050405,0.5206955969754519,0.0,23.464842871014785
262,london,2021-01-29,39557.59995843859,571413291360438.1,36112737.625689924,0.6005640261236089,0.7502820130618044,0.9,"(98.30889733978998, 13.062236548314546, 1.4744783346814414, 7.707241054444249, 10640231.461393025, 2.0, 103.77228210542026, 0.05377206532862027, 0.8533992360537811, 0.0, 24.333305643035526)",98.30889733978998,13.062236548314546,1.4744783346814414,7.707241054444249,10640231.461393025,2.0,103.77228210542026,0.05377206532862027,0.8533992360537811,0.0,24.333305643035526
266,london,2021-02-05,14867.052894895016,303332743055035.56,51007544.19848614,0.6001429234027962,0.7003534747632026,0.8005640261236089,"(162.57174373716893, 16.2057216149868, 1.9830168518489526, 7.642676370040201, 9372437.448665055, 2.0, 35.244370208176406, 0.7449460848284577, 0.45894369415178843, 0.0, 24.63905422972236)",162.57174373716893,16.2057216149868,1.9830168518489526,7.642676370040201,9372437.448665055,2.0,35.244370208176406,0.7449460848284577,0.45894369415178843,0.0,24.63905422972236
270,north east,2020-09-04,1397.2421655885628,64268109545.27777,114991.0,0.8,0.9,1.0,"(106.3781165482516, 23.07537981233314, 3.152826718671336, 7.498115506488866, 17633769.37934273, 2.0, 3.370959296159718, 1.0, 0.0, 0.0, 24.523292837410462)",106.3781165482516,23.07537981233314,3.152826718671336,7.498115506488866,17633769.37934273,2.0,3.370959296159718,1.0,0.0,0.0,24.523292837410462
274,north east,2020-09-11,6302.704185090015,289901702779.0744,114991.0,1.0,1.0999999999999999,1.2,"(234.9057752345836, 32.565957335791495, 4.5, 7.498115506488866, 17633769.37934273, 2.0, 3.8172425646798964, 1.0, 0.0, 0.0, 23.57578520637847)",234.9057752345836,32.565957335791495,4.5,7.498115506488866,17633769.37934273,2.0,3.8172425646798964,1.0,0.0,0.0,23.57578520637847
278,north east,2020-09-18,1543.7292935034152,71005990075.70049,114991.0,1.2,1.2999999999999998,1.4,"(249.81155046916714, 34.565957335791495, 4.947173307417016, 7.498115506488866, 17633769.37934273, 2.0, 4.575234736875286, 1.0, 0.0, 0.0, 25.825471123827082)",249.81155046916714,34.565957335791495,4.947173307417016,7.498115506488866,17633769.37934273,2.0,4.575234736875286,1.0,0.0,0.0,25.825471123827082
282,north east,2020-09-25,23016.927608879818,1058695809069.0796,114991.0,1.2,1.35,1.4999999999999998,"(150.7537981233314, 22.69787200737449, 2.9226139185101876, 7.498115506488866, 17633769.37934273, 2.0, 25.487753883105913, 0.4905775234583576, 0.5094224765416424, 0.0, 24.979898716711162)",150.7537981233314,22.69787200737449,2.9226139185101876,7.498115506488866,17633769.37934273,2.0,25.487753883105913,0.4905775234583576,0.5094224765416424,0.0,24.979898716711162
286,north east,2020-10-02,16224.757306392963,746280426967.7732,114991.0,1.2,1.4,1.6,"(230.18844953083286, 28.54711238270821, 3.750942246755567, 7.498115506488866, 17633769.37934273, 2.0, 16.693444710352736, 1.0, 0.4905775234583576, 0.0, 26.174528876172918)",230.18844953083286,28.54711238270821,3.750942246755567,7.498115506488866,17633769.37934273,2.0,16.693444710352736,1.0,0.4905775234583576,0.0,26.174528876172918
290,north east,2020-10-09,9706.850502503712,446480178453.3617,114991.0,1.2999999999999998,1.4,1.4999999999999998,"(76.64072840483168, 13.320668574062317, 1.8037690023129365, 7.549057705560718, 17633769.37934273, 2.0, 16.128731601481313, 1.0, 0.0, 0.0, 26.206595733579153)",76.64072840483168,13.320668574062317,1.8037690023129365,7.549057705560718,17633769.37934273,2.0,16.128731601481313,1.0,0.0,0.0,26.206595733579153
294,north east,2020-10-16,6243.369263482776,287172509990.85913,114991.0,1.2999999999999998,1.35,1.4,"(114.90577523458357, 13.03768990616657, 2.0584802405837577, 7.498115506488866, 17633769.37934273, 2.0, 21.723765155941084, 1.0, 0.0, 0.0, 26.108804457160414)",114.90577523458357,13.03768990616657,2.0584802405837577,7.498115506488866,17633769.37934273,2.0,21.723765155941084,1.0,0.0,0.0,26.108804457160414
298,north east,2020-10-23,15730.362965298593,723540067097.0602,114991.0,1.0999999999999999,1.2000000000000002,1.2999999999999998,"(175.28267429624927, 26.11306971849971, 3.505653485026388, 7.498115506488866, 17633769.37934273, 2.0, 13.194947287339094, 1.0, 0.4905775234583576, 0.0, 26.376099288929858)",175.28267429624927,26.11306971849971,3.505653485026388,7.498115506488866,17633769.37934273,2.0,13.194947287339094,1.0,0.4905775234583576,0.0,26.376099288929858
302,north east,2020-10-30,54761.86702004552,2518848740200.8223,114991.0,1.0999999999999999,1.2000000000000002,1.2999999999999998,"(170.37689906166568, 23.07537981233314, 3.3528267663550517, 7.498115506488866, 17633769.37934273, 2.0, 271.9506543636832, 1.0, 1.0, 0.0, 25.102472077524904)",170.37689906166568,23.07537981233314,3.3528267663550517,7.498115506488866,17633769.37934273,2.0,271.9506543636832,1.0,1.0,0.0,25.102472077524904
306,north east,2020-11-06,136263.92743169275,6267650111719.111,114991.0,1.0999999999999999,1.15,1.2,"(209.62310093833432, 28.58480228887478, 3.9565957839586576, 7.498115506488866, 17633769.37934273, 2.0, 361.2986467403266, 1.0, 1.0, 0.0, 26.342137790493748)",209.62310093833432,28.58480228887478,3.9565957839586576,7.498115506488866,17633769.37934273,2.0,361.2986467403266,1.0,1.0,0.0,26.342137790493748
310,north east,2020-11-13,32694.87372036511,1503846489591.4019,114991.0,1.0,1.0999999999999999,1.2,"(281.31914671582996, 30.094224765416424, 4.154711333638253, 7.498115506488866, 17633769.37934273, 2.0, 24.506657877578867, 1.0, 0.4905775234583576, 0.0, 26.509432622263187)",281.31914671582996,30.094224765416424,4.154711333638253,7.498115506488866,17633769.37934273,2.0,24.506657877578867,1.0,0.4905775234583576,0.0,26.509432622263187
314,north east,2020-11-20,9016.522439151922,414727572720.20746,114991.0,1.0,1.05,1.0999999999999999,"(244.71732570375073, 33.603647241958065, 4.5547114290056845, 7.498115506488866, 17633769.37934273, 2.0, 7.015749345211101, 1.0, 0.0, 0.0, 26.34684902876457)",244.71732570375073,33.603647241958065,4.5547114290056845,7.498115506488866,17633769.37934273,2.0,7.015749345211101,1.0,0.0,0.0,26.34684902876457
318,north east,2020-11-27,11242.036140145,517093191116.5655,114991.0,0.8,0.9,1.0,"(265.2826742962493, 34.565957335791495, 4.596231151535893, 7.498115506488866, 17633769.37934273, 2.0, 10.098148210096094, 1.0, 0.4905775234583576, 0.0, 25.884589663538883)",265.2826742962493,34.565957335791495,4.596231151535893,7.498115506488866,17633769.37934273,2.0,10.098148210096094,1.0,0.4905775234583576,0.0,25.884589663538883
322,north east,2020-12-04,7654.476491056554,352078362473.23364,114991.0,0.7,0.8,0.9,"(260.1884495308328, 24.056534859249854, 3.301884567283201, 7.498115506488866, 17633769.37934273, 2.0, 14.304490796028373, 1.0, 0.0, 0.0, 25.99684902876457)",260.1884495308328,24.056534859249854,3.301884567283201,7.498115506488866,17633769.37934273,2.0,14.304490796028373,1.0,0.0,0.0,25.99684902876457
326,north east,2020-12-11,1405.815939303841,64662472270.59519,114991.0,0.7,0.8,0.9,"(160.37689906166568, 21.58480228887478, 2.705653532710104, 7.498115506488866, 17633769.37934273, 2.0, 6.720063546430997, 1.0, 0.0, 0.0, 24.600982830540364)",160.37689906166568,21.58480228887478,2.705653532710104,7.498115506488866,17633769.37934273,2.0,6.720063546430997,1.0,0.0,0.0,24.600982830540364
330,north east,2020-12-18,5471.161882433664,251653750409.17178,114991.0,0.9,1.0,1.0999999999999999,"(175.47112382708212, 21.58480228887478, 2.27671731280891, 7.498115506488866, 17633769.37934273, 2.0, 14.705908450482697, 1.0, 0.0, 0.0, 23.584285726709044)",175.47112382708212,21.58480228887478,2.27671731280891,7.498115506488866,17633769.37934273,2.0,14.705908450482697,1.0,0.0,0.0,23.584285726709044
333,north east,2020-12-23,4935.153203080973,226999280790.19366,114991.0,0.9,1.0,1.0999999999999999,"(175.47112382708212, 24.131914671582994, 3.1094223811742108, 7.498115506488866, 17633769.37934273, 2.0, 7.059871815219851, 1.0, 0.0, 0.0, 25.29431607691037)",175.47112382708212,24.131914671582994,3.1094223811742108,7.498115506488866,17633769.37934273,2.0,7.059871815219851,1.0,0.0,0.0,25.29431607691037
338,north east,2021-01-08,6597.182083104648,303446625967.31464,114991.0,1.0999999999999999,1.25,1.4,"(95.41519771112522, 7.90936150864211, 1.4056535219124215, 7.498115506488866, 17633769.37934273, 2.0, 3.318864048604946, 0.0, 0.0, 0.0, 24.538024280161054)",95.41519771112522,7.90936150864211,1.4056535219124215,7.498115506488866,17633769.37934273,2.0,3.318864048604946,0.0,0.0,0.0,24.538024280161054
342,north east,2021-01-15,895.8005606202265,41203600906.51219,114991.0,1.0999999999999999,1.2000000000000002,1.2999999999999998,"(71.77325181970762, 6.533920919144302, 0.9356595762363293, 7.498115506488866, 17633769.37934273, 2.0, 2.22148797096365, 1.0, 0.0, 0.0, 25.357234044403477)",71.77325181970762,6.533920919144302,0.9356595762363293,7.498115506488866,17633769.37934273,2.0,2.22148797096365,1.0,0.0,0.0,25.357234044403477
345,north east,2021-01-22,1401.1474237211874,64447737360.44922,114991.0,0.8,0.9500000000000001,1.0999999999999999,"(88.37750780495865, 7.286747654918016, 1.138109407003121, 7.498115506488866, 17633769.37934273, 2.0, 7.254302819521527, 0.5094224765416424, 0.0, 0.0, 26.693080038147915)",88.37750780495865,7.286747654918016,1.138109407003121,7.498115506488866,17633769.37934273,2.0,7.254302819521527,0.5094224765416424,0.0,0.0,26.693080038147915
349,north east,2021-01-29,16230.12453814469,746527300306.3184,114991.0,0.8,0.9500000000000001,1.0999999999999999,"(232.6443808645894, 7.190516746293689, 1.0116960661104697, 7.498115506488866, 17633769.37934273, 2.0, 30.568535592244977, 1.0, 0.0, 0.0, 26.046231009383348)",232.6443808645894,7.190516746293689,1.0116960661104697,7.498115506488866,17633769.37934273,2.0,30.568535592244977,1.0,0.0,0.0,26.046231009383348
357,north west,2020-09-04,2186.8173005292915,2026456449741.6692,2316673.241577144,0.8,0.9,1.0,"(199.0542016455633, 32.1955890806405, 3.7916679906846675, 7.431024315399787, 4059895356.8925247, 2.0, 12.827506860375841, 1.0, 0.0, 0.0, 24.324428244293575)",199.0542016455633,32.1955890806405,3.7916679906846675,7.431024315399787,4059895356.8925247,2.0,12.827506860375841,1.0,0.0,0.0,24.324428244293575
361,north west,2020-09-11,6107.87315295445,5659978518558.798,2316673.241577144,1.064194497508855,1.1641944975088552,1.2641944975088553,"(321.10103836943694, 39.36516356591921, 4.433892609283393, 7.431024315399787, 4059895356.8925247, 2.0, 6.143352793722564, 1.0, 0.0, 0.0, 24.842991793472162)",321.10103836943694,39.36516356591921,4.433892609283393,7.431024315399787,4059895356.8925247,2.0,6.143352793722564,1.0,0.0,0.0,24.842991793472162
365,north west,2020-09-18,11233.765089877565,10409985194353.125,2316673.241577144,1.2,1.3321478471524741,1.4642956943049485,"(279.9694656642331, 36.12357179456458, 4.271899925181092, 7.431024315399787, 4059895356.8925247, 2.0, 27.59848179088048, 0.9662477216913129, 0.425718216233456, 0.0, 24.012019444883762)",279.9694656642331,36.12357179456458,4.271899925181092,7.431024315399787,4059895356.8925247,2.0,27.59848179088048,0.9662477216913129,0.425718216233456,0.0,24.012019444883762
369,north west,2020-09-25,23166.95969784726,21468110248279.54,2316673.241577144,1.2,1.35,1.5000000000000002,"(99.8945444271093, 25.506015912613687, 3.2034980159459403, 7.451664037176517, 4059895356.8925247, 2.0, 21.80974306811306, 0.9662477216913129, 0.49268774120089337, 0.0, 24.433324796769327)",99.8945444271093,25.506015912613687,3.2034980159459403,7.451664037176517,4059895356.8925247,2.0,21.80974306811306,0.9662477216913129,0.49268774120089337,0.0,24.433324796769327
375,north west,2020-10-02,16419.55098947314,14952457019693.457,2276623.920666244,1.2,1.3678521528475258,1.5357043056950517,"(151.66061827612018, 28.725616785010697, 3.881812126897142, 7.434668877208096, 4106586272.0703664, 2.0, 42.120472737351506, 0.863414196929726, 0.3865514740902618, 0.0, 24.41250860393551)",151.66061827612018,28.725616785010697,3.881812126897142,7.434668877208096,4106586272.0703664,2.0,42.120472737351506,0.863414196929726,0.3865514740902618,0.0,24.41250860393551
381,north west,2020-10-09,3192.665404366482,2907399372105.7197,2276623.920666244,1.2357043056950516,1.3357296048940748,1.4357549040930981,"(72.27937320811635, 10.907318198330882, 1.6214108509760388, 7.434668877208096, 4106586272.0703664, 2.0, 1.6866434708533036, 1.0, 0.0, 0.0, 24.255982043608142)",72.27937320811635,10.907318198330882,1.6214108509760388,7.434668877208096,4106586272.0703664,2.0,1.6866434708533036,1.0,0.0,0.0,24.255982043608142
387,north west,2020-10-16,3192.665404366482,2907399372105.7197,2276623.920666244,1.2999494016019535,1.3821225479534507,1.4642956943049485,"(227.44624908646216, 38.736079617748196, 4.257560745830611, 7.4966108668825155, 4106586272.0703664, 2.0, 1.6866434708533036, 1.0, 0.0, 0.0, 20.88126263003807)",227.44624908646216,38.736079617748196,4.257560745830611,7.4966108668825155,4106586272.0703664,2.0,1.6866434708533036,1.0,0.0,0.0,20.88126263003807
392,north west,2020-10-23,3192.665404366482,2907399372105.7197,2276623.920666244,1.0999999999999999,1.2000000000000002,1.2999999999999998,"(117.06065495917318, 30.78680690284507, 3.385822307068238, 7.434668877208096, 4106586272.0703664, 2.0, 1.6866434708533036, 0.9604067236657949, 0.0, 0.0, 24.223636800199994)",117.06065495917318,30.78680690284507,3.385822307068238,7.434668877208096,4106586272.0703664,2.0,1.6866434708533036,0.9604067236657949,0.0,0.0,24.223636800199994
398,north west,2020-10-30,3192.665404366482,2907399372105.7197,2276623.920666244,1.0358055024911448,1.1358055024911449,1.2358055024911447,"(168.0371941567914, 18.769453319227484, 2.7649578665683405, 7.44852651870443, 4106586272.0703664, 2.0, 1.6866434708533036, 1.0, 0.0, 0.0, 24.195847022295244)",168.0371941567914,18.769453319227484,2.7649578665683405,7.44852651870443,4106586272.0703664,2.0,1.6866434708533036,1.0,0.0,0.0,24.195847022295244
403,north west,2020-11-06,25745.76609511342,23857810958581.332,2316673.241577144,1.0357549040930982,1.0857802032921215,1.1358055024911446,"(110.6245376167178, 25.418331557819233, 2.8860576393173494, 7.431024315399787, 4059895356.8925247, 2.0, 12.540600494329329, 1.0, 0.45893546289220627, 0.0, 24.702293368515157)",110.6245376167178,25.418331557819233,2.8860576393173494,7.431024315399787,4059895356.8925247,2.0,12.540600494329329,1.0,0.45893546289220627,0.0,24.702293368515157
408,north west,2020-11-13,3192.665404366482,2907399372105.7197,2276623.920666244,0.9358055024911447,1.0358055024911448,1.1358055024911446,"(162.32229798496874, 25.833363140534754, 2.9208198409758817, 7.434668877208096, 4106586272.0703664, 2.0, 1.6866434708533036, 1.0, 0.0, 0.0, 24.4697878706204)",162.32229798496874,25.833363140534754,2.9208198409758817,7.434668877208096,4106586272.0703664,2.0,1.6866434708533036,1.0,0.0,0.0,24.4697878706204
414,north west,2020-11-20,3192.665404366482,2907399372105.7197,2276623.920666244,0.8715098081861964,0.9536576553386705,1.0358055024911448,"(109.41991376382482, 19.26624456198201, 4.47821879268758, 7.434668877208096, 4106586272.0703664, 2.0, 1.6866434708533036, 0.5231372771605357, 0.0, 0.0, 23.80209332089367)",109.41991376382482,19.26624456198201,4.47821879268758,7.434668877208096,4106586272.0703664,2.0,1.6866434708533036,0.5231372771605357,0.0,0.0,23.80209332089367
420,north west,2020-11-27,3192.665404366482,2907399372105.7197,2276623.920666244,0.7358055024911447,0.8358055024911447,0.9358055024911447,"(168.97805660434543, 26.78763634901904, 3.3808201536476963, 7.434668877208096, 4106586272.0703664, 2.0, 1.6866434708533036, 1.0, 0.0, 0.0, 24.437964496377017)",168.97805660434543,26.78763634901904,3.3808201536476963,7.434668877208096,4106586272.0703664,2.0,1.6866434708533036,1.0,0.0,0.0,24.437964496377017
426,north west,2020-12-04,3192.665404366482,2907399372105.7197,2276623.920666244,0.7000505983980465,0.8000252991990234,0.9,"(110.70403588426376, 19.186035010860433, 3.403503674659539, 7.434668877208096, 4106586272.0703664, 2.0, 1.6866434708533036, 0.9722580442792162, 0.0, 0.0, 24.047374294160058)",110.70403588426376,19.186035010860433,3.403503674659539,7.434668877208096,4106586272.0703664,2.0,1.6866434708533036,0.9722580442792162,0.0,0.0,24.047374294160058
432,north west,2020-12-11,9474.637670513803,8628074704134.89,2276623.920666244,0.7000505983980465,0.8000505983980466,0.9000505983980466,"(166.11982037599375, 18.379095170353132, 2.261110766610117, 7.434668877208096, 4106586272.0703664, 2.0, 15.40892461617194, 1.0, 0.3865514740902618, 0.0, 24.700639865220875)",166.11982037599375,18.379095170353132,2.261110766610117,7.434668877208096,4106586272.0703664,2.0,15.40892461617194,1.0,0.3865514740902618,0.0,24.700639865220875
438,north west,2020-12-18,3192.665404366482,2907399372105.7197,2276623.920666244,0.9000505983980466,1.0000505983980468,1.1000505983980466,"(182.1828507179671, 21.303186082377415, 3.357522764874888, 7.434668877208096, 4106586272.0703664, 2.0, 1.6866434708533036, 0.9840864881715907, 0.0, 0.0, 23.615881141485932)",182.1828507179671,21.303186082377415,3.357522764874888,7.434668877208096,4106586272.0703664,2.0,1.6866434708533036,0.9840864881715907,0.0,0.0,23.615881141485932
442,north west,2020-12-23,3057.694993890609,2833472069300.3047,2316673.241577144,0.9000505983980466,1.0000505983980468,1.1000505983980466,"(187.22414270745003, 19.357778915080367, 2.32106330821618, 7.428298081132721, 4059895356.8925247, 2.0, 1.6299106549964368, 1.0, 0.0, 0.0, 24.223114694102044)",187.22414270745003,19.357778915080367,2.32106330821618,7.428298081132721,4059895356.8925247,2.0,1.6299106549964368,1.0,0.0,0.0,24.223114694102044
447,north west,2021-01-08,3192.665404366482,2907399372105.7197,2276623.920666244,1.0357549040930982,1.2178774520465492,1.4,"(266.31135979904195, 25.367148003503175, 2.996456672769416, 7.434668877208096, 4106586272.0703664, 2.0, 1.6866434708533036, 0.9552415834844862, 0.0, 0.0, 24.775787609208347)",266.31135979904195,25.367148003503175,2.996456672769416,7.434668877208096,4106586272.0703664,2.0,1.6866434708533036,0.9552415834844862,0.0,0.0,24.775787609208347
451,north west,2021-01-15,3192.665404366482,2907399372105.7197,2276623.920666244,1.1642956943049485,1.2964182422583994,1.4285407902118503,"(91.02374249788791, 7.683862307121885, 1.3338639608011362, 7.434668877208096, 4106586272.0703664, 2.0, 1.6866434708533036, 0.9502848989874296, 0.0, 0.0, 23.72269812366306)",91.02374249788791,7.683862307121885,1.3338639608011362,7.434668877208096,4106586272.0703664,2.0,1.6866434708533036,0.9502848989874296,0.0,0.0,23.72269812366306
455,north west,2021-01-22,3192.665404366482,2907399372105.7197,2276623.920666244,0.8642956943049485,1.0142956943049486,1.1642956943049485,"(61.13927677794529, 7.223195373001764, 1.0052720570486229, 7.434668877208096, 4106586272.0703664, 2.0, 1.6866434708533036, 1.0, 0.0, 0.0, 24.00740127636027)",61.13927677794529,7.223195373001764,1.0052720570486229,7.434668877208096,4106586272.0703664,2.0,1.6866434708533036,1.0,0.0,0.0,24.00740127636027
459,north west,2021-01-29,3122.663673560227,2893676549992.785,2316673.241577144,0.8,0.9500000000000001,1.0999999999999999,"(120.95222987618597, 12.375260316165647, 1.4734450881187409, 7.431024315399787, 4059895356.8925247, 2.0, 1.6616407721706326, 0.5872051707935676, 0.0, 0.0, 24.587650454127765)",120.95222987618597,12.375260316165647,1.4734450881187409,7.431024315399787,4059895356.8925247,2.0,1.6616407721706326,0.5872051707935676,0.0,0.0,24.587650454127765
463,north west,2021-02-05,3225.9267440475883,2856191564206.0615,2213465.920666244,0.7357043056950514,0.8678268536485025,0.9999494016019533,"(71.51896892460435, 14.94578253631918, 3.395260747579823, 7.427098048648959, 4223205732.8587317, 2.0, 1.7088608579982758, 0.8942829894893675, 0.0, 0.0, 23.6314663064868)",71.51896892460435,14.94578253631918,3.395260747579823,7.427098048648959,4223205732.8587317,2.0,1.7088608579982758,0.8942829894893675,0.0,0.0,23.6314663064868
467,south east,2020-09-04,2095.335069814648,2686374309929.631,3205184.636850547,0.8000275513177931,0.9001418312776728,1.0002561112375523,"(375.45181425930286, 37.81419132513877, 4.287004654784414, 7.610164438057378, 305055182.1689526, 2.0, 9.1630213911152, 0.6819402403281101, 0.0, 0.0, 23.36740046642788)",375.45181425930286,37.81419132513877,4.287004654784414,7.610164438057378,305055182.1689526,2.0,9.1630213911152,0.6819402403281101,0.0,0.0,23.36740046642788
471,south east,2020-09-11,1986.8761341684324,2547321944224.666,3205184.636850547,0.9978066228630504,1.098894873521649,1.1999831241802474,"(358.37386889095103, 44.78818344545475, 5.056229102818246, 7.610164438057378, 305055182.1689526, 2.0, 10.344518888682721, 0.5969755673556247, 0.0, 0.0, 23.99296295509119)",358.37386889095103,44.78818344545475,5.056229102818246,7.610164438057378,305055182.1689526,2.0,10.344518888682721,0.5969755673556247,0.0,0.0,23.99296295509119
475,south east,2020-09-18,5967.933028605055,7651330902815.152,3205184.636850547,1.0976393659005887,1.2480964857401076,1.3985536055796257,"(393.76629872190387, 40.12157249427802, 4.592736034379528, 7.610164438057378, 305055182.1689526, 2.0, 21.714191119073764, 0.6819402403281101, 0.0, 0.0, 23.316073522423018)",393.76629872190387,40.12157249427802,4.592736034379528,7.610164438057378,305055182.1689526,2.0,21.714191119073764,0.6819402403281101,0.0,0.0,23.316073522423018
479,south east,2020-09-25,2611.1466949739765,1482611261434.2566,1419502.0757432326,1.0023204582278744,1.1513464875291552,1.3003725168304365,"(356.1369551730788, 46.974746543702686, 4.303159326473259, 7.743849517709816, 594482493.5767102, 2.0, 7.12300510516094, 0.2993720442018372, 0.0, 0.0, 23.32575079603598)",356.1369551730788,46.974746543702686,4.303159326473259,7.743849517709816,594482493.5767102,2.0,7.12300510516094,0.2993720442018372,0.0,0.0,23.32575079603598
483,south east,2020-10-02,7859.986565231524,10077083273892.713,3205184.636850547,1.0981240370579004,1.248137812716797,1.3981515883756936,"(318.462961047423, 27.998106501362063, 3.3020047908812664, 7.610164438057378, 305055182.1689526, 2.0, 30.613610128906586, 0.5969755673556247, 0.0, 0.0, 25.436647814201287)",318.462961047423,27.998106501362063,3.3020047908812664,7.610164438057378,305055182.1689526,2.0,30.613610128906586,0.5969755673556247,0.0,0.0,25.436647814201287
487,south east,2020-10-09,3104.063199856337,3979638271997.0728,3205184.636850547,1.2021765013171972,1.3032869655445687,1.40439742977194,"(243.20771196661346, 36.782553289242614, 3.563249860740826, 7.6574226644447245, 305055182.1689526, 2.0, 6.181429940955504, 0.5969755673556247, 0.0, 0.0, 22.496303770517926)",243.20771196661346,36.782553289242614,3.563249860740826,7.6574226644447245,305055182.1689526,2.0,6.181429940955504,0.5969755673556247,0.0,0.0,22.496303770517926
491,south east,2020-10-16,2704.881099035248,3467857337254.08,3205184.636850547,1.2999004702268684,1.400050739414417,1.500201008601966,"(307.7455442645719, 37.27098258868773, 3.9154577495489704, 7.610164438057378, 305055182.1689526, 2.0, 7.330021878136397, 0.6819402403281101, 0.01843791737477583, 0.0, 23.595014679188054)",307.7455442645719,37.27098258868773,3.9154577495489704,7.610164438057378,305055182.1689526,2.0,7.330021878136397,0.6819402403281101,0.01843791737477583,0.0,23.595014679188054
495,south east,2020-10-23,12061.283430612226,15463456140999.348,3205184.636850547,1.2001565814644206,1.3491466215380323,1.4981366616116438,"(261.41405114424515, 30.60978810408602, 3.387058179142392, 7.611173500233616, 305055182.1689526, 2.0, 8.704115194767423, 0.6819402403281101, 0.1163601486013722, 0.0, 22.786093695513948)",261.41405114424515,30.60978810408602,3.387058179142392,7.611173500233616,305055182.1689526,2.0,8.704115194767423,0.6819402403281101,0.1163601486013722,0.0,22.786093695513948
499,south east,2020-10-30,31254.571709378757,40070669229697.81,3205184.636850547,1.1999724486822068,1.3000867286420865,1.400201008601966,"(266.74736845562666, 29.990558925675394, 3.2436610956213023, 7.610164438057378, 305055182.1689526, 2.0, 30.34013374754102, 0.6819402403281101, 0.41817972788757574, 0.0, 23.41201224856273)",266.74736845562666,29.990558925675394,3.2436610956213023,7.610164438057378,305055182.1689526,2.0,30.34013374754102,0.6819402403281101,0.41817972788757574,0.0,23.41201224856273
504,south east,2020-11-06,89885.61005106752,115239990563848.3,3205184.636850547,1.1979800801472231,1.2989540508459423,1.3999280215446612,"(321.0343289859556, 35.527374855112804, 4.17014628733446, 7.6096599069692585, 322932463.64873874, 2.0, 134.07214331294898, 0.7276355672227149, 0.8937339969982786, 0.0, 26.55800831317591)",321.0343289859556,35.527374855112804,4.17014628733446,7.6096599069692585,322932463.64873874,2.0,134.07214331294898,0.7276355672227149,0.8937339969982786,0.0,26.55800831317591
510,south east,2020-11-13,31835.765611179853,40815802735731.45,3205184.636850547,1.19795252882943,1.298926499528149,1.3999004702268683,"(331.6173940424803, 34.06841072598359, 3.7630782125136637, 7.610164438057378, 305055182.1689526, 2.0, 13.623439998023185, 0.7276355672227149, 0.3472456314628318, 0.0, 22.83396891566647)",331.6173940424803,34.06841072598359,3.7630782125136637,7.610164438057378,305055182.1689526,2.0,13.623439998023185,0.7276355672227149,0.3472456314628318,0.0,22.83396891566647
516,south east,2020-11-20,30325.27946800851,38879247943624.086,3205184.636850547,1.0977515202274641,1.1988397708860627,1.2999280215446616,"(300.36987286594956, 38.13024716927895, 3.8808026175752492, 7.610164438057378, 305055182.1689526, 2.0, 53.13718480958947, 0.7276355672227149, 0.9322056193758694, 0.0, 23.42553583882096)",300.36987286594956,38.13024716927895,3.8808026175752492,7.610164438057378,305055182.1689526,2.0,53.13718480958947,0.7276355672227149,0.9322056193758694,0.0,23.42553583882096
522,south east,2020-11-27,65913.21290469258,84505606947031.95,3205184.636850547,0.9977790715452572,1.0977652958863606,1.197751520227464,"(342.532457238058, 41.270298048737246, 4.1064744204258705, 7.610164438057378, 305055182.1689526, 2.0, 84.48535454381741, 0.7276355672227149, 0.9257761243450567, 0.16089085958696353, 22.553392307361467)",342.532457238058,41.270298048737246,4.1064744204258705,7.610164438057378,305055182.1689526,2.0,84.48535454381741,0.7276355672227149,0.9257761243450567,0.16089085958696353,22.553392307361467
528,south east,2020-12-04,14605.161693369204,18724895951322.035,3205184.636850547,0.899498453022936,0.9986165487153238,1.0977346444077116,"(213.09890623831083, 24.07979544227318, 2.7584533384661047, 7.610164438057378, 305055182.1689526, 2.0, 12.670407634867233, 0.6426708942502296, 0.18306499264566897, 0.0, 21.060341851096098)",213.09890623831083,24.07979544227318,2.7584533384661047,7.610164438057378,305055182.1689526,2.0,12.670407634867233,0.6426708942502296,0.18306499264566897,0.0,21.060341851096098
534,south east,2020-12-11,44724.04675485662,25394350881662.547,1419502.0757432326,0.8997270129426953,0.9997270129426952,1.0997270129426953,"(275.51208501405847, 37.757160071240364, 3.7847096563934417, 7.743849517709816, 594482493.5767102, 2.0, 40.49707338800215, 0.4025504489687099, 0.8968215952331274, 0.0, 23.386719564390468)",275.51208501405847,37.757160071240364,3.7847096563934417,7.743849517709816,594482493.5767102,2.0,40.49707338800215,0.4025504489687099,0.8968215952331274,0.0,23.386719564390468
540,south east,2020-12-18,143588.80743549895,184091455846381.12,3205184.636850547,1.101446394420374,1.2015606743802536,1.3016749543401334,"(259.95653068162613, 33.44483297566587, 3.3536237251929517, 7.610164438057378, 305055182.1689526, 2.0, 81.87255236098886, 0.6426708942502296, 0.42211615883566644, 0.22146153569408014, 22.68601396866353)",259.95653068162613,33.44483297566587,3.3536237251929517,7.610164438057378,305055182.1689526,2.0,81.87255236098886,0.6426708942502296,0.42211615883566644,0.22146153569408014,22.68601396866353
544,south east,2020-12-23,48326.76277152461,61958479033604.664,3205184.636850547,1.1994540258853903,1.300441772243006,1.4014295186006218,"(196.1510436243862, 28.079181773289104, 3.0476323415166267, 7.610164438057378, 305055182.1689526, 2.0, 68.44861519263932, 0.7276355672227149, 0.3623937696074084, 0.039265831863792185, 22.853314710415646)",196.1510436243862,28.079181773289104,3.0476323415166267,7.610164438057378,305055182.1689526,2.0,68.44861519263932,0.7276355672227149,0.3623937696074084,0.039265831863792185,22.853314710415646
551,south east,2021-01-08,8730.988872598218,11193772559585.955,3205184.636850547,1.1,1.2491403092611606,1.398280618522321,"(304.00496391558966, 38.49371144157362, 4.118343664386678, 7.610164438057378, 305055182.1689526, 2.0, 3.893381294180063, 0.6819402403281101, 0.0, 0.0, 22.953451320813183)",304.00496391558966,38.49371144157362,4.118343664386678,7.610164438057378,305055182.1689526,2.0,3.893381294180063,0.6819402403281101,0.0,0.0,22.953451320813183
556,south east,2021-01-15,49171.45318888899,63041434533057.125,3205184.636850547,1.0005184227968162,1.1016204491143116,1.2027224754318067,"(246.82479122128976, 29.799743103396636, 3.2399309776252503, 7.610164438057378, 305055182.1689526, 2.0, 57.140796055940214, 0.6819402403281101, 0.17932877696173935, 0.0, 22.777432931277975)",246.82479122128976,29.799743103396636,3.2399309776252503,7.610164438057378,305055182.1689526,2.0,57.140796055940214,0.6819402403281101,0.17932877696173935,0.0,22.777432931277975
562,south east,2021-01-22,14606.051571946424,18726036841379.785,3205184.636850547,0.6985980327171714,0.8485842570582747,0.9985704813993781,"(255.3366818983305, 30.932165754610065, 3.3157032074436463, 7.610164438057378, 305055182.1689526, 2.0, 30.20984595984561, 0.5969755673556247, 0.09016872894699708, 0.0, 22.859394700651926)",255.3366818983305,30.932165754610065,3.3157032074436463,7.610164438057378,305055182.1689526,2.0,30.20984595984561,0.5969755673556247,0.09016872894699708,0.0,22.859394700651926
566,south east,2021-01-29,19490.6680043246,11066817475904.39,1419502.0757432326,0.7002454357395115,0.8003957049270605,0.9005459741146095,"(220.6823261214405, 27.822148330974446, 2.879715683076284, 7.743849517709816, 594482493.5767102, 2.0, 33.495261765457485, 0.2993720442018372, 0.1714489912356925, 0.0, 23.07776695998168)",220.6823261214405,27.822148330974446,2.879715683076284,7.743849517709816,594482493.5767102,2.0,33.495261765457485,0.2993720442018372,0.1714489912356925,0.0,23.07776695998168
570,south east,2021-02-05,19303.87721459076,24748996271942.254,3205184.636850547,0.6022209284547427,0.7510966885684748,0.8999724486822068,"(152.93636793425594, 24.254108724400194, 2.680747417008342, 7.610164438057378, 305055182.1689526, 2.0, 42.979951892963584, 0.13258494792411485, 0.12470392037649733, 0.0, 22.605220134783085)",152.93636793425594,24.254108724400194,2.680747417008342,7.610164438057378,305055182.1689526,2.0,42.979951892963584,0.13258494792411485,0.12470392037649733,0.0,22.605220134783085
574,south west,2020-09-04,101.37543161838964,69409081717.71666,1711684.0,0.8,0.9499474011886976,1.0998948023773951,"(424.50313258755705, 35.43133195145833, 4.748691896231261, 7.483519247849696, 13015870.38032721, 2.0, 0.27038551848730025, 0.8791272220807111, 0.0, 0.0, 25.078709796901762)",424.50313258755705,35.43133195145833,4.748691896231261,7.483519247849696,13015870.38032721,2.0,0.27038551848730025,0.8791272220807111,0.0,0.0,25.078709796901762
578,south west,2020-09-11,97.20336739758092,66552579488.224365,1711684.0,0.900061324440529,1.0500087256292265,1.1999561268179237,"(411.83809628412723, 43.69679450178888, 5.231473228332546, 7.483519247849696, 13015870.38032721, 2.0, 0.25474027174049285, 0.9083171893877608, 0.0, 0.0, 25.159604089695687)",411.83809628412723,43.69679450178888,5.231473228332546,7.483519247849696,13015870.38032721,2.0,0.25474027174049285,0.9083171893877608,0.0,0.0,25.159604089695687
582,south west,2020-09-18,1154.5502088203293,790490047853.7666,1711684.0,0.9002542684272862,1.250043873182076,1.5998334779368664,"(504.14846431934865, 48.5556119003274, 5.8640620909387025, 7.483519247849696, 13015870.38032721, 2.0, 3.0025943585231696, 0.8791272220807111, 0.0, 0.0, 26.01220618603278)",504.14846431934865,48.5556119003274,5.8640620909387025,7.483519247849696,13015870.38032721,2.0,3.0025943585231696,0.8791272220807111,0.0,0.0,26.01220618603278
586,south west,2020-09-25,1870.3219754839763,1280560080113.7258,1711684.0,1.0999825487415473,1.2499825487415472,1.399982548741547,"(421.32025537423965, 40.46389987871593, 4.986966332224749, 7.483519247849696, 13015870.38032721, 2.0, 6.1177872179111805, 0.9083171893877608, 0.0, 0.0, 25.743720686762273)",421.32025537423965,40.46389987871593,4.986966332224749,7.483519247849696,13015870.38032721,2.0,6.1177872179111805,0.9083171893877608,0.0,0.0,25.743720686762273
590,south west,2020-10-02,337.2137055817114,230881321769.97043,1711684.0,1.1000438731820763,1.250043873182076,1.400043873182076,"(379.54877185274853, 34.43659343663901, 3.5768934766443907, 7.483519247849696, 13015870.38032721, 2.0, 0.5809128221935915, 0.9083171893877608, 0.0, 0.0, 26.509179498084926)",379.54877185274853,34.43659343663901,3.5768934766443907,7.483519247849696,13015870.38032721,2.0,0.5809128221935915,0.9083171893877608,0.0,0.0,26.509179498084926
594,south west,2020-10-09,4724.295193074531,3234600197305.0347,1711684.0,1.2998948023773949,1.4498641401571306,1.5998334779368664,"(264.2607864535744, 19.518946254098303, 2.13991683340239, 7.489239028679423, 13015870.38032721, 2.0, 3.4737891771453167, 0.9083171893877608, 0.0, 0.0, 25.433755373850158)",264.2607864535744,19.518946254098303,2.13991683340239,7.489239028679423,13015870.38032721,2.0,3.4737891771453167,0.9083171893877608,0.0,0.0,25.433755373850158
598,south west,2020-10-16,3952.0067017717706,2705834655726.2046,1711684.0,1.2999561268179238,1.4499254645976596,1.5998948023773953,"(136.90628644072154, 41.87136293848631, 4.540888823441981, 7.483519247849696, 13015870.38032721, 2.0, 10.074762628966015, 0.8791272220807111, 0.0, 0.0, 25.126204272128106)",136.90628644072154,41.87136293848631,4.540888823441981,7.483519247849696,13015870.38032721,2.0,10.074762628966015,0.8791272220807111,0.0,0.0,25.126204272128106
602,south west,2020-10-23,3237.7066127190037,2216772242274.126,1711684.0,1.2998509291953189,1.449828992604281,1.599807056013243,"(100.75293220010235, 28.863342766538683, 2.773205295699557, 7.474275753098881, 13015870.38032721, 2.0, 4.133100373103593, 0.8654342740833004, 0.0, 0.0, 25.762552550587607)",100.75293220010235,28.863342766538683,2.773205295699557,7.474275753098881,13015870.38032721,2.0,4.133100373103593,0.8654342740833004,0.0,0.0,25.762552550587607
606,south west,2020-10-30,16288.036946956528,11151988893405.736,1711684.0,1.1999999999999997,1.3499474011886976,1.4998948023773948,"(277.16817823850664, 21.6136670086301, 2.433648855162612, 7.483519247849696, 13015870.38032721, 2.0, 41.036130973563225, 0.8791272220807111, 0.0428829153044604, 0.0, 25.569381751148768)",277.16817823850664,21.6136670086301,2.433648855162612,7.483519247849696,13015870.38032721,2.0,41.036130973563225,0.8791272220807111,0.0428829153044604,0.0,25.569381751148768
610,south west,2020-11-06,127335.5723013694,87183304695638.88,1711684.0,1.1999561268179237,1.2999561268179236,1.399956126817924,"(96.36611196926536, 31.21090925661512, 3.336255709232367, 7.483519247849696, 13015870.38032721, 2.0, 10.367232573403975, 0.9083171893877608, 0.927497131479876, 0.0, 26.26728629038226)",96.36611196926536,31.21090925661512,3.336255709232367,7.483519247849696,13015870.38032721,2.0,10.367232573403975,0.9083171893877608,0.927497131479876,0.0,26.26728629038226
615,south west,2020-11-13,12762.260897866794,8363272923311.603,1638282.0,1.1999561268179237,1.2999561268179236,1.399956126817924,"(152.95596240451889, 24.82574870536592, 2.1199525308176552, 7.483891677481328, 13076356.58596017, 2.0, 48.14161109697989, 0.9042094096132411, 0.0, 0.0, 25.280343880561055)",152.95596240451889,24.82574870536592,2.1199525308176552,7.483891677481328,13076356.58596017,2.0,48.14161109697989,0.9042094096132411,0.0,0.0,25.280343880561055
619,south west,2020-11-20,19635.355702470042,13443809676090.691,1711684.0,1.000061324440529,1.1500087256292264,1.2999561268179238,"(245.92941220458917, 31.501010700573236, 3.310660926701607, 7.483519247849696, 13015870.38032721, 2.0, 34.51938906869722, 0.9083171893877608, 0.8362443067762507, 0.0, 25.879365642256396)",245.92941220458917,31.501010700573236,3.310660926701607,7.483519247849696,13015870.38032721,2.0,34.51938906869722,0.9083171893877608,0.8362443067762507,0.0,25.879365642256396
623,south west,2020-11-27,6065.670365896824,4153004365831.8955,1711684.0,0.900061324440529,1.000061324440529,1.100061324440529,"(367.20092026331963, 39.31745579207377, 3.8705159112237957, 7.483519247849696, 13015870.38032721, 2.0, 8.92383399512504, 0.8791272220807111, 0.0, 0.0, 24.97863258249381)",367.20092026331963,39.31745579207377,3.8705159112237957,7.483519247849696,13015870.38032721,2.0,8.92383399512504,0.8791272220807111,0.0,0.0,24.97863258249381
627,south west,2020-12-04,6102.638188415647,684222911574.6117,280298.0,0.7001665220631339,0.8500919866607933,1.0000174512584528,"(128.19075412596592, 13.387146464612142, 1.3174764017799212, 7.399357684451401, 9357309.393145867, 2.0, 6.329495736953471, 0.26187129412268373, 0.17825314486724844, 0.0, 24.118994427359453)",128.19075412596592,13.387146464612142,1.3174764017799212,7.399357684451401,9357309.393145867,2.0,6.329495736953471,0.26187129412268373,0.17825314486724844,0.0,24.118994427359453
631,south west,2020-12-11,2863.0476002102437,1960253107407.308,1711684.0,0.800061324440529,0.900061324440529,1.000061324440529,"(121.56033006092245, 29.360480778110137, 2.881912792165031, 7.483519247849696, 13015870.38032721, 2.0, 12.440521262059274, 0.8654342740833004, 0.0, 0.0, 26.239665557427653)",121.56033006092245,29.360480778110137,2.881912792165031,7.483519247849696,13015870.38032721,2.0,12.440521262059274,0.8654342740833004,0.0,0.0,26.239665557427653
635,south west,2020-12-18,9246.931692255748,6331130010690.836,1711684.0,0.900166522063134,1.0501139232518313,1.2000613244405287,"(196.96711542551077, 20.92106720633014, 2.1746869265575195, 7.483519247849696, 13015870.38032721, 2.0, 16.803669458298966, 0.9083171893877608, 0.0, 0.0, 25.182260627545734)",196.96711542551077,20.92106720633014,2.1746869265575195,7.483519247849696,13015870.38032721,2.0,16.803669458298966,0.9083171893877608,0.0,0.0,25.182260627545734
638,south west,2020-12-23,9977.411849943423,6831270489983.423,1711684.0,1.000122648881058,1.100122648881058,1.2001226488810577,"(130.82116792585546, 12.133487033974815, 1.230864539961397, 7.483519247849696, 13015870.38032721, 2.0, 21.32826645255663, 0.8791272220807111, 0.0, 0.0, 25.30924989659306)",130.82116792585546,12.133487033974815,1.230864539961397,7.483519247849696,13015870.38032721,2.0,21.32826645255663,0.8791272220807111,0.0,0.0,25.30924989659306
644,south west,2021-01-08,4466.447231301224,3058058505065.0415,1711684.0,1.1,1.2999474011886976,1.4998948023773948,"(139.22652779368156, 35.04431775393691, 3.2014857615346988, 7.483519247849696, 13015870.38032721, 2.0, 2.8914079734829414, 0.9083171893877608, 0.0, 0.0, 25.218529977885325)",139.22652779368156,35.04431775393691,3.2014857615346988,7.483519247849696,13015870.38032721,2.0,2.8914079734829414,0.9083171893877608,0.0,0.0,25.218529977885325
648,south west,2021-01-15,9069.808997732414,6028593203084.763,1661720.0,1.199877351118942,1.3498247523076397,1.4997721534963369,"(313.0674602219387, 19.250813614808752, 2.070441112773298, 7.485529344854875, 3316836765.2564044, 2.0, 32.5187738690049, 0.9055605035746095, 0.06392894109717642, 0.0, 25.97552357396754)",313.0674602219387,19.250813614808752,2.070441112773298,7.485529344854875,3316836765.2564044,2.0,32.5187738690049,0.9055605035746095,0.06392894109717642,0.0,25.97552357396754
652,south west,2021-01-22,2414.152789864431,1652906681586.5234,1711684.0,0.8998773511189422,1.049877351118942,1.199877351118942,"(198.14588907765685, 10.788865918129735, 1.0009985672484902, 7.483519247849696, 13015870.38032721, 2.0, 0.32346312843571334, 0.8791272220807111, 0.0, 0.0, 26.779718608497053)",198.14588907765685,10.788865918129735,1.0009985672484902,7.483519247849696,13015870.38032721,2.0,0.32346312843571334,0.8791272220807111,0.0,0.0,26.779718608497053
656,south west,2021-01-29,4124.449627279864,2823901774328.3633,1711684.0,0.7999386755594711,0.9499080133392065,1.0998773511189421,"(76.89196954578064, 13.241711310539076, 1.2078269306752334, 7.483519247849696, 13015870.38032721, 2.0, 3.9289899095446663, 0.9083171893877608, 0.0, 0.0, 25.656146130555246)",76.89196954578064,13.241711310539076,1.2078269306752334,7.483519247849696,13015870.38032721,2.0,3.9289899095446663,0.9083171893877608,0.0,0.0,25.656146130555246
660,south west,2021-02-05,9629.875512050634,6184121160229.086,1605452.0,0.699938675559471,0.7999693377797356,0.9000000000000001,"(149.49954903665758, 19.343975409834897, 1.7459355610110239, 7.49566261711606, 13389544.283653451, 2.0, 6.569297833301703, 0.9684201084803532, 0.0, 0.0, 27.45050004609294)",149.49954903665758,19.343975409834897,1.7459355610110239,7.49566261711606,13389544.283653451,2.0,6.569297833301703,0.9684201084803532,0.0,0.0,27.45050004609294
664,west midlands,2020-09-04,4666.733305244317,18288980197451.438,9797528.057205936,0.8,0.9000291149564743,1.0000582299129483,"(415.71304608801466, 47.19745177305459, 4.9967388890046855, 7.516495642229984, 6619944.492091784, 2.0, 3.9983769126799182, 0.0, 0.0, 0.0, 19.17414924375461)",415.71304608801466,47.19745177305459,4.9967388890046855,7.516495642229984,6619944.492091784,2.0,3.9983769126799182,0.0,0.0,0.0,19.17414924375461
668,west midlands,2020-09-11,12230.79855676229,47932636808764.97,9797528.057205936,0.9000786512899446,1.0001077662464188,1.1001368812028933,"(346.43311899135375, 50.987909180831835, 5.899233289156265, 7.516495642229984, 6619944.492091784, 2.0, 6.829534852775584, 0.0, 0.0, 0.0, 19.128332604693362)",346.43311899135375,50.987909180831835,5.899233289156265,7.516495642229984,6619944.492091784,2.0,6.829534852775584,0.0,0.0,0.0,19.128332604693362
672,west midlands,2020-09-18,87484.93681209949,361687234474503.1,10335700.283219513,1.1998067376150476,1.3499231974409447,1.5000396572668417,"(399.70192580778826, 53.940385161557636, 7.564231007252463, 7.5029807390794625, 4809894.763686011, 2.0, 0.31456213399824007, 0.0, 0.9701925807788166, 0.0, 18.392402999585673)",399.70192580778826,53.940385161557636,7.564231007252463,7.5029807390794625,4809894.763686011,2.0,0.31456213399824007,0.0,0.9701925807788166,0.0,18.392402999585673
676,west midlands,2020-09-25,38193.68915677803,149681496448693.97,9797528.057205936,1.1999046247948377,1.3499046247948376,1.4999046247948378,"(391.12703347993585, 49.80956513039952, 6.187196392149365, 7.503119851203719, 6619944.492091784, 2.0, 23.34631416219928, 0.0, 0.9688014582095619, 0.0, 19.27140580094531)",391.12703347993585,49.80956513039952,6.187196392149365,7.503119851203719,6619944.492091784,2.0,23.34631416219928,0.0,0.9688014582095619,0.0,19.27140580094531
680,west midlands,2020-10-02,7547.619866721712,29579206963732.36,9797528.057205936,1.1999231974409446,1.3499231974409447,1.4999231974409448,"(305.39455751452107, 36.26751607564847, 4.025725630717546, 7.516495642229984, 6619944.492091784, 2.0, 30.725317861644886, 0.0, 0.0, 0.0, 19.483320142061928)",305.39455751452107,36.26751607564847,4.025725630717546,7.516495642229984,6619944.492091784,2.0,30.725317861644886,0.0,0.0,0.0,19.483320142061928
684,west midlands,2020-10-09,56677.42580395749,222119467809792.47,9797528.057205936,1.2000582299129485,1.3500339239289356,1.500009617944923,"(279.4645011672944, 33.53804242945047, 4.338647181297558, 7.516495642229984, 6619944.492091784, 2.0, 14.965201525442597, 0.0, 0.0, 0.0, 18.95611651827669)",279.4645011672944,33.53804242945047,4.338647181297558,7.516495642229984,6619944.492091784,2.0,14.965201525442597,0.0,0.0,0.0,18.95611651827669
688,west midlands,2020-10-16,8002.154847082809,33083149647744.074,10335700.283219513,1.2001068418809742,1.3500825358969615,1.5000582299129486,"(320.0, 40.23845935376947, 5.61490361424316, 7.5029807390794625, 4809894.763686011, 2.0, 1.522721467599628, 0.0, 0.0, 0.0, 19.139694843758566)",320.0,40.23845935376947,5.61490361424316,7.5029807390794625,4809894.763686011,2.0,1.522721467599628,0.0,0.0,0.0,19.139694843758566
692,west midlands,2020-10-23,25036.488567969925,98118279679440.4,9797528.057205936,1.100135032472004,1.2001734337515317,1.3002118350310592,"(302.40741134013194, 39.12479416716175, 4.417250891661117, 7.516495642229984, 6619944.492091784, 2.0, 92.18688155065495, 0.0, 0.9688014582095619, 0.0, 20.09551937970548)",302.40741134013194,39.12479416716175,4.417250891661117,7.516495642229984,6619944.492091784,2.0,92.18688155065495,0.0,0.9688014582095619,0.0,20.09551937970548
696,west midlands,2020-10-30,99466.32415921205,389809640678808.25,9797528.057205936,1.1999399213561621,1.2999690363126364,1.3999981512691109,"(491.0084586952976, 46.37137222333175, 6.285426871174627, 7.516495642229984, 6619944.492091784, 2.0, 153.81676005369414, 0.0, 1.0, 0.0, 18.796480754325984)",491.0084586952976,46.37137222333175,6.285426871174627,7.516495642229984,6619944.492091784,2.0,153.81676005369414,0.0,1.0,0.0,18.796480754325984
700,west midlands,2020-11-06,143429.59943331467,562102209872683.6,9797528.057205936,1.1000467632371367,1.2000317435761771,1.3000167239152176,"(365.809148155545, 48.282200198115596, 6.986452674295281, 7.516495642229984, 6619944.492091784, 2.0, 255.0678735256541, 0.0, 1.0, 0.0, 19.236606066195606)",365.809148155545,48.282200198115596,6.986452674295281,7.516495642229984,6619944.492091784,2.0,255.0678735256541,0.0,1.0,0.0,19.236606066195606
704,west midlands,2020-11-13,32382.703695257223,133879167901793.45,10335700.283219513,1.1000167239152177,1.2000167239152177,1.3000167239152176,"(337.6154064623054, 32.08942225766355, 3.8149036690335185, 7.5029807390794625, 4809894.763686011, 2.0, 24.581726849999626, 0.0, 0.9701925807788166, 0.0, 19.459839042667703)",337.6154064623054,32.08942225766355,3.8149036690335185,7.5029807390794625,4809894.763686011,2.0,24.581726849999626,0.0,0.9701925807788166,0.0,19.459839042667703
708,west midlands,2020-11-20,128789.25046038427,532450836983609.0,10335700.283219513,0.9999584940022692,1.0999876089587435,1.2000167239152175,"(397.6154064623054, 47.850962903894086, 5.002980739079462, 7.5029807390794625, 4809894.763686011, 2.0, 167.11090939439595, 0.0, 0.9701925807788166, 0.0, 18.585672139326064)",397.6154064623054,47.850962903894086,5.002980739079462,7.5029807390794625,4809894.763686011,2.0,167.11090939439595,0.0,0.9701925807788166,0.0,18.585672139326064
712,west midlands,2020-11-27,48352.31635005696,189493270428232.12,9797528.057205936,0.8999584940022691,0.9999584940022692,1.0999584940022693,"(287.71349685154985, 43.69243818225078, 4.956180778726466, 7.516495642229984, 6619944.492091784, 2.0, 36.429913157901424, 0.0, 0.9688014582095619, 0.0, 18.861052348009718)",287.71349685154985,43.69243818225078,4.956180778726466,7.516495642229984,6619944.492091784,2.0,36.429913157901424,0.0,0.9688014582095619,0.0,18.861052348009718
716,west midlands,2020-12-04,2886.744736731289,11934611357206.408,10335700.283219513,0.7999303034112395,0.850012839308201,0.9000953752051624,"(248.8077032311527, 40.88077032311527, 4.976154058937739, 7.5029807390794625, 4809894.763686011, 2.0, 10.912721172021353, 0.0, 0.0, 0.0, 18.901121021126684)",248.8077032311527,40.88077032311527,4.976154058937739,7.5029807390794625,4809894.763686011,2.0,10.912721172021353,0.0,0.0,0.0,18.901121021126684
720,west midlands,2020-12-11,19205.136243642355,75265144475819.44,9797528.057205936,0.7999885333241881,0.899988533324188,0.9999885333241881,"(241.78344050432318, 47.66707656261714, 5.005938595167074, 7.516495642229984, 6619944.492091784, 2.0, 18.595947026035038, 0.0, 1.0, 0.0, 19.20127149549606)",241.78344050432318,47.66707656261714,5.005938595167074,7.516495642229984,6619944.492091784,2.0,18.595947026035038,0.0,1.0,0.0,19.20127149549606
724,west midlands,2020-12-18,49181.5769960271,192743152206483.8,9797528.057205936,0.9999303034112395,1.099959418367714,1.199988533324188,"(260.84748425061, 29.30897513975087, 3.7356548647285908, 7.516495642229984, 6619944.492091784, 2.0, 11.348452830197433, 0.0, 0.9108279747838426, 0.0, 18.532927820700024)",260.84748425061,29.30897513975087,3.7356548647285908,7.516495642229984,6619944.492091784,2.0,11.348452830197433,0.0,0.9108279747838426,0.0,18.532927820700024
727,west midlands,2020-12-23,6011.6915810617675,23559886774688.555,9797528.057205936,1.0000071059702949,1.100007105970295,1.200007105970295,"(270.4004574210076, 13.30445818630576, 1.7531788119382736, 7.516495642229984, 6619944.492091784, 2.0, 6.820777359245948, 0.0, 0.0, 0.0, 18.53682877043955)",270.4004574210076,13.30445818630576,1.7531788119382736,7.516495642229984,6619944.492091784,2.0,6.820777359245948,0.0,0.0,0.0,18.53682877043955
733,west midlands,2021-01-08,8215.637874941507,32197177035033.27,9797528.057205936,1.0999699606780813,1.2500140952955148,1.4000582299129485,"(413.12218758608725, 42.659826318458705, 4.697505547001526, 7.516495642229984, 6619944.492091784, 2.0, 4.096074456913208, 0.0, 0.0, 0.0, 19.728077163375207)",413.12218758608725,42.659826318458705,4.697505547001526,7.516495642229984,6619944.492091784,2.0,4.096074456913208,0.0,0.0,0.0,19.728077163375207
737,west midlands,2021-01-15,48630.578548122685,190583783105355.62,9797528.057205936,1.199962854707786,1.3000069893252197,1.4000511239426536,"(227.71349685154985, 32.65540271830355, 3.8829322889469604, 7.516495642229984, 6619944.492091784, 2.0, 20.200553901117782, 0.0, 0.8796294329934046, 0.0, 18.648836858525588)",227.71349685154985,32.65540271830355,3.8829322889469604,7.516495642229984,6619944.492091784,2.0,20.200553901117782,0.0,0.8796294329934046,0.0,18.648836858525588
741,west midlands,2021-01-22,8325.392964151513,32627308461415.734,9797528.057205936,0.8999628547077863,1.0499628547077862,1.199962854707786,"(243.66948623176583, 31.48289559002803, 3.3142721433758906, 7.516495642229984, 6619944.492091784, 2.0, 8.856790758390437, 0.0, 0.0, 0.0, 19.662299105751313)",243.66948623176583,31.48289559002803,3.3142721433758906,7.516495642229984,6619944.492091784,2.0,8.856790758390437,0.0,0.0,0.0,19.662299105751313
745,west midlands,2021-01-29,4601.842030843097,112572100495.29617,61156.0,0.799981427353893,0.9499721410308396,1.0999628547077864,"(130.0, 29.000000000000004, 2.0999999046325684, 7.599999904632568, 11268850.0, 2.0, 15.770971298217772, 0.0, 0.0, 0.0, 22.3)",130.0,29.000000000000004,2.0999999046325684,7.599999904632568,11268850.0,2.0,15.770971298217772,0.0,0.0,0.0,22.3
749,west midlands,2021-02-05,7524.244632126842,29487599157017.555,9797528.057205936,0.6999814273538931,0.800005733337906,0.9000300393219188,"(275.4659330472674, 28.2109559142244, 3.3358102191581835, 7.516495642229984, 6619944.492091784, 2.0, 17.30358807275205, 0.0, 0.0, 0.0, 20.083053375556975)",275.4659330472674,28.2109559142244,3.3358102191581835,7.516495642229984,6619944.492091784,2.0,17.30358807275205,0.0,0.0,0.0,20.083053375556975
753,yorkshire and the humber,2020-09-04,356.9918474413606,305067731452.262,2136377.438579829,0.8,0.9,1.0,"(162.17709407608345, 18.444987672059437, 1.66728762083102, 7.403649479853563, 6175356.686293889, 2.0, 2.075336945598821, 1.0, 0.0, 0.0, 24.155949849813638)",162.17709407608345,18.444987672059437,1.66728762083102,7.403649479853563,6175356.686293889,2.0,2.075336945598821,1.0,0.0,0.0,24.155949849813638
757,yorkshire and the humber,2020-09-11,761.2354579920327,650514503160.4647,2136377.438579829,1.000869329145009,1.1008693291450091,1.200869329145009,"(267.905708186981, 33.10044412697165, 4.1228252003064325, 7.352040279156302, 1904587148.589596, 2.0, 2.609531450677178, 1.0, 0.0, 0.0, 25.15961112552381)",267.905708186981,33.10044412697165,4.1228252003064325,7.352040279156302,1904587148.589596,2.0,2.609531450677178,1.0,0.0,0.0,25.15961112552381
761,yorkshire and the humber,2020-09-18,10225.224383447334,8737975470885.291,2136377.438579829,1.1999999999999997,1.3005204409947442,1.4010408819894888,"(478.074829612616, 38.1575735242075, 5.207184510558865, 7.403649479853563, 6175356.686293889, 2.0, 13.017061944995474, 0.6885428632674934, 0.26631024064540576, 0.0, 27.110532791609625)",478.074829612616,38.1575735242075,5.207184510558865,7.403649479853563,6175356.686293889,2.0,13.017061944995474,0.6885428632674934,0.26631024064540576,0.0,27.110532791609625
765,yorkshire and the humber,2020-09-25,3755.3985668725886,3209179508456.6484,2136377.438579829,1.1999999999999997,1.35,1.5000000000000002,"(241.64606396570233, 16.80499980819259, 2.1674420862567354, 7.403649479853563, 6175356.686293889, 2.0, 5.758028650586402, 1.0, 0.0, 0.0, 24.480228943700773)",241.64606396570233,16.80499980819259,2.1674420862567354,7.403649479853563,6175356.686293889,2.0,5.758028650586402,1.0,0.0,0.0,24.480228943700773
770,yorkshire and the humber,2020-10-02,3145.164955464709,2687703780586.6943,2136377.438579829,1.1999999999999997,1.3994795590052558,1.5989591180105114,"(231.65483822858505, 24.27813970084359, 2.196590271054511, 7.403649479853563, 6175356.686293889, 2.0, 6.443899188148889, 0.6885428632674934, 0.0, 0.0, 24.546669267568223)",231.65483822858505,24.27813970084359,2.196590271054511,7.403649479853563,6175356.686293889,2.0,6.443899188148889,0.6885428632674934,0.0,0.0,24.546669267568223
774,yorkshire and the humber,2020-10-09,686.1965891186803,586389964569.4326,2136377.438579829,1.298959118010511,1.399002006221631,1.499044894432751,"(83.59199102112, 8.293707749151464, 1.1357965778968464, 7.403649479853563, 6175356.686293889, 2.0, 1.8727821358151486, 0.6885428632674934, 0.0, 0.0, 25.02310819456961)",83.59199102112,8.293707749151464,1.1357965778968464,7.403649479853563,6175356.686293889,2.0,1.8727821358151486,0.6885428632674934,0.0,0.0,25.02310819456961
778,yorkshire and the humber,2020-10-16,3012.5473293812142,2479460209182.164,2057611.0,1.29991422357776,1.3504775527836244,1.4010408819894888,"(203.66516314308194, 31.966311416492232, 3.0068628445808314, 7.362706347025907, 7253417.328874764, 2.0, 10.300626413813337, 0.6766201191576056, 0.0, 0.0, 24.523025699869088)",203.66516314308194,31.966311416492232,3.0068628445808314,7.362706347025907,7253417.328874764,2.0,10.300626413813337,0.6766201191576056,0.0,0.0,24.523025699869088
782,yorkshire and the humber,2020-10-23,24014.04573335909,20521226205509.023,2136377.438579829,1.1,1.2,1.3,"(390.33797907761783, 26.280800683786413, 3.2674933174283955, 7.310212427942413, 6175356.686293889, 2.0, 31.94408869533897, 0.6885428632674934, 0.47564412500552905, 0.0, 25.14510468923499)",390.33797907761783,26.280800683786413,3.2674933174283955,7.310212427942413,6175356.686293889,2.0,31.94408869533897,0.6885428632674934,0.47564412500552905,0.0,25.14510468923499
786,yorkshire and the humber,2020-10-30,20217.45281032966,17276844019816.26,2136377.438579829,1.0991306708549908,1.199130670854991,1.2991306708549908,"(91.86203405938774, 14.352308234953695, 1.290918997879237, 7.403649479853563, 6175356.686293889, 2.0, 35.76256301833134, 0.524355874994471, 0.4304972289184282, 0.0, 25.395319807478455)",91.86203405938774,14.352308234953695,1.290918997879237,7.403649479853563,6175356.686293889,2.0,35.76256301833134,0.524355874994471,0.4304972289184282,0.0,25.395319807478455
790,yorkshire and the humber,2020-11-06,40892.203587717566,34944472463445.18,2136377.438579829,1.099044894432751,1.1490877826438708,1.1991306708549907,"(246.15396938440475, 22.199390152663057, 2.5024272940195136, 7.403649479853563, 6175356.686293889, 2.0, 40.22991943166077, 0.524355874994471, 1.0, 0.0, 25.62924064473825)",246.15396938440475,22.199390152663057,2.5024272940195136,7.403649479853563,6175356.686293889,2.0,40.22991943166077,0.524355874994471,1.0,0.0,25.62924064473825
794,yorkshire and the humber,2020-11-13,21671.554720565913,18519448225586.086,2136377.438579829,0.9991306708549909,1.0991306708549908,1.1991306708549907,"(361.56346887509716, 31.91541580093231, 3.627014257246757, 7.403649479853563, 6175356.686293889, 2.0, 29.924959849286857, 1.0, 0.3114571367325066, 0.0, 25.291675610024654)",361.56346887509716,31.91541580093231,3.627014257246757,7.403649479853563,6175356.686293889,2.0,29.924959849286857,1.0,0.3114571367325066,0.0,25.291675610024654
798,yorkshire and the humber,2020-11-20,29154.777657390125,24914243685623.816,2136377.438579829,0.998089788865502,1.0486102298602464,1.0991306708549908,"(462.9386322353487, 30.700994536956827, 3.412833602916085, 7.403649479853563, 6175356.686293889, 2.0, 37.91778121908641, 0.6885428632674934, 0.0, 0.0, 25.356607256821206)",462.9386322353487,30.700994536956827,3.412833602916085,7.403649479853563,6175356.686293889,2.0,37.91778121908641,0.6885428632674934,0.0,0.0,25.356607256821206
802,yorkshire and the humber,2020-11-27,3544.3392133482757,3028818532028.414,2136377.438579829,0.7991306708549909,0.8991306708549909,0.9991306708549909,"(360.9587476876341, 35.005321965885656, 3.64323092263486, 7.403649479853563, 6175356.686293889, 2.0, 10.985708239701566, 1.0, 0.0, 0.0, 24.27505153746646)",360.9587476876341,35.005321965885656,3.64323092263486,7.403649479853563,6175356.686293889,2.0,10.985708239701566,1.0,0.0,0.0,24.27505153746646
806,yorkshire and the humber,2020-12-04,5078.870538447812,4340153772723.077,2136377.438579829,0.7000857764222398,0.80004288821112,0.9,"(275.3009345127089, 28.603673447995288, 2.76344725880022, 7.403649479853563, 6175356.686293889, 2.0, 17.024288008775144, 1.0, 0.0, 0.0, 24.657834234366298)",275.3009345127089,28.603673447995288,2.76344725880022,7.403649479853563,6175356.686293889,2.0,17.024288008775144,1.0,0.0,0.0,24.657834234366298
810,yorkshire and the humber,2020-12-11,662.234221358552,565912899826.3563,2136377.438579829,0.7000857764222398,0.8000857764222399,0.9000857764222397,"(243.2138166081703, 16.95118680945076, 2.0528348008113126, 7.403649479853563, 6175356.686293889, 2.0, 3.3656256670911886, 0.6885428632674934, 0.0, 0.0, 24.732612143190483)",243.2138166081703,16.95118680945076,2.0528348008113126,7.403649479853563,6175356.686293889,2.0,3.3656256670911886,0.6885428632674934,0.0,0.0,24.732612143190483
814,yorkshire and the humber,2020-12-18,7111.685248384276,6077297565971.661,2136377.438579829,0.9000857764222397,1.00008577642224,1.10008577642224,"(265.10359028827315, 22.173461435281375, 2.0185579029681753, 7.403649479853563, 6175356.686293889, 2.0, 18.5586401730137, 1.0, 0.0, 0.0, 23.146808402336166)",265.10359028827315,22.173461435281375,2.0185579029681753,7.403649479853563,6175356.686293889,2.0,18.5586401730137,1.0,0.0,0.0,23.146808402336166
817,yorkshire and the humber,2020-12-23,3795.795369181752,3243700635274.275,2136377.438579829,0.9000857764222397,1.00008577642224,1.10008577642224,"(217.16772919541054, 21.006225836844663, 1.9003172609939216, 7.403649479853563, 6175356.686293889, 2.0, 5.574322363194469, 0.8358130117269776, 0.0, 0.0, 27.449842504686867)",217.16772919541054,21.006225836844663,1.9003172609939216,7.403649479853563,6175356.686293889,2.0,5.574322363194469,0.8358130117269776,0.0,0.0,27.449842504686867
822,yorkshire and the humber,2021-01-08,2608.4936865339396,2229090824235.6133,2136377.438579829,1.099044894432751,1.2495224472163755,1.4000000000000001,"(260.489707606925, 24.162535846042207, 2.523034031446835, 7.403649479853563, 6175356.686293889, 2.0, 1.9772225928902316, 1.0, 0.0, 0.0, 26.41725785896215)",260.489707606925,24.162535846042207,2.523034031446835,7.403649479853563,6175356.686293889,2.0,1.9772225928902316,1.0,0.0,0.0,26.41725785896215
826,yorkshire and the humber,2021-01-15,3020.9780817539554,2486399092710.335,2057611.0,1.1010408819894888,1.2015184347731134,1.3019959875567377,"(109.10362211321771, 6.389260439105345, 0.6684812510742199, 7.427382261514569, 7253417.328874764, 2.0, 5.2817984041629655, 1.0, 0.0, 0.0, 25.25241125104146)",109.10362211321771,6.389260439105345,0.6684812510742199,7.427382261514569,7253417.328874764,2.0,5.2817984041629655,1.0,0.0,0.0,25.25241125104146
830,yorkshire and the humber,2021-01-22,891.6341620775481,761946842931.8018,2136377.438579829,0.801040881989489,0.951040881989489,1.1010408819894888,"(73.43906017312153, 5.85261057559795, 0.6624173768055618, 7.403649479853563, 6175356.686293889, 2.0, 2.0028022138505475, 0.25804563434906524, 0.0, 0.0, 25.127547502286124)",73.43906017312153,5.85261057559795,0.6624173768055618,7.403649479853563,6175356.686293889,2.0,2.0028022138505475,0.25804563434906524,0.0,0.0,25.127547502286124
834,yorkshire and the humber,2021-01-29,4129.817702016568,2429963985316.3945,1470987.438579829,0.8,0.9500000000000001,1.1,"(74.15909727091687, 5.856941574206693, 0.658152515182586, 7.314831855911215, 6249807.732093092, 2.0, 6.914531855412933, 0.7615442741010053, 0.0, 0.0, 24.722376365983084)",74.15909727091687,5.856941574206693,0.658152515182586,7.314831855911215,6249807.732093092,2.0,6.914531855412933,0.7615442741010053,0.0,0.0,24.722376365983084
838,yorkshire and the humber,2021-02-05,5325.85236701853,4551212335242.146,2136377.438579829,0.7989591180105112,0.8994366707941356,0.99991422357776,"(55.98768939670688, 7.230887586223083, 0.7876780550952618, 7.403649479853563, 6175356.686293889, 2.0, 11.47356835284461, 0.6885428632674934, 0.16418698827302244, 0.0, 23.790477313539416)",55.98768939670688,7.230887586223083,0.7876780550952618,7.403649479853563,6175356.686293889,2.0,11.47356835284461,0.6885428632674934,0.16418698827302244,0.0,23.790477313539416
