date,areaCode,region,areaType,newCasesBySpecimenDate,cases_7d_avg
2020-09-04,E12000009,South West,region,136,136.0
2020-09-04,E12000007,London,region,359,359.0
2020-09-04,E12000002,North West,region,652,652.0
2020-09-04,E12000008,South East,region,236,236.0
2020-09-04,E12000001,North East,region,178,178.0
2020-09-04,E12000005,West Midlands,region,435,435.0
2020-09-04,E12000004,East Midlands,region,185,185.0
2020-09-04,E12000003,Yorkshire And The Humber,region,308,308.0
2020-09-04,E12000006,East Of England,region,122,122.0
2020-09-05,E12000007,London,region,271,315.0
2020-09-05,E12000002,North West,region,542,597.0
2020-09-05,E12000001,North East,region,238,208.0
2020-09-05,E12000004,East Midlands,region,164,174.5
2020-09-05,E12000003,Yorkshire And The Humber,region,315,311.5
2020-09-05,E12000009,South West,region,85,110.5
2020-09-05,E12000005,West Midlands,region,310,372.5
2020-09-05,E12000008,South East,region,161,198.5
2020-09-05,E12000006,East Of England,region,98,110.0
2020-09-06,E12000006,East Of England,region,80,100.0
2020-09-06,E12000007,London,region,209,279.6666666666667
2020-09-06,E12000009,South West,region,78,99.66666666666667
2020-09-06,E12000005,West Midlands,region,323,356.0
2020-09-06,E12000001,North East,region,171,195.66666666666666
2020-09-06,E12000002,North West,region,578,590.6666666666666
2020-09-06,E12000004,East Midlands,region,138,162.33333333333334
2020-09-06,E12000008,South East,region,181,192.66666666666666
2020-09-06,E12000003,Yorkshire And The Humber,region,308,310.3333333333333
2020-09-07,E12000002,North West,region,983,688.75
2020-09-07,E12000001,North East,region,203,197.5
2020-09-07,E12000006,East Of England,region,156,114.0
2020-09-07,E12000007,London,region,464,325.75
2020-09-07,E12000008,South East,region,208,196.5
2020-09-07,E12000005,West Midlands,region,497,391.25
2020-09-07,E12000009,South West,region,98,99.25
2020-09-07,E12000003,Yorkshire And The Humber,region,539,367.5
2020-09-07,E12000004,East Midlands,region,351,209.5
2020-09-08,E12000004,East Midlands,region,320,231.6
2020-09-08,E12000002,North West,region,873,725.6
2020-09-08,E12000005,West Midlands,region,435,400.0
2020-09-08,E12000008,South East,region,198,196.8
2020-09-08,E12000007,London,region,351,330.8
2020-09-08,E12000009,South West,region,79,95.2
2020-09-08,E12000001,North East,region,231,204.2
2020-09-08,E12000006,East Of England,region,170,125.2
2020-09-08,E12000003,Yorkshire And The Humber,region,388,371.6
2020-09-09,E12000007,London,region,347,333.5
2020-09-09,E12000005,West Midlands,region,393,398.8333333333333
2020-09-09,E12000009,South West,region,78,92.33333333333333
2020-09-09,E12000001,North East,region,241,210.33333333333334
2020-09-09,E12000008,South East,region,171,192.5
2020-09-09,E12000002,North West,region,853,746.8333333333334
2020-09-09,E12000003,Yorkshire And The Humber,region,397,375.8333333333333
2020-09-09,E12000006,East Of England,region,129,125.83333333333333
2020-09-09,E12000004,East Midlands,region,254,235.33333333333334
2020-09-10,E12000006,East Of England,region,167,131.71428571428572
2020-09-10,E12000009,South West,region,87,91.57142857142857
2020-09-10,E12000008,South East,region,217,196.0
2020-09-10,E12000003,Yorkshire And The Humber,region,470,389.2857142857143
2020-09-10,E12000005,West Midlands,region,392,397.85714285714283
2020-09-10,E12000004,East Midlands,region,212,232.0
2020-09-10,E12000002,North West,region,923,772.0
2020-09-10,E12000001,North East,region,239,214.42857142857142
2020-09-10,E12000007,London,region,397,342.57142857142856
2020-09-11,E12000008,South East,region,166,186.0
2020-09-11,E12000001,North East,region,201,217.71428571428572
2020-09-11,E12000004,East Midlands,region,221,237.14285714285714
2020-09-11,E12000002,North West,region,885,805.2857142857143
2020-09-11,E12000009,South West,region,98,86.14285714285714
2020-09-11,E12000006,East Of England,region,131,133.0
2020-09-11,E12000007,London,region,335,339.14285714285717
2020-09-11,E12000005,West Midlands,region,363,387.57142857142856
2020-09-11,E12000003,Yorkshire And The Humber,region,391,401.14285714285717
2020-09-12,E12000003,Yorkshire And The Humber,region,317,401.42857142857144
2020-09-12,E12000001,North East,region,153,205.57142857142858
2020-09-12,E12000004,East Midlands,region,146,234.57142857142858
2020-09-12,E12000006,East Of England,region,85,131.14285714285714
2020-09-12,E12000009,South West,region,66,83.42857142857143
2020-09-12,E12000008,South East,region,140,183.0
2020-09-12,E12000005,West Midlands,region,291,384.85714285714283
2020-09-12,E12000007,London,region,232,333.57142857142856
2020-09-12,E12000002,North West,region,767,837.4285714285714
2020-09-13,E12000005,West Midlands,region,222,370.42857142857144
2020-09-13,E12000009,South West,region,55,80.14285714285714
2020-09-13,E12000003,Yorkshire And The Humber,region,303,400.7142857142857
2020-09-13,E12000006,East Of England,region,58,128.0
2020-09-13,E12000008,South East,region,62,166.0
2020-09-13,E12000007,London,region,112,319.7142857142857
2020-09-13,E12000004,East Midlands,region,123,232.42857142857142
2020-09-13,E12000001,North East,region,143,201.57142857142858
2020-09-13,E12000002,North West,region,620,843.4285714285714
2020-09-14,E12000001,North East,region,200,201.14285714285714
2020-09-14,E12000003,Yorkshire And The Humber,region,395,380.14285714285717
2020-09-14,E12000008,South East,region,153,158.14285714285714
2020-09-14,E12000006,East Of England,region,146,126.57142857142857
2020-09-14,E12000007,London,region,304,296.85714285714283
2020-09-14,E12000002,North West,region,1066,855.2857142857143
2020-09-14,E12000005,West Midlands,region,328,346.2857142857143
2020-09-14,E12000004,East Midlands,region,205,211.57142857142858
2020-09-14,E12000009,South West,region,79,77.42857142857143
2020-09-15,E12000009,South West,region,87,78.57142857142857
2020-09-15,E12000005,West Midlands,region,357,335.14285714285717
2020-09-15,E12000007,London,region,272,285.57142857142856
2020-09-15,E12000006,East Of England,region,151,123.85714285714286
2020-09-15,E12000004,East Midlands,region,214,196.42857142857142
2020-09-15,E12000008,South East,region,138,149.57142857142858
2020-09-15,E12000003,Yorkshire And The Humber,region,426,385.57142857142856
2020-09-15,E12000002,North West,region,1081,885.0
2020-09-15,E12000001,North East,region,268,206.42857142857142
2020-09-16,E12000003,Yorkshire And The Humber,region,552,407.7142857142857
2020-09-16,E12000006,East Of England,region,142,125.71428571428571
2020-09-16,E12000009,South West,region,74,78.0
2020-09-16,E12000005,West Midlands,region,467,345.7142857142857
2020-09-16,E12000004,East Midlands,region,250,195.85714285714286
2020-09-16,E12000001,North East,region,329,219.0
2020-09-16,E12000008,South East,region,149,146.42857142857142
2020-09-16,E12000002,North West,region,1464,972.2857142857143
2020-09-16,E12000007,London,region,294,278.0
2020-09-17,E12000008,South East,region,166,139.14285714285714
2020-09-17,E12000001,North East,region,372,238.0
2020-09-17,E12000003,Yorkshire And The Humber,region,585,424.14285714285717
2020-09-17,E12000004,East Midlands,region,252,201.57142857142858
2020-09-17,E12000005,West Midlands,region,513,363.0
2020-09-17,E12000009,South West,region,111,81.42857142857143
2020-09-17,E12000006,East Of England,region,148,123.0
2020-09-17,E12000002,North West,region,1419,1043.142857142857
2020-09-17,E12000007,London,region,328,268.14285714285717
2020-09-18,E12000007,London,region,386,275.42857142857144
2020-09-18,E12000004,East Midlands,region,259,207.0
2020-09-18,E12000009,South West,region,125,85.28571428571429
2020-09-18,E12000005,West Midlands,region,586,394.85714285714283
2020-09-18,E12000006,East Of England,region,212,134.57142857142858
2020-09-18,E12000001,North East,region,469,276.2857142857143
2020-09-18,E12000008,South East,region,201,144.14285714285714
2020-09-18,E12000002,North West,region,1420,1119.5714285714287
2020-09-18,E12000003,Yorkshire And The Humber,region,562,448.57142857142856
2020-09-19,E12000008,South East,region,175,149.14285714285714
2020-09-19,E12000006,East Of England,region,147,143.42857142857142
2020-09-19,E12000001,North East,region,437,316.85714285714283
2020-09-19,E12000004,East Midlands,region,251,222.0
2020-09-19,E12000009,South West,region,126,93.85714285714286
2020-09-19,E12000007,London,region,342,291.14285714285717
2020-09-19,E12000002,North West,region,1524,1227.7142857142858
2020-09-19,E12000003,Yorkshire And The Humber,region,567,484.2857142857143
2020-09-19,E12000005,West Midlands,region,588,437.2857142857143
2020-09-20,E12000007,London,region,415,334.42857142857144
2020-09-20,E12000002,North West,region,1577,1364.4285714285713
2020-09-20,E12000005,West Midlands,region,609,492.57142857142856
2020-09-20,E12000009,South West,region,148,107.14285714285714
2020-09-20,E12000006,East Of England,region,163,158.42857142857142
2020-09-20,E12000004,East Midlands,region,266,242.42857142857142
2020-09-20,E12000008,South East,region,175,165.28571428571428
2020-09-20,E12000001,North East,region,591,380.85714285714283
2020-09-20,E12000003,Yorkshire And The Humber,region,674,537.2857142857143
2020-09-21,E12000006,East Of England,region,167,161.42857142857142
2020-09-21,E12000002,North West,region,1498,1426.142857142857
2020-09-21,E12000007,London,region,434,353.0
2020-09-21,E12000001,North East,region,613,439.85714285714283
2020-09-21,E12000004,East Midlands,region,292,254.85714285714286
2020-09-21,E12000009,South West,region,152,117.57142857142857
2020-09-21,E12000008,South East,region,228,176.0
2020-09-21,E12000003,Yorkshire And The Humber,region,622,569.7142857142857
2020-09-21,E12000005,West Midlands,region,650,538.5714285714286
2020-09-22,E12000008,South East,region,267,194.42857142857142
2020-09-22,E12000001,North East,region,551,480.2857142857143
2020-09-22,E12000003,Yorkshire And The Humber,region,722,612.0
2020-09-22,E12000006,East Of England,region,219,171.14285714285714
2020-09-22,E12000004,East Midlands,region,271,263.0
2020-09-22,E12000009,South West,region,161,128.14285714285714
2020-09-22,E12000002,North West,region,1991,1556.142857142857
2020-09-22,E12000005,West Midlands,region,612,575.0
2020-09-22,E12000007,London,region,525,389.14285714285717
2020-09-23,E12000007,London,region,658,441.14285714285717
2020-09-23,E12000009,South West,region,169,141.71428571428572
2020-09-23,E12000005,West Midlands,region,693,607.2857142857143
2020-09-23,E12000004,East Midlands,region,297,269.7142857142857
2020-09-23,E12000002,North West,region,2184,1659.0
2020-09-23,E12000006,East Of England,region,197,179.0
2020-09-23,E12000003,Yorkshire And The Humber,region,734,638.0
2020-09-23,E12000001,North East,region,647,525.7142857142857
2020-09-23,E12000008,South East,region,259,210.14285714285714
2020-09-24,E12000009,South West,region,211,156.0
2020-09-24,E12000001,North East,region,729,576.7142857142857
2020-09-24,E12000007,London,region,602,480.2857142857143
2020-09-24,E12000005,West Midlands,region,695,633.2857142857143
2020-09-24,E12000006,East Of England,region,227,190.28571428571428
2020-09-24,E12000004,East Midlands,region,334,281.42857142857144
2020-09-24,E12000002,North West,region,2250,1777.7142857142858
2020-09-24,E12000003,Yorkshire And The Humber,region,936,688.1428571428571
2020-09-24,E12000008,South East,region,294,228.42857142857142
2020-09-25,E12000007,London,region,607,511.85714285714283
2020-09-25,E12000002,North West,region,2262,1898.0
2020-09-25,E12000003,Yorkshire And The Humber,region,810,723.5714285714286
2020-09-25,E12000006,East Of England,region,217,191.0
2020-09-25,E12000008,South East,region,321,245.57142857142858
2020-09-25,E12000005,West Midlands,region,605,636.0
2020-09-25,E12000004,East Midlands,region,330,291.57142857142856
2020-09-25,E12000009,South West,region,223,170.0
2020-09-25,E12000001,North East,region,613,597.2857142857143
2020-09-26,E12000005,West Midlands,region,570,633.4285714285714
2020-09-26,E12000004,East Midlands,region,322,301.7142857142857
2020-09-26,E12000002,North West,region,2053,1973.5714285714287
2020-09-26,E12000008,South East,region,218,251.71428571428572
2020-09-26,E12000007,London,region,552,541.8571428571429
2020-09-26,E12000003,Yorkshire And The Humber,region,833,761.5714285714286
2020-09-26,E12000006,East Of England,region,168,194.0
2020-09-26,E12000009,South West,region,131,170.71428571428572
2020-09-26,E12000001,North East,region,782,646.5714285714286
2020-09-27,E12000008,South East,region,269,265.14285714285717
2020-09-27,E12000009,South West,region,119,166.57142857142858
2020-09-27,E12000003,Yorkshire And The Humber,region,1031,812.5714285714286
2020-09-27,E12000002,North West,region,2275,2073.285714285714
2020-09-27,E12000004,East Midlands,region,402,321.14285714285717
2020-09-27,E12000001,North East,region,666,657.2857142857143
2020-09-27,E12000006,East Of England,region,210,200.71428571428572
2020-09-27,E12000005,West Midlands,region,500,617.8571428571429
2020-09-27,E12000007,London,region,535,559.0
2020-09-28,E12000009,South West,region,322,190.85714285714286
2020-09-28,E12000005,West Midlands,region,700,625.0
2020-09-28,E12000006,East Of England,region,311,221.28571428571428
2020-09-28,E12000004,East Midlands,region,566,360.2857142857143
2020-09-28,E12000007,London,region,744,603.2857142857143
2020-09-28,E12000002,North West,region,3025,2291.4285714285716
2020-09-28,E12000008,South East,region,376,286.2857142857143
2020-09-28,E12000001,North East,region,986,710.5714285714286
2020-09-28,E12000003,Yorkshire And The Humber,region,1461,932.4285714285714
2020-09-29,E12000007,London,region,705,629.0
2020-09-29,E12000001,North East,region,1058,783.0
2020-09-29,E12000008,South East,region,351,298.2857142857143
2020-09-29,E12000005,West Midlands,region,767,647.1428571428571
2020-09-29,E12000009,South West,region,275,207.14285714285714
2020-09-29,E12000002,North West,region,3231,2468.5714285714284
2020-09-29,E12000004,East Midlands,region,611,408.85714285714283
2020-09-29,E12000006,East Of England,region,335,237.85714285714286
2020-09-29,E12000003,Yorkshire And The Humber,region,1399,1029.142857142857
2020-09-30,E12000001,North East,region,967,828.7142857142857
2020-09-30,E12000003,Yorkshire And The Humber,region,1809,1182.7142857142858
2020-09-30,E12000005,West Midlands,region,943,682.8571428571429
2020-09-30,E12000008,South East,region,493,331.7142857142857
2020-09-30,E12000004,East Midlands,region,884,492.7142857142857
2020-09-30,E12000002,North West,region,3702,2685.4285714285716
2020-09-30,E12000006,East Of England,region,366,262.0
2020-09-30,E12000009,South West,region,403,240.57142857142858
2020-09-30,E12000007,London,region,1006,678.7142857142857
2020-10-01,E12000006,East Of England,region,363,281.42857142857144
2020-10-01,E12000007,London,region,1076,746.4285714285714
2020-10-01,E12000009,South West,region,400,267.57142857142856
2020-10-01,E12000001,North East,region,1201,896.1428571428571
2020-10-01,E12000008,South East,region,525,364.7142857142857
2020-10-01,E12000002,North West,region,3666,2887.714285714286
2020-10-01,E12000003,Yorkshire And The Humber,region,2166,1358.4285714285713
2020-10-01,E12000004,East Midlands,region,1064,597.0
2020-10-01,E12000005,West Midlands,region,898,711.8571428571429
2020-10-02,E12000004,East Midlands,region,1215,723.4285714285714
2020-10-02,E12000002,North West,region,3464,3059.4285714285716
2020-10-02,E12000009,South West,region,429,297.0
2020-10-02,E12000005,West Midlands,region,952,761.4285714285714
2020-10-02,E12000008,South East,region,642,410.57142857142856
2020-10-02,E12000007,London,region,1040,808.2857142857143
2020-10-02,E12000006,East Of England,region,423,310.85714285714283
2020-10-02,E12000001,North East,region,1227,983.8571428571429
2020-10-02,E12000003,Yorkshire And The Humber,region,2226,1560.7142857142858
2020-10-03,E12000002,North West,region,2976,3191.285714285714
2020-10-03,E12000007,London,region,800,843.7142857142857
2020-10-03,E12000003,Yorkshire And The Humber,region,1689,1683.0
2020-10-03,E12000009,South West,region,409,336.7142857142857
2020-10-03,E12000001,North East,region,1179,1040.5714285714287
2020-10-03,E12000004,East Midlands,region,1027,824.1428571428571
2020-10-03,E12000006,East Of England,region,366,339.14285714285717
2020-10-03,E12000005,West Midlands,region,758,788.2857142857143
2020-10-03,E12000008,South East,region,546,457.42857142857144
2020-10-04,E12000009,South West,region,446,383.42857142857144
2020-10-04,E12000002,North West,region,2945,3287.0
2020-10-04,E12000001,North East,region,1215,1119.0
2020-10-04,E12000005,West Midlands,region,695,816.1428571428571
2020-10-04,E12000004,East Midlands,region,1178,935.0
2020-10-04,E12000007,London,region,834,886.4285714285714
2020-10-04,E12000006,East Of England,region,360,360.57142857142856
2020-10-04,E12000003,Yorkshire And The Humber,region,1691,1777.2857142857142
2020-10-04,E12000008,South East,region,563,499.42857142857144
2020-10-05,E12000008,South East,region,750,552.8571428571429
2020-10-05,E12000006,East Of England,region,538,393.0
2020-10-05,E12000007,London,region,1298,965.5714285714286
2020-10-05,E12000002,North West,region,4407,3484.4285714285716
2020-10-05,E12000005,West Midlands,region,1176,884.1428571428571
2020-10-05,E12000004,East Midlands,region,1581,1080.0
2020-10-05,E12000009,South West,region,659,431.57142857142856
2020-10-05,E12000001,North East,region,1387,1176.2857142857142
2020-10-05,E12000003,Yorkshire And The Humber,region,2300,1897.142857142857
2020-10-06,E12000009,South West,region,664,487.14285714285717
2020-10-06,E12000005,West Midlands,region,1228,950.0
2020-10-06,E12000004,East Midlands,region,1520,1209.857142857143
2020-10-06,E12000007,London,region,1168,1031.7142857142858
2020-10-06,E12000001,North East,region,1457,1233.2857142857142
2020-10-06,E12000008,South East,region,688,601.0
2020-10-06,E12000006,East Of England,region,570,426.57142857142856
2020-10-06,E12000002,North West,region,4596,3679.4285714285716
2020-10-06,E12000003,Yorkshire And The Humber,region,2446,2046.7142857142858
2020-10-07,E12000003,Yorkshire And The Humber,region,2688,2172.285714285714
2020-10-07,E12000009,South West,region,817,546.2857142857143
2020-10-07,E12000001,North East,region,1490,1308.0
2020-10-07,E12000005,West Midlands,region,1226,990.4285714285714
2020-10-07,E12000004,East Midlands,region,1729,1330.5714285714287
2020-10-07,E12000008,South East,region,913,661.0
2020-10-07,E12000007,London,region,1425,1091.5714285714287
2020-10-07,E12000002,North West,region,4430,3783.4285714285716
2020-10-07,E12000006,East Of England,region,553,453.2857142857143
2020-10-08,E12000008,South East,region,978,725.7142857142857
2020-10-08,E12000009,South West,region,866,612.8571428571429
2020-10-08,E12000003,Yorkshire And The Humber,region,2458,2214.0
2020-10-08,E12000004,East Midlands,region,1954,1457.7142857142858
2020-10-08,E12000001,North East,region,1391,1335.142857142857
2020-10-08,E12000006,East Of England,region,581,484.42857142857144
2020-10-08,E12000007,London,region,1481,1149.4285714285713
2020-10-08,E12000002,North West,region,4341,3879.8571428571427
2020-10-08,E12000005,West Midlands,region,1287,1046.0
2020-10-09,E12000009,South West,region,786,663.8571428571429
2020-10-09,E12000007,London,region,1362,1195.4285714285713
2020-10-09,E12000003,Yorkshire And The Humber,region,1895,2166.714285714286
2020-10-09,E12000006,East Of England,region,570,505.42857142857144
2020-10-09,E12000005,West Midlands,region,1202,1081.7142857142858
2020-10-09,E12000008,South East,region,785,746.1428571428571
2020-10-09,E12000001,North East,region,1187,1329.4285714285713
2020-10-09,E12000002,North West,region,3794,3927.0
2020-10-09,E12000004,East Midlands,region,1455,1492.0
2020-10-10,E12000003,Yorkshire And The Humber,region,1952,2204.285714285714
2020-10-10,E12000001,North East,region,850,1282.4285714285713
2020-10-10,E12000002,North West,region,2980,3927.5714285714284
2020-10-10,E12000005,West Midlands,region,926,1105.7142857142858
2020-10-10,E12000006,East Of England,region,336,501.14285714285717
2020-10-10,E12000008,South East,region,569,749.4285714285714
2020-10-10,E12000007,London,region,881,1207.0
2020-10-10,E12000009,South West,region,577,687.8571428571429
2020-10-10,E12000004,East Midlands,region,1152,1509.857142857143
2020-10-11,E12000006,East Of England,region,379,503.85714285714283
2020-10-11,E12000008,South East,region,492,739.2857142857143
2020-10-11,E12000007,London,region,745,1194.2857142857142
2020-10-11,E12000001,North East,region,944,1243.7142857142858
2020-10-11,E12000003,Yorkshire And The Humber,region,1652,2198.714285714286
2020-10-11,E12000004,East Midlands,region,1118,1501.2857142857142
2020-10-11,E12000002,North West,region,2981,3932.714285714286
2020-10-11,E12000009,South West,region,488,693.8571428571429
2020-10-11,E12000005,West Midlands,region,928,1139.0
2020-10-12,E12000004,East Midlands,region,1797,1532.142857142857
2020-10-12,E12000005,West Midlands,region,1528,1189.2857142857142
2020-10-12,E12000008,South East,region,876,757.2857142857143
2020-10-12,E12000003,Yorkshire And The Humber,region,2812,2271.8571428571427
2020-10-12,E12000006,East Of England,region,711,528.5714285714286
2020-10-12,E12000007,London,region,1590,1236.0
2020-10-12,E12000009,South West,region,764,708.8571428571429
2020-10-12,E12000002,North West,region,4819,3991.5714285714284
2020-10-12,E12000001,North East,region,1400,1245.5714285714287
2020-10-13,E12000003,Yorkshire And The Humber,region,2586,2291.8571428571427
2020-10-13,E12000004,East Midlands,region,1595,1542.857142857143
2020-10-13,E12000008,South East,region,1045,808.2857142857143
2020-10-13,E12000002,North West,region,4339,3954.8571428571427
2020-10-13,E12000007,London,region,1440,1274.857142857143
2020-10-13,E12000005,West Midlands,region,1509,1229.4285714285713
2020-10-13,E12000001,North East,region,1315,1225.2857142857142
2020-10-13,E12000009,South West,region,978,753.7142857142857
2020-10-13,E12000006,East Of England,region,735,552.1428571428571
2020-10-14,E12000004,East Midlands,region,1824,1556.4285714285713
2020-10-14,E12000006,East Of England,region,684,570.8571428571429
2020-10-14,E12000005,West Midlands,region,1598,1282.5714285714287
2020-10-14,E12000003,Yorkshire And The Humber,region,2818,2310.4285714285716
2020-10-14,E12000007,London,region,1638,1305.2857142857142
2020-10-14,E12000002,North West,region,4519,3967.5714285714284
2020-10-14,E12000008,South East,region,1090,833.5714285714286
2020-10-14,E12000001,North East,region,1411,1214.0
2020-10-14,E12000009,South West,region,879,762.5714285714286
2020-10-15,E12000006,East Of England,region,852,609.5714285714286
2020-10-15,E12000009,South West,region,695,738.1428571428571
2020-10-15,E12000008,South East,region,979,833.7142857142857
2020-10-15,E12000002,North West,region,4217,3949.8571428571427
2020-10-15,E12000007,London,region,1740,1342.2857142857142
2020-10-15,E12000003,Yorkshire And The Humber,region,2565,2325.714285714286
2020-10-15,E12000001,North East,region,1177,1183.4285714285713
2020-10-15,E12000005,West Midlands,region,1610,1328.7142857142858
2020-10-15,E12000004,East Midlands,region,1449,1484.2857142857142
2020-10-16,E12000009,South West,region,817,742.5714285714286
2020-10-16,E12000001,North East,region,1088,1169.2857142857142
2020-10-16,E12000008,South East,region,970,860.1428571428571
2020-10-16,E12000004,East Midlands,region,1311,1463.7142857142858
2020-10-16,E12000006,East Of England,region,662,622.7142857142857
2020-10-16,E12000003,Yorkshire And The Humber,region,2488,2410.4285714285716
2020-10-16,E12000007,London,region,1685,1388.4285714285713
2020-10-16,E12000002,North West,region,3951,3972.285714285714
2020-10-16,E12000005,West Midlands,region,1646,1392.142857142857
2020-10-17,E12000005,West Midlands,region,1255,1439.142857142857
2020-10-17,E12000001,North East,region,813,1164.0
2020-10-17,E12000006,East Of England,region,512,647.8571428571429
2020-10-17,E12000003,Yorkshire And The Humber,region,2385,2472.285714285714
2020-10-17,E12000009,South West,region,666,755.2857142857143
2020-10-17,E12000007,London,region,1117,1422.142857142857
2020-10-17,E12000002,North West,region,3642,4066.8571428571427
2020-10-17,E12000004,East Midlands,region,1220,1473.4285714285713
2020-10-17,E12000008,South East,region,791,891.8571428571429
2020-10-18,E12000007,London,region,1308,1502.5714285714287
2020-10-18,E12000003,Yorkshire And The Humber,region,2243,2556.714285714286
2020-10-18,E12000002,North West,region,3250,4105.285714285715
2020-10-18,E12000001,North East,region,836,1148.5714285714287
2020-10-18,E12000005,West Midlands,region,1204,1478.5714285714287
2020-10-18,E12000009,South West,region,601,771.4285714285714
2020-10-18,E12000006,East Of England,region,586,677.4285714285714
2020-10-18,E12000004,East Midlands,region,1100,1470.857142857143
2020-10-18,E12000008,South East,region,776,932.4285714285714
2020-10-19,E12000009,South West,region,1164,828.5714285714286
2020-10-19,E12000001,North East,region,1420,1151.4285714285713
2020-10-19,E12000002,North West,region,6226,4306.285714285715
2020-10-19,E12000005,West Midlands,region,2230,1578.857142857143
2020-10-19,E12000008,South East,region,1425,1010.8571428571429
2020-10-19,E12000006,East Of England,region,1054,726.4285714285714
2020-10-19,E12000004,East Midlands,region,2410,1558.4285714285713
2020-10-19,E12000007,London,region,2359,1612.4285714285713
2020-10-19,E12000003,Yorkshire And The Humber,region,3918,2714.714285714286
2020-10-20,E12000003,Yorkshire And The Humber,region,3677,2870.5714285714284
2020-10-20,E12000004,East Midlands,region,2145,1637.0
2020-10-20,E12000006,East Of England,region,1106,779.4285714285714
2020-10-20,E12000001,North East,region,1456,1171.5714285714287
2020-10-20,E12000007,London,region,2336,1740.4285714285713
2020-10-20,E12000005,West Midlands,region,2312,1693.5714285714287
2020-10-20,E12000002,North West,region,5694,4499.857142857143
2020-10-20,E12000009,South West,region,1170,856.0
2020-10-20,E12000008,South East,region,1629,1094.2857142857142
2020-10-21,E12000008,South East,region,1663,1176.142857142857
2020-10-21,E12000005,West Midlands,region,2258,1787.857142857143
2020-10-21,E12000001,North East,region,1514,1186.2857142857142
2020-10-21,E12000007,London,region,2376,1845.857142857143
2020-10-21,E12000009,South West,region,1395,929.7142857142857
2020-10-21,E12000004,East Midlands,region,2149,1683.4285714285713
2020-10-21,E12000002,North West,region,5616,4656.571428571428
2020-10-21,E12000003,Yorkshire And The Humber,region,3595,2981.5714285714284
2020-10-21,E12000006,East Of England,region,1055,832.4285714285714
2020-10-22,E12000005,West Midlands,region,2136,1863.0
2020-10-22,E12000007,London,region,2200,1911.5714285714287
2020-10-22,E12000004,East Midlands,region,2151,1783.7142857142858
2020-10-22,E12000006,East Of England,region,1002,853.8571428571429
2020-10-22,E12000002,North West,region,4860,4748.428571428572
2020-10-22,E12000003,Yorkshire And The Humber,region,3358,3094.8571428571427
2020-10-22,E12000009,South West,region,1309,1017.4285714285714
2020-10-22,E12000008,South East,region,1453,1243.857142857143
2020-10-22,E12000001,North East,region,1238,1195.0
2020-10-23,E12000002,North West,region,4538,4832.285714285715
2020-10-23,E12000006,East Of England,region,1007,903.1428571428571
2020-10-23,E12000003,Yorkshire And The Humber,region,3033,3172.714285714286
2020-10-23,E12000004,East Midlands,region,1861,1862.2857142857142
2020-10-23,E12000007,London,region,2043,1962.7142857142858
2020-10-23,E12000001,North East,region,1050,1189.5714285714287
2020-10-23,E12000009,South West,region,1169,1067.7142857142858
2020-10-23,E12000008,South East,region,1444,1311.5714285714287
2020-10-23,E12000005,West Midlands,region,2053,1921.142857142857
2020-10-24,E12000001,North East,region,869,1197.5714285714287
2020-10-24,E12000008,South East,region,1109,1357.0
2020-10-24,E12000006,East Of England,region,600,915.7142857142857
2020-10-24,E12000004,East Midlands,region,1480,1899.4285714285713
2020-10-24,E12000002,North West,region,3441,4803.571428571428
2020-10-24,E12000005,West Midlands,region,1564,1965.2857142857142
2020-10-24,E12000009,South West,region,814,1088.857142857143
2020-10-24,E12000007,London,region,1458,2011.4285714285713
2020-10-24,E12000003,Yorkshire And The Humber,region,2312,3162.285714285714
2020-10-25,E12000007,London,region,1303,2010.7142857142858
2020-10-25,E12000008,South East,region,984,1386.7142857142858
2020-10-25,E12000003,Yorkshire And The Humber,region,2195,3155.4285714285716
2020-10-25,E12000002,North West,region,3329,4814.857142857143
2020-10-25,E12000009,South West,region,930,1135.857142857143
2020-10-25,E12000004,East Midlands,region,1493,1955.5714285714287
2020-10-25,E12000001,North East,region,860,1201.0
2020-10-25,E12000006,East Of England,region,576,914.2857142857143
2020-10-25,E12000005,West Midlands,region,1607,2022.857142857143
2020-10-26,E12000007,London,region,2561,2039.5714285714287
2020-10-26,E12000008,South East,region,1883,1452.142857142857
2020-10-26,E12000005,West Midlands,region,2654,2083.4285714285716
2020-10-26,E12000006,East Of England,region,1156,928.8571428571429
2020-10-26,E12000009,South West,region,1375,1166.0
2020-10-26,E12000003,Yorkshire And The Humber,region,3878,3149.714285714286
2020-10-26,E12000001,North East,region,1329,1188.0
2020-10-26,E12000002,North West,region,5628,4729.428571428572
2020-10-26,E12000004,East Midlands,region,2386,1952.142857142857
2020-10-27,E12000002,North West,region,4996,4629.714285714285
2020-10-27,E12000007,London,region,2111,2007.4285714285713
2020-10-27,E12000005,West Midlands,region,2465,2105.285714285714
2020-10-27,E12000004,East Midlands,region,2075,1942.142857142857
2020-10-27,E12000008,South East,region,1718,1464.857142857143
2020-10-27,E12000006,East Of England,region,940,905.1428571428571
2020-10-27,E12000003,Yorkshire And The Humber,region,3630,3143.0
2020-10-27,E12000009,South West,region,1450,1206.0
2020-10-27,E12000001,North East,region,1195,1150.7142857142858
2020-10-28,E12000001,North East,region,1186,1103.857142857143
2020-10-28,E12000009,South West,region,1403,1207.142857142857
2020-10-28,E12000003,Yorkshire And The Humber,region,3668,3153.4285714285716
2020-10-28,E12000006,East Of England,region,1028,901.2857142857143
2020-10-28,E12000002,North West,region,4708,4500.0
2020-10-28,E12000007,London,region,1996,1953.142857142857
2020-10-28,E12000005,West Midlands,region,2591,2152.8571428571427
2020-10-28,E12000004,East Midlands,region,2171,1945.2857142857142
2020-10-28,E12000008,South East,region,1644,1462.142857142857
2020-10-29,E12000006,East Of England,region,986,899.0
2020-10-29,E12000007,London,region,2030,1928.857142857143
2020-10-29,E12000001,North East,region,1138,1089.5714285714287
2020-10-29,E12000002,North West,region,4614,4464.857142857143
2020-10-29,E12000004,East Midlands,region,2123,1941.2857142857142
2020-10-29,E12000008,South East,region,1727,1501.2857142857142
2020-10-29,E12000003,Yorkshire And The Humber,region,3532,3178.285714285714
2020-10-29,E12000009,South West,region,1450,1227.2857142857142
2020-10-29,E12000005,West Midlands,region,2533,2209.5714285714284
2020-10-30,E12000002,North West,region,4441,4451.0
2020-10-30,E12000007,London,region,1895,1907.7142857142858
2020-10-30,E12000005,West Midlands,region,2613,2289.5714285714284
2020-10-30,E12000004,East Midlands,region,2086,1973.4285714285713
2020-10-30,E12000008,South East,region,1730,1542.142857142857
2020-10-30,E12000009,South West,region,1268,1241.4285714285713
2020-10-30,E12000001,North East,region,1222,1114.142857142857
2020-10-30,E12000006,East Of England,region,1000,898.0
2020-10-30,E12000003,Yorkshire And The Humber,region,3515,3247.1428571428573
2020-10-31,E12000004,East Midlands,region,1534,1981.142857142857
2020-10-31,E12000001,North East,region,887,1116.7142857142858
2020-10-31,E12000007,London,region,1403,1899.857142857143
2020-10-31,E12000006,East Of England,region,733,917.0
2020-10-31,E12000008,South East,region,1228,1559.142857142857
2020-10-31,E12000002,North West,region,3197,4416.142857142857
2020-10-31,E12000005,West Midlands,region,1977,2348.5714285714284
2020-10-31,E12000009,South West,region,867,1249.0
2020-10-31,E12000003,Yorkshire And The Humber,region,2682,3300.0
2020-11-01,E12000003,Yorkshire And The Humber,region,2899,3400.5714285714284
2020-11-01,E12000004,East Midlands,region,1252,1946.7142857142858
2020-11-01,E12000005,West Midlands,region,1645,2354.0
2020-11-01,E12000006,East Of England,region,637,925.7142857142857
2020-11-01,E12000007,London,region,1226,1888.857142857143
2020-11-01,E12000002,North West,region,3123,4386.714285714285
2020-11-01,E12000009,South West,region,731,1220.5714285714287
2020-11-01,E12000001,North East,region,1008,1137.857142857143
2020-11-01,E12000008,South East,region,1030,1565.7142857142858
2020-11-02,E12000001,North East,region,1689,1189.2857142857142
2020-11-02,E12000004,East Midlands,region,3301,2077.4285714285716
2020-11-02,E12000005,West Midlands,region,3717,2505.8571428571427
2020-11-02,E12000002,North West,region,6012,4441.571428571428
2020-11-02,E12000008,South East,region,2579,1665.142857142857
2020-11-02,E12000003,Yorkshire And The Humber,region,4807,3533.285714285714
2020-11-02,E12000009,South West,region,1829,1285.4285714285713
2020-11-02,E12000007,London,region,2965,1946.5714285714287
2020-11-02,E12000006,East Of England,region,1395,959.8571428571429
2020-11-03,E12000004,East Midlands,region,2401,2124.0
2020-11-03,E12000006,East Of England,region,1162,991.5714285714286
2020-11-03,E12000002,North West,region,4515,4372.857142857143
2020-11-03,E12000007,London,region,2162,1953.857142857143
2020-11-03,E12000001,North East,region,1527,1236.7142857142858
2020-11-03,E12000005,West Midlands,region,3155,2604.4285714285716
2020-11-03,E12000009,South West,region,1564,1301.7142857142858
2020-11-03,E12000003,Yorkshire And The Humber,region,4065,3595.4285714285716
2020-11-03,E12000008,South East,region,2002,1705.7142857142858
2020-11-04,E12000006,East Of England,region,1056,995.5714285714286
2020-11-04,E12000007,London,region,2084,1966.4285714285713
2020-11-04,E12000005,West Midlands,region,2785,2632.1428571428573
2020-11-04,E12000003,Yorkshire And The Humber,region,3588,3584.0
2020-11-04,E12000004,East Midlands,region,2182,2125.5714285714284
2020-11-04,E12000009,South West,region,1645,1336.2857142857142
2020-11-04,E12000001,North East,region,1429,1271.4285714285713
2020-11-04,E12000008,South East,region,1975,1753.0
2020-11-04,E12000002,North West,region,4175,4296.714285714285
2020-11-05,E12000009,South West,region,1591,1356.4285714285713
2020-11-05,E12000001,North East,region,1500,1323.142857142857
2020-11-05,E12000005,West Midlands,region,2886,2682.5714285714284
2020-11-05,E12000004,East Midlands,region,2233,2141.285714285714
2020-11-05,E12000006,East Of England,region,1133,1016.5714285714286
2020-11-05,E12000003,Yorkshire And The Humber,region,3684,3605.714285714286
2020-11-05,E12000002,North West,region,3984,4206.714285714285
2020-11-05,E12000008,South East,region,1957,1785.857142857143
2020-11-05,E12000007,London,region,2115,1978.5714285714287
2020-11-06,E12000001,North East,region,1483,1360.4285714285713
2020-11-06,E12000002,North West,region,3926,4133.142857142857
2020-11-06,E12000009,South West,region,1512,1391.2857142857142
2020-11-06,E12000008,South East,region,1957,1818.2857142857142
2020-11-06,E12000007,London,region,2145,2014.2857142857142
2020-11-06,E12000006,East Of England,region,1125,1034.4285714285713
2020-11-06,E12000003,Yorkshire And The Humber,region,3743,3638.285714285714
2020-11-06,E12000005,West Midlands,region,2834,2714.1428571428573
2020-11-06,E12000004,East Midlands,region,2350,2179.0
2020-11-07,E12000008,South East,region,1734,1890.5714285714287
2020-11-07,E12000001,North East,region,1358,1427.7142857142858
2020-11-07,E12000007,London,region,1667,2052.0
2020-11-07,E12000009,South West,region,1190,1437.4285714285713
2020-11-07,E12000002,North West,region,2866,4085.8571428571427
2020-11-07,E12000005,West Midlands,region,2320,2763.1428571428573
2020-11-07,E12000006,East Of England,region,1016,1074.857142857143
2020-11-07,E12000003,Yorkshire And The Humber,region,2888,3667.714285714286
2020-11-07,E12000004,East Midlands,region,1785,2214.8571428571427
2020-11-08,E12000001,North East,region,1318,1472.0
2020-11-08,E12000003,Yorkshire And The Humber,region,2948,3674.714285714286
2020-11-08,E12000002,North West,region,3231,4101.285714285715
2020-11-08,E12000004,East Midlands,region,2051,2329.0
2020-11-08,E12000005,West Midlands,region,2488,2883.5714285714284
2020-11-08,E12000006,East Of England,region,1094,1140.142857142857
2020-11-08,E12000007,London,region,1792,2132.8571428571427
2020-11-08,E12000008,South East,region,1983,2026.7142857142858
2020-11-08,E12000009,South West,region,1320,1521.5714285714287
2020-11-09,E12000009,South West,region,1938,1537.142857142857
2020-11-09,E12000005,West Midlands,region,4001,2924.1428571428573
2020-11-09,E12000008,South East,region,3030,2091.1428571428573
2020-11-09,E12000004,East Midlands,region,3044,2292.285714285714
2020-11-09,E12000002,North West,region,4810,3929.5714285714284
2020-11-09,E12000006,East Of England,region,1827,1201.857142857143
2020-11-09,E12000001,North East,region,2083,1528.2857142857142
2020-11-09,E12000003,Yorkshire And The Humber,region,4601,3645.285714285714
2020-11-09,E12000007,London,region,3128,2156.1428571428573
2020-11-10,E12000003,Yorkshire And The Humber,region,3859,3615.8571428571427
2020-11-10,E12000007,London,region,2776,2243.8571428571427
2020-11-10,E12000004,East Midlands,region,2697,2334.5714285714284
2020-11-10,E12000008,South East,region,2645,2183.0
2020-11-10,E12000001,North East,region,1798,1567.0
2020-11-10,E12000002,North West,region,3975,3852.4285714285716
2020-11-10,E12000006,East Of England,region,1473,1246.2857142857142
2020-11-10,E12000009,South West,region,1806,1571.7142857142858
2020-11-10,E12000005,West Midlands,region,3685,2999.8571428571427
2020-11-11,E12000004,East Midlands,region,2686,2406.5714285714284
2020-11-11,E12000003,Yorkshire And The Humber,region,3824,3649.5714285714284
2020-11-11,E12000001,North East,region,1884,1632.0
2020-11-11,E12000007,London,region,2961,2369.1428571428573
2020-11-11,E12000009,South West,region,1626,1569.0
2020-11-11,E12000008,South East,region,2751,2293.8571428571427
2020-11-11,E12000002,North West,region,3983,3825.0
2020-11-11,E12000006,East Of England,region,1629,1328.142857142857
2020-11-11,E12000005,West Midlands,region,3613,3118.1428571428573
2020-11-12,E12000004,East Midlands,region,2206,2402.714285714286
2020-11-12,E12000007,London,region,2890,2479.8571428571427
2020-11-12,E12000002,North West,region,3485,3753.714285714286
2020-11-12,E12000001,North East,region,1556,1640.0
2020-11-12,E12000009,South West,region,1589,1568.7142857142858
2020-11-12,E12000003,Yorkshire And The Humber,region,3293,3593.714285714286
2020-11-12,E12000008,South East,region,2671,2395.8571428571427
2020-11-12,E12000005,West Midlands,region,3163,3157.714285714286
2020-11-12,E12000006,East Of England,region,1389,1364.7142857142858
2020-11-13,E12000002,North West,region,3280,3661.4285714285716
2020-11-13,E12000009,South West,region,1756,1603.5714285714287
2020-11-13,E12000008,South East,region,2761,2510.714285714286
2020-11-13,E12000007,London,region,2744,2565.4285714285716
2020-11-13,E12000003,Yorkshire And The Humber,region,3174,3512.4285714285716
2020-11-13,E12000004,East Midlands,region,2181,2378.5714285714284
2020-11-13,E12000005,West Midlands,region,3095,3195.0
2020-11-13,E12000001,North East,region,1546,1649.0
2020-11-13,E12000006,East Of England,region,1377,1400.7142857142858
2020-11-14,E12000003,Yorkshire And The Humber,region,2578,3468.1428571428573
2020-11-14,E12000009,South West,region,1274,1615.5714285714287
2020-11-14,E12000005,West Midlands,region,2391,3205.1428571428573
2020-11-14,E12000001,North East,region,1071,1608.0
2020-11-14,E12000007,London,region,1960,2607.285714285714
2020-11-14,E12000006,East Of England,region,1012,1400.142857142857
2020-11-14,E12000008,South East,region,1823,2523.4285714285716
2020-11-14,E12000002,North West,region,2416,3597.1428571428573
2020-11-14,E12000004,East Midlands,region,1731,2370.8571428571427
2020-11-15,E12000004,East Midlands,region,1425,2281.4285714285716
2020-11-15,E12000003,Yorkshire And The Humber,region,2144,3353.285714285714
2020-11-15,E12000008,South East,region,1719,2485.714285714286
2020-11-15,E12000009,South West,region,1074,1580.4285714285713
2020-11-15,E12000006,East Of England,region,928,1376.4285714285713
2020-11-15,E12000007,London,region,1830,2612.714285714286
2020-11-15,E12000005,West Midlands,region,2049,3142.4285714285716
2020-11-15,E12000002,North West,region,2152,3443.0
2020-11-15,E12000001,North East,region,1060,1571.142857142857
2020-11-16,E12000005,West Midlands,region,3460,3065.1428571428573
2020-11-16,E12000008,South East,region,3057,2489.5714285714284
2020-11-16,E12000003,Yorkshire And The Humber,region,3384,3179.4285714285716
2020-11-16,E12000007,London,region,3117,2611.1428571428573
2020-11-16,E12000006,East Of England,region,1615,1346.142857142857
2020-11-16,E12000002,North West,region,3443,3247.714285714286
2020-11-16,E12000009,South West,region,1767,1556.0
2020-11-16,E12000004,East Midlands,region,2620,2220.8571428571427
2020-11-16,E12000001,North East,region,1587,1500.2857142857142
2020-11-17,E12000004,East Midlands,region,2145,2142.0
2020-11-17,E12000003,Yorkshire And The Humber,region,3159,3079.4285714285716
2020-11-17,E12000001,North East,region,1494,1456.857142857143
2020-11-17,E12000005,West Midlands,region,3081,2978.8571428571427
2020-11-17,E12000002,North West,region,3103,3123.1428571428573
2020-11-17,E12000008,South East,region,2311,2441.8571428571427
2020-11-17,E12000007,London,region,2597,2585.5714285714284
2020-11-17,E12000006,East Of England,region,1335,1326.4285714285713
2020-11-17,E12000009,South West,region,1328,1487.7142857142858
2020-11-18,E12000003,Yorkshire And The Humber,region,2656,2912.5714285714284
2020-11-18,E12000007,London,region,2488,2518.0
2020-11-18,E12000009,South West,region,1201,1427.0
2020-11-18,E12000001,North East,region,1367,1383.0
2020-11-18,E12000002,North West,region,2629,2929.714285714286
2020-11-18,E12000008,South East,region,2308,2378.5714285714284
2020-11-18,E12000006,East Of England,region,1270,1275.142857142857
2020-11-18,E12000005,West Midlands,region,2664,2843.285714285714
2020-11-18,E12000004,East Midlands,region,1861,2024.142857142857
2020-11-19,E12000007,London,region,2212,2421.1428571428573
2020-11-19,E12000004,East Midlands,region,1519,1926.0
2020-11-19,E12000005,West Midlands,region,2417,2736.714285714286
2020-11-19,E12000001,North East,region,1037,1308.857142857143
2020-11-19,E12000006,East Of England,region,1198,1247.857142857143
2020-11-19,E12000008,South East,region,1930,2272.714285714286
2020-11-19,E12000002,North West,region,2234,2751.0
2020-11-19,E12000009,South West,region,1013,1344.7142857142858
2020-11-19,E12000003,Yorkshire And The Humber,region,2150,2749.285714285714
2020-11-20,E12000006,East Of England,region,1079,1205.2857142857142
2020-11-20,E12000008,South East,region,1915,2151.8571428571427
2020-11-20,E12000002,North West,region,2019,2570.8571428571427
2020-11-20,E12000001,North East,region,958,1224.857142857143
2020-11-20,E12000004,East Midlands,region,1505,1829.4285714285713
2020-11-20,E12000003,Yorkshire And The Humber,region,2001,2581.714285714286
2020-11-20,E12000009,South West,region,906,1223.2857142857142
2020-11-20,E12000005,West Midlands,region,2350,2630.285714285714
2020-11-20,E12000007,London,region,2152,2336.5714285714284
2020-11-21,E12000005,West Midlands,region,1623,2520.5714285714284
2020-11-21,E12000006,East Of England,region,805,1175.7142857142858
2020-11-21,E12000001,North East,region,687,1170.0
2020-11-21,E12000009,South West,region,711,1142.857142857143
2020-11-21,E12000004,East Midlands,region,1108,1740.4285714285713
2020-11-21,E12000003,Yorkshire And The Humber,region,1416,2415.714285714286
2020-11-21,E12000002,North West,region,1405,2426.4285714285716
2020-11-21,E12000007,London,region,1514,2272.8571428571427
2020-11-21,E12000008,South East,region,1498,2105.4285714285716
2020-11-22,E12000009,South West,region,581,1072.4285714285713
2020-11-22,E12000005,West Midlands,region,1503,2442.5714285714284
2020-11-22,E12000004,East Midlands,region,1033,1684.4285714285713
2020-11-22,E12000003,Yorkshire And The Humber,region,1399,2309.285714285714
2020-11-22,E12000002,North West,region,1400,2319.0
2020-11-22,E12000007,London,region,1508,2226.8571428571427
2020-11-22,E12000006,East Of England,region,813,1159.2857142857142
2020-11-22,E12000008,South East,region,1308,2046.7142857142858
2020-11-22,E12000001,North East,region,636,1109.4285714285713
2020-11-23,E12000009,South West,region,1021,965.8571428571429
2020-11-23,E12000007,London,region,2430,2128.714285714286
2020-11-23,E12000008,South East,region,2400,1952.857142857143
2020-11-23,E12000006,East Of England,region,1257,1108.142857142857
2020-11-23,E12000005,West Midlands,region,2298,2276.5714285714284
2020-11-23,E12000004,East Midlands,region,1664,1547.857142857143
2020-11-23,E12000003,Yorkshire And The Humber,region,2145,2132.285714285714
2020-11-23,E12000001,North East,region,983,1023.1428571428571
2020-11-23,E12000002,North West,region,2223,2144.714285714286
2020-11-24,E12000005,West Midlands,region,2060,2130.714285714286
2020-11-24,E12000002,North West,region,1899,1972.7142857142858
2020-11-24,E12000006,East Of England,region,1051,1067.5714285714287
2020-11-24,E12000008,South East,region,1985,1906.2857142857142
2020-11-24,E12000004,East Midlands,region,1478,1452.5714285714287
2020-11-24,E12000009,South West,region,842,896.4285714285714
2020-11-24,E12000001,North East,region,861,932.7142857142857
2020-11-24,E12000007,London,region,2179,2069.0
2020-11-24,E12000003,Yorkshire And The Humber,region,1818,1940.7142857142858
2020-11-25,E12000002,North West,region,1864,1863.4285714285713
2020-11-25,E12000008,South East,region,2077,1873.2857142857142
2020-11-25,E12000005,West Midlands,region,1951,2028.857142857143
2020-11-25,E12000007,London,region,2265,2037.142857142857
2020-11-25,E12000009,South West,region,874,849.7142857142857
2020-11-25,E12000006,East Of England,region,1218,1060.142857142857
2020-11-25,E12000004,East Midlands,region,1358,1380.7142857142858
2020-11-25,E12000001,North East,region,819,854.4285714285714
2020-11-25,E12000003,Yorkshire And The Humber,region,1681,1801.4285714285713
2020-11-26,E12000008,South East,region,1776,1851.2857142857142
2020-11-26,E12000003,Yorkshire And The Humber,region,1479,1705.5714285714287
2020-11-26,E12000004,East Midlands,region,1189,1333.5714285714287
2020-11-26,E12000002,North West,region,1608,1774.0
2020-11-26,E12000001,North East,region,724,809.7142857142857
2020-11-26,E12000007,London,region,2092,2020.0
2020-11-26,E12000009,South West,region,774,815.5714285714286
2020-11-26,E12000006,East Of England,region,1041,1037.7142857142858
2020-11-26,E12000005,West Midlands,region,1728,1930.4285714285713
2020-11-27,E12000002,North West,region,1469,1695.4285714285713
2020-11-27,E12000001,North East,region,654,766.2857142857143
2020-11-27,E12000008,South East,region,2086,1875.7142857142858
2020-11-27,E12000003,Yorkshire And The Humber,region,1360,1614.0
2020-11-27,E12000007,London,region,2234,2031.7142857142858
2020-11-27,E12000009,South West,region,717,788.5714285714286
2020-11-27,E12000005,West Midlands,region,1580,1820.4285714285713
2020-11-27,E12000004,East Midlands,region,1131,1280.142857142857
2020-11-27,E12000006,East Of England,region,1144,1047.0
2020-11-28,E12000003,Yorkshire And The Humber,region,1117,1571.2857142857142
2020-11-28,E12000004,East Midlands,region,890,1249.0
2020-11-28,E12000008,South East,region,1482,1873.4285714285713
2020-11-28,E12000002,North West,region,1179,1663.142857142857
2020-11-28,E12000005,West Midlands,region,1158,1754.0
2020-11-28,E12000009,South West,region,514,760.4285714285714
2020-11-28,E12000001,North East,region,507,740.5714285714286
2020-11-28,E12000007,London,region,1654,2051.714285714286
2020-11-28,E12000006,East Of England,region,815,1048.4285714285713
2020-11-29,E12000005,West Midlands,region,1145,1702.857142857143
2020-11-29,E12000007,London,region,1670,2074.8571428571427
2020-11-29,E12000002,North West,region,1075,1616.7142857142858
2020-11-29,E12000009,South West,region,511,750.4285714285714
2020-11-29,E12000008,South East,region,1495,1900.142857142857
2020-11-29,E12000001,North East,region,464,716.0
2020-11-29,E12000003,Yorkshire And The Humber,region,1075,1525.0
2020-11-29,E12000006,East Of England,region,776,1043.142857142857
2020-11-29,E12000004,East Midlands,region,812,1217.4285714285713
2020-11-30,E12000001,North East,region,773,686.0
2020-11-30,E12000004,East Midlands,region,1472,1190.0
2020-11-30,E12000009,South West,region,817,721.2857142857143
2020-11-30,E12000003,Yorkshire And The Humber,region,1771,1471.5714285714287
2020-11-30,E12000005,West Midlands,region,1739,1623.0
2020-11-30,E12000006,East Of England,region,1536,1083.0
2020-11-30,E12000007,London,region,2720,2116.285714285714
2020-11-30,E12000002,North West,region,1900,1570.5714285714287
2020-11-30,E12000008,South East,region,2442,1906.142857142857
2020-12-01,E12000008,South East,region,2304,1951.7142857142858
2020-12-01,E12000005,West Midlands,region,1563,1552.0
2020-12-01,E12000007,London,region,2489,2160.5714285714284
2020-12-01,E12000002,North West,region,1746,1548.7142857142858
2020-12-01,E12000004,East Midlands,region,1281,1161.857142857143
2020-12-01,E12000003,Yorkshire And The Humber,region,1566,1435.5714285714287
2020-12-01,E12000009,South West,region,752,708.4285714285714
2020-12-01,E12000006,East Of England,region,1303,1119.0
2020-12-01,E12000001,North East,region,654,656.4285714285714
2020-12-02,E12000008,South East,region,2298,1983.2857142857142
2020-12-02,E12000001,North East,region,651,632.4285714285714
2020-12-02,E12000009,South West,region,664,678.4285714285714
2020-12-02,E12000002,North West,region,1481,1494.0
2020-12-02,E12000006,East Of England,region,1459,1153.4285714285713
2020-12-02,E12000007,London,region,2839,2242.5714285714284
2020-12-02,E12000005,West Midlands,region,1502,1487.857142857143
2020-12-02,E12000003,Yorkshire And The Humber,region,1422,1398.5714285714287
2020-12-02,E12000004,East Midlands,region,1279,1150.5714285714287
2020-12-03,E12000009,South West,region,686,665.8571428571429
2020-12-03,E12000006,East Of England,region,1353,1198.0
2020-12-03,E12000007,London,region,2487,2299.0
2020-12-03,E12000004,East Midlands,region,1264,1161.2857142857142
2020-12-03,E12000005,West Midlands,region,1385,1438.857142857143
2020-12-03,E12000003,Yorkshire And The Humber,region,1237,1364.0
2020-12-03,E12000002,North West,region,1385,1462.142857142857
2020-12-03,E12000001,North East,region,605,615.4285714285714
2020-12-03,E12000008,South East,region,2309,2059.4285714285716
2020-12-04,E12000001,North East,region,563,602.4285714285714
2020-12-04,E12000009,South West,region,605,649.8571428571429
2020-12-04,E12000005,West Midlands,region,1419,1415.857142857143
2020-12-04,E12000007,London,region,2964,2403.285714285714
2020-12-04,E12000004,East Midlands,region,1094,1156.0
2020-12-04,E12000003,Yorkshire And The Humber,region,1092,1325.7142857142858
2020-12-04,E12000002,North West,region,1480,1463.7142857142858
2020-12-04,E12000008,South East,region,2354,2097.714285714286
2020-12-04,E12000006,East Of England,region,1399,1234.4285714285713
2020-12-05,E12000005,West Midlands,region,1124,1411.0
2020-12-05,E12000002,North West,region,1023,1441.4285714285713
2020-12-05,E12000008,South East,region,1901,2157.5714285714284
2020-12-05,E12000006,East Of England,region,1211,1291.0
2020-12-05,E12000003,Yorkshire And The Humber,region,912,1296.4285714285713
2020-12-05,E12000004,East Midlands,region,872,1153.4285714285713
2020-12-05,E12000009,South West,region,508,649.0
2020-12-05,E12000001,North East,region,426,590.8571428571429
2020-12-05,E12000007,London,region,2277,2492.285714285714
2020-12-06,E12000008,South East,region,2062,2238.5714285714284
2020-12-06,E12000004,East Midlands,region,968,1175.7142857142858
2020-12-06,E12000006,East Of England,region,1318,1368.4285714285713
2020-12-06,E12000007,London,region,2445,2603.0
2020-12-06,E12000002,North West,region,1160,1453.5714285714287
2020-12-06,E12000005,West Midlands,region,1154,1412.2857142857142
2020-12-06,E12000003,Yorkshire And The Humber,region,903,1271.857142857143
2020-12-06,E12000001,North East,region,519,598.7142857142857
2020-12-06,E12000009,South West,region,490,646.0
2020-12-07,E12000005,West Midlands,region,1779,1418.0
2020-12-07,E12000003,Yorkshire And The Humber,region,1488,1231.4285714285713
2020-12-07,E12000008,South East,region,3332,2365.714285714286
2020-12-07,E12000002,North West,region,1871,1449.4285714285713
2020-12-07,E12000004,East Midlands,region,1596,1193.4285714285713
2020-12-07,E12000001,North East,region,765,597.5714285714286
2020-12-07,E12000009,South West,region,779,640.5714285714286
2020-12-07,E12000006,East Of England,region,2223,1466.5714285714287
2020-12-07,E12000007,London,region,3749,2750.0
2020-12-08,E12000009,South West,region,850,654.5714285714286
2020-12-08,E12000002,North West,region,1590,1427.142857142857
2020-12-08,E12000008,South East,region,3186,2491.714285714286
2020-12-08,E12000007,London,region,3759,2931.4285714285716
2020-12-08,E12000003,Yorkshire And The Humber,region,1390,1206.2857142857142
2020-12-08,E12000001,North East,region,727,608.0
2020-12-08,E12000005,West Midlands,region,1763,1446.5714285714287
2020-12-08,E12000006,East Of England,region,2115,1582.5714285714287
2020-12-08,E12000004,East Midlands,region,1426,1214.142857142857
2020-12-09,E12000007,London,region,4462,3163.285714285714
2020-12-09,E12000001,North East,region,650,607.8571428571429
2020-12-09,E12000005,West Midlands,region,1690,1473.4285714285713
2020-12-09,E12000004,East Midlands,region,1410,1232.857142857143
2020-12-09,E12000009,South West,region,829,678.1428571428571
2020-12-09,E12000006,East Of England,region,2283,1700.2857142857142
2020-12-09,E12000003,Yorkshire And The Humber,region,1396,1202.5714285714287
2020-12-09,E12000008,South East,region,3286,2632.8571428571427
2020-12-09,E12000002,North West,region,1619,1446.857142857143
2020-12-10,E12000003,Yorkshire And The Humber,region,1242,1203.2857142857142
2020-12-10,E12000004,East Midlands,region,1452,1259.7142857142858
2020-12-10,E12000008,South East,region,3644,2823.5714285714284
2020-12-10,E12000005,West Midlands,region,1696,1517.857142857143
2020-12-10,E12000001,North East,region,653,614.7142857142857
2020-12-10,E12000007,London,region,5080,3533.714285714286
2020-12-10,E12000006,East Of England,region,2343,1841.7142857142858
2020-12-10,E12000009,South West,region,889,707.1428571428571
2020-12-10,E12000002,North West,region,1663,1486.5714285714287
2020-12-11,E12000004,East Midlands,region,1448,1310.2857142857142
2020-12-11,E12000006,East Of England,region,2722,2030.7142857142858
2020-12-11,E12000005,West Midlands,region,1777,1569.0
2020-12-11,E12000001,North East,region,664,629.1428571428571
2020-12-11,E12000007,London,region,5538,3901.4285714285716
2020-12-11,E12000003,Yorkshire And The Humber,region,1274,1229.2857142857142
2020-12-11,E12000009,South West,region,835,740.0
2020-12-11,E12000008,South East,region,4134,3077.8571428571427
2020-12-11,E12000002,North West,region,1663,1512.7142857142858
2020-12-12,E12000006,East Of England,region,2264,2181.1428571428573
2020-12-12,E12000004,East Midlands,region,1035,1333.5714285714287
2020-12-12,E12000008,South East,region,3344,3284.0
2020-12-12,E12000005,West Midlands,region,1358,1602.4285714285713
2020-12-12,E12000007,London,region,4749,4254.571428571428
2020-12-12,E12000002,North West,region,1272,1548.2857142857142
2020-12-12,E12000003,Yorkshire And The Humber,region,962,1236.4285714285713
2020-12-12,E12000009,South West,region,671,763.2857142857143
2020-12-12,E12000001,North East,region,513,641.5714285714286
2020-12-13,E12000007,London,region,5571,4701.142857142857
2020-12-13,E12000006,East Of England,region,2791,2391.5714285714284
2020-12-13,E12000003,Yorkshire And The Humber,region,1052,1257.7142857142858
2020-12-13,E12000008,South East,region,3726,3521.714285714286
2020-12-13,E12000009,South West,region,835,812.5714285714286
2020-12-13,E12000005,West Midlands,region,1355,1631.142857142857
2020-12-13,E12000004,East Midlands,region,1058,1346.4285714285713
2020-12-13,E12000002,North West,region,1359,1576.7142857142858
2020-12-13,E12000001,North East,region,581,650.4285714285714
2020-12-14,E12000004,East Midlands,region,2067,1413.7142857142858
2020-12-14,E12000007,London,region,8438,5371.0
2020-12-14,E12000005,West Midlands,region,2436,1725.0
2020-12-14,E12000008,South East,region,6088,3915.4285714285716
2020-12-14,E12000001,North East,region,916,672.0
2020-12-14,E12000009,South West,region,1278,883.8571428571429
2020-12-14,E12000003,Yorkshire And The Humber,region,1770,1298.0
2020-12-14,E12000006,East Of England,region,4492,2715.714285714286
2020-12-14,E12000002,North West,region,2296,1637.4285714285713
2020-12-15,E12000003,Yorkshire And The Humber,region,1540,1319.4285714285713
2020-12-15,E12000001,North East,region,903,697.1428571428571
2020-12-15,E12000004,East Midlands,region,1768,1462.5714285714287
2020-12-15,E12000005,West Midlands,region,2299,1801.5714285714287
2020-12-15,E12000007,London,region,8974,6116.0
2020-12-15,E12000002,North West,region,2167,1719.857142857143
2020-12-15,E12000009,South West,region,1244,940.1428571428571
2020-12-15,E12000006,East Of England,region,4407,3043.1428571428573
2020-12-15,E12000008,South East,region,6135,4336.714285714285
2020-12-16,E12000002,North West,region,2063,1783.2857142857142
2020-12-16,E12000005,West Midlands,region,2094,1859.2857142857142
2020-12-16,E12000004,East Midlands,region,1706,1504.857142857143
2020-12-16,E12000006,East Of England,region,4780,3399.8571428571427
2020-12-16,E12000009,South West,region,1361,1016.1428571428571
2020-12-16,E12000003,Yorkshire And The Humber,region,1250,1298.5714285714287
2020-12-16,E12000008,South East,region,6134,4743.571428571428
2020-12-16,E12000007,London,region,10165,6930.714285714285
2020-12-16,E12000001,North East,region,829,722.7142857142857
2020-12-17,E12000008,South East,region,6019,5082.857142857143
2020-12-17,E12000009,South West,region,1139,1051.857142857143
2020-12-17,E12000007,London,region,10317,7678.857142857143
2020-12-17,E12000002,North West,region,1994,1830.5714285714287
2020-12-17,E12000006,East Of England,region,4688,3734.8571428571427
2020-12-17,E12000004,East Midlands,region,1705,1541.0
2020-12-17,E12000003,Yorkshire And The Humber,region,1198,1292.2857142857142
2020-12-17,E12000005,West Midlands,region,2174,1927.5714285714287
2020-12-17,E12000001,North East,region,666,724.5714285714286
2020-12-18,E12000001,North East,region,791,742.7142857142857
2020-12-18,E12000006,East Of England,region,5206,4089.714285714286
2020-12-18,E12000003,Yorkshire And The Humber,region,1469,1320.142857142857
2020-12-18,E12000002,North West,region,2148,1899.857142857143
2020-12-18,E12000008,South East,region,6344,5398.571428571428
2020-12-18,E12000004,East Midlands,region,1720,1579.857142857143
2020-12-18,E12000007,London,region,11002,8459.42857142857
2020-12-18,E12000009,South West,region,1273,1114.4285714285713
2020-12-18,E12000005,West Midlands,region,2117,1976.142857142857
2020-12-19,E12000008,South East,region,4028,5496.285714285715
2020-12-19,E12000007,London,region,7289,8822.285714285714
2020-12-19,E12000003,Yorkshire And The Humber,region,1024,1329.0
2020-12-19,E12000004,East Midlands,region,1363,1626.7142857142858
2020-12-19,E12000006,East Of England,region,3453,4259.571428571428
2020-12-19,E12000009,South West,region,791,1131.5714285714287
2020-12-19,E12000001,North East,region,620,758.0
2020-12-19,E12000005,West Midlands,region,1668,2020.4285714285713
2020-12-19,E12000002,North West,region,1715,1963.142857142857
2020-12-20,E12000003,Yorkshire And The Humber,region,1439,1384.2857142857142
2020-12-20,E12000007,London,region,9078,9323.285714285714
2020-12-20,E12000006,East Of England,region,4683,4529.857142857143
2020-12-20,E12000001,North East,region,771,785.1428571428571
2020-12-20,E12000008,South East,region,6111,5837.0
2020-12-20,E12000004,East Midlands,region,1710,1719.857142857143
2020-12-20,E12000009,South West,region,1301,1198.142857142857
2020-12-20,E12000005,West Midlands,region,2276,2152.0
2020-12-20,E12000002,North West,region,1988,2053.0
2020-12-21,E12000007,London,region,13495,10045.714285714286
2020-12-21,E12000008,South East,region,9038,6258.428571428572
2020-12-21,E12000006,East Of England,region,6813,4861.428571428572
2020-12-21,E12000009,South West,region,2005,1302.0
2020-12-21,E12000004,East Midlands,region,2423,1770.7142857142858
2020-12-21,E12000001,North East,region,1030,801.4285714285714
2020-12-21,E12000003,Yorkshire And The Humber,region,2022,1420.2857142857142
2020-12-21,E12000005,West Midlands,region,3046,2239.1428571428573
2020-12-21,E12000002,North West,region,3136,2173.0
2020-12-22,E12000009,South West,region,1844,1387.7142857142858
2020-12-22,E12000001,North East,region,1175,840.2857142857143
2020-12-22,E12000003,Yorkshire And The Humber,region,1910,1473.142857142857
2020-12-22,E12000008,South East,region,8532,6600.857142857143
2020-12-22,E12000005,West Midlands,region,2879,2322.0
2020-12-22,E12000006,East Of England,region,6464,5155.285714285715
2020-12-22,E12000004,East Midlands,region,2106,1819.0
2020-12-22,E12000007,London,region,13569,10702.142857142857
2020-12-22,E12000002,North West,region,2879,2274.714285714286
2020-12-23,E12000008,South East,region,7153,6746.428571428572
2020-12-23,E12000005,West Midlands,region,2797,2422.4285714285716
2020-12-23,E12000002,North West,region,2923,2397.5714285714284
2020-12-23,E12000006,East Of England,region,5975,5326.0
2020-12-23,E12000001,North East,region,1095,878.2857142857143
2020-12-23,E12000004,East Midlands,region,2043,1867.142857142857
2020-12-23,E12000007,London,region,12532,11040.285714285714
2020-12-23,E12000009,South West,region,1809,1451.7142857142858
2020-12-23,E12000003,Yorkshire And The Humber,region,1663,1532.142857142857
2020-12-24,E12000006,East Of England,region,4403,5285.285714285715
2020-12-24,E12000004,East Midlands,region,1454,1831.2857142857142
2020-12-24,E12000008,South East,region,5823,6718.428571428572
2020-12-24,E12000001,North East,region,799,897.2857142857143
2020-12-24,E12000002,North West,region,2345,2447.714285714286
2020-12-24,E12000009,South West,region,1147,1452.857142857143
2020-12-24,E12000007,London,region,9594,10937.0
2020-12-24,E12000003,Yorkshire And The Humber,region,1277,1543.4285714285713
2020-12-24,E12000005,West Midlands,region,2172,2422.1428571428573
2020-12-25,E12000004,East Midlands,region,709,1686.857142857143
2020-12-25,E12000002,North West,region,934,2274.285714285714
2020-12-25,E12000001,North East,region,317,829.5714285714286
2020-12-25,E12000009,South West,region,577,1353.4285714285713
2020-12-25,E12000003,Yorkshire And The Humber,region,602,1419.5714285714287
2020-12-25,E12000006,East Of England,region,1769,4794.285714285715
2020-12-25,E12000008,South East,region,2514,6171.285714285715
2020-12-25,E12000007,London,region,4413,9995.714285714286
2020-12-25,E12000005,West Midlands,region,1035,2267.5714285714284
2020-12-26,E12000002,North West,region,2722,2418.1428571428573
2020-12-26,E12000005,West Midlands,region,2660,2409.285714285714
2020-12-26,E12000006,East Of England,region,5846,5136.142857142857
2020-12-26,E12000004,East Midlands,region,1894,1762.7142857142858
2020-12-26,E12000001,North East,region,992,882.7142857142857
2020-12-26,E12000008,South East,region,7503,6667.714285714285
2020-12-26,E12000003,Yorkshire And The Humber,region,1687,1514.2857142857142
2020-12-26,E12000009,South West,region,1868,1507.2857142857142
2020-12-26,E12000007,London,region,12085,10680.857142857143
2020-12-27,E12000009,South West,region,2276,1646.5714285714287
2020-12-27,E12000004,East Midlands,region,2443,1867.4285714285713
2020-12-27,E12000007,London,region,13364,11293.142857142857
2020-12-27,E12000001,North East,region,1312,960.0
2020-12-27,E12000008,South East,region,8160,6960.428571428572
2020-12-27,E12000003,Yorkshire And The Humber,region,1993,1593.4285714285713
2020-12-27,E12000002,North West,region,3577,2645.1428571428573
2020-12-27,E12000006,East Of England,region,6664,5419.142857142857
2020-12-27,E12000005,West Midlands,region,3234,2546.1428571428573
2020-12-28,E12000009,South West,region,2483,1714.857142857143
2020-12-28,E12000008,South East,region,8069,6822.0
2020-12-28,E12000007,London,region,10880,10919.57142857143
2020-12-28,E12000003,Yorkshire And The Humber,region,2154,1612.2857142857142
2020-12-28,E12000005,West Midlands,region,3193,2567.1428571428573
2020-12-28,E12000006,East Of England,region,6066,5312.428571428572
2020-12-28,E12000002,North West,region,3685,2723.5714285714284
2020-12-28,E12000001,North East,region,1454,1020.5714285714286
2020-12-28,E12000004,East Midlands,region,2539,1884.0
2020-12-29,E12000001,North East,region,2487,1208.0
2020-12-29,E12000008,South East,region,14954,7739.428571428572
2020-12-29,E12000004,East Midlands,region,4052,2162.0
2020-12-29,E12000005,West Midlands,region,6234,3046.4285714285716
2020-12-29,E12000003,Yorkshire And The Humber,region,3283,1808.4285714285713
2020-12-29,E12000006,East Of England,region,11306,6004.142857142857
2020-12-29,E12000007,London,region,20265,11876.142857142857
2020-12-29,E12000002,North West,region,6789,3282.1428571428573
2020-12-29,E12000009,South West,region,4218,2054.0
2020-12-30,E12000005,West Midlands,region,6026,3507.714285714286
2020-12-30,E12000008,South East,region,12370,8484.714285714286
2020-12-30,E12000009,South West,region,3253,2260.285714285714
2020-12-30,E12000002,North West,region,6580,3804.5714285714284
2020-12-30,E12000004,East Midlands,region,3673,2394.8571428571427
2020-12-30,E12000006,East Of England,region,8896,6421.428571428572
2020-12-30,E12000003,Yorkshire And The Humber,region,3010,2000.857142857143
2020-12-30,E12000007,London,region,17658,12608.42857142857
2020-12-30,E12000001,North East,region,2323,1383.4285714285713
2020-12-31,E12000008,South East,region,8654,8889.142857142857
2020-12-31,E12000003,Yorkshire And The Humber,region,2212,2134.4285714285716
2020-12-31,E12000006,East Of England,region,6603,6735.714285714285
2020-12-31,E12000002,North West,region,5368,4236.428571428572
2020-12-31,E12000001,North East,region,1602,1498.142857142857
2020-12-31,E12000009,South West,region,2655,2475.714285714286
2020-12-31,E12000007,London,region,12667,13047.42857142857
2020-12-31,E12000005,West Midlands,region,4699,3868.714285714286
2020-12-31,E12000004,East Midlands,region,3017,2618.1428571428573
2021-01-01,E12000005,West Midlands,region,3074,4160.0
2021-01-01,E12000008,South East,region,5639,9335.57142857143
2021-01-01,E12000002,North West,region,2922,4520.428571428572
2021-01-01,E12000009,South West,region,1877,2661.4285714285716
2021-01-01,E12000003,Yorkshire And The Humber,region,1520,2265.5714285714284
2021-01-01,E12000004,East Midlands,region,1695,2759.0
2021-01-01,E12000007,London,region,6889,13401.142857142857
2021-01-01,E12000006,East Of England,region,4114,7070.714285714285
2021-01-01,E12000001,North East,region,971,1591.5714285714287
2021-01-02,E12000007,London,region,13941,13666.285714285714
2021-01-02,E12000004,East Midlands,region,3489,2986.8571428571427
2021-01-02,E12000003,Yorkshire And The Humber,region,2791,2423.285714285714
2021-01-02,E12000006,East Of England,region,7402,7293.0
2021-01-02,E12000009,South West,region,3106,2838.285714285714
2021-01-02,E12000002,North West,region,7078,5142.714285714285
2021-01-02,E12000001,North East,region,1812,1708.7142857142858
2021-01-02,E12000005,West Midlands,region,5790,4607.142857142857
2021-01-02,E12000008,South East,region,9747,9656.142857142857
2021-01-03,E12000009,South West,region,2870,2923.1428571428573
2021-01-03,E12000002,North West,region,6713,5590.714285714285
2021-01-03,E12000001,North East,region,1721,1767.142857142857
2021-01-03,E12000008,South East,region,8545,9711.142857142857
2021-01-03,E12000003,Yorkshire And The Humber,region,2498,2495.4285714285716
2021-01-03,E12000007,London,region,13396,13670.857142857143
2021-01-03,E12000004,East Midlands,region,3065,3075.714285714286
2021-01-03,E12000005,West Midlands,region,4984,4857.142857142857
2021-01-03,E12000006,East Of England,region,6618,7286.428571428572
2021-01-04,E12000002,North West,region,8450,6271.428571428572
2021-01-04,E12000004,East Midlands,region,4391,3340.285714285714
2021-01-04,E12000009,South West,region,4283,3180.285714285714
2021-01-04,E12000007,London,region,17652,14638.285714285714
2021-01-04,E12000006,East Of England,region,9547,7783.714285714285
2021-01-04,E12000001,North East,region,2337,1893.2857142857142
2021-01-04,E12000008,South East,region,12815,10389.142857142857
2021-01-04,E12000005,West Midlands,region,7369,5453.714285714285
2021-01-04,E12000003,Yorkshire And The Humber,region,3574,2698.285714285714
2021-01-05,E12000001,North East,region,1775,1791.5714285714287
2021-01-05,E12000007,London,region,14895,13871.142857142857
2021-01-05,E12000005,West Midlands,region,6069,5430.142857142857
2021-01-05,E12000006,East Of England,region,7372,7221.714285714285
2021-01-05,E12000003,Yorkshire And The Humber,region,2907,2644.5714285714284
2021-01-05,E12000009,South West,region,3987,3147.285714285714
2021-01-05,E12000002,North West,region,7991,6443.142857142857
2021-01-05,E12000004,East Midlands,region,3593,3274.714285714286
2021-01-05,E12000008,South East,region,10614,9769.142857142857
2021-01-06,E12000008,South East,region,8725,9248.42857142857
2021-01-06,E12000001,North East,region,1540,1679.7142857142858
2021-01-06,E12000005,West Midlands,region,5756,5391.571428571428
2021-01-06,E12000009,South West,region,3246,3146.285714285714
2021-01-06,E12000006,East Of England,region,6396,6864.571428571428
2021-01-06,E12000007,London,region,13885,13332.142857142857
2021-01-06,E12000002,North West,region,6824,6478.0
2021-01-06,E12000003,Yorkshire And The Humber,region,2652,2593.4285714285716
2021-01-06,E12000004,East Midlands,region,3284,3219.1428571428573
2021-01-07,E12000005,West Midlands,region,4938,5425.714285714285
2021-01-07,E12000007,London,region,12354,13287.42857142857
2021-01-07,E12000003,Yorkshire And The Humber,region,2506,2635.4285714285716
2021-01-07,E12000009,South West,region,2928,3185.285714285714
2021-01-07,E12000001,North East,region,1525,1668.7142857142858
2021-01-07,E12000008,South East,region,8120,9172.142857142857
2021-01-07,E12000006,East Of England,region,5924,6767.571428571428
2021-01-07,E12000002,North West,region,6344,6617.428571428572
2021-01-07,E12000004,East Midlands,region,3035,3221.714285714286
2021-01-08,E12000002,North West,region,5798,7028.285714285715
2021-01-08,E12000003,Yorkshire And The Humber,region,2156,2726.285714285714
2021-01-08,E12000008,South East,region,7507,9439.0
2021-01-08,E12000004,East Midlands,region,2873,3390.0
2021-01-08,E12000001,North East,region,1183,1699.0
2021-01-08,E12000009,South West,region,2759,3311.285714285714
2021-01-08,E12000005,West Midlands,region,4754,5665.714285714285
2021-01-08,E12000006,East Of England,region,5332,6941.571428571428
2021-01-08,E12000007,London,region,10770,13841.857142857143
2021-01-09,E12000005,West Midlands,region,4075,5420.714285714285
2021-01-09,E12000003,Yorkshire And The Humber,region,1891,2597.714285714286
2021-01-09,E12000001,North East,region,1031,1587.4285714285713
2021-01-09,E12000002,North West,region,5104,6746.285714285715
2021-01-09,E12000009,South West,region,2550,3231.8571428571427
2021-01-09,E12000006,East Of England,region,4147,6476.571428571428
2021-01-09,E12000004,East Midlands,region,2389,3232.8571428571427
2021-01-09,E12000007,London,region,8960,13130.285714285714
2021-01-09,E12000008,South East,region,6011,8905.285714285714
2021-01-10,E12000009,South West,region,2205,3136.8571428571427
2021-01-10,E12000007,London,region,7641,12308.142857142857
2021-01-10,E12000004,East Midlands,region,2224,3112.714285714286
2021-01-10,E12000005,West Midlands,region,3936,5271.0
2021-01-10,E12000006,East Of England,region,3816,6076.285714285715
2021-01-10,E12000001,North East,region,1091,1497.4285714285713
2021-01-10,E12000002,North West,region,5343,6550.571428571428
2021-01-10,E12000008,South East,region,5506,8471.142857142857
2021-01-10,E12000003,Yorkshire And The Humber,region,1798,2497.714285714286
2021-01-11,E12000004,East Midlands,region,3634,3004.5714285714284
2021-01-11,E12000008,South East,region,9101,7940.571428571428
2021-01-11,E12000009,South West,region,3782,3065.285714285714
2021-01-11,E12000002,North West,region,7690,6442.0
2021-01-11,E12000005,West Midlands,region,6061,5084.142857142857
2021-01-11,E12000007,London,region,11844,11478.42857142857
2021-01-11,E12000006,East Of England,region,6267,5607.714285714285
2021-01-11,E12000003,Yorkshire And The Humber,region,2932,2406.0
2021-01-11,E12000001,North East,region,1733,1411.142857142857
2021-01-12,E12000003,Yorkshire And The Humber,region,2590,2360.714285714286
2021-01-12,E12000009,South West,region,3153,2946.1428571428573
2021-01-12,E12000006,East Of England,region,5329,5315.857142857143
2021-01-12,E12000007,London,region,10081,10790.714285714286
2021-01-12,E12000004,East Midlands,region,3331,2967.1428571428573
2021-01-12,E12000002,North West,region,6580,6240.428571428572
2021-01-12,E12000005,West Midlands,region,5629,5021.285714285715
2021-01-12,E12000008,South East,region,7389,7479.857142857143
2021-01-12,E12000001,North East,region,1466,1367.0
2021-01-13,E12000004,East Midlands,region,2892,2911.1428571428573
2021-01-13,E12000005,West Midlands,region,5386,4968.428571428572
2021-01-13,E12000003,Yorkshire And The Humber,region,2310,2311.8571428571427
2021-01-13,E12000008,South East,region,6902,7219.428571428572
2021-01-13,E12000002,North West,region,5549,6058.285714285715
2021-01-13,E12000009,South West,region,2924,2900.1428571428573
2021-01-13,E12000006,East Of England,region,5023,5119.714285714285
2021-01-13,E12000001,North East,region,1437,1352.2857142857142
2021-01-13,E12000007,London,region,9508,10165.42857142857
2021-01-14,E12000007,London,region,9159,9709.0
2021-01-14,E12000009,South West,region,2839,2887.4285714285716
2021-01-14,E12000001,North East,region,1274,1316.4285714285713
2021-01-14,E12000005,West Midlands,region,5168,5001.285714285715
2021-01-14,E12000008,South East,region,6732,7021.142857142857
2021-01-14,E12000006,East Of England,region,4711,4946.428571428572
2021-01-14,E12000003,Yorkshire And The Humber,region,1236,2130.4285714285716
2021-01-14,E12000002,North West,region,5324,5912.571428571428
2021-01-14,E12000004,East Midlands,region,2866,2887.0
2021-01-15,E12000005,West Midlands,region,5058,5044.714285714285
2021-01-15,E12000006,East Of England,region,4566,4837.0
2021-01-15,E12000009,South West,region,2495,2849.714285714286
2021-01-15,E12000002,North West,region,4794,5769.142857142857
2021-01-15,E12000004,East Midlands,region,2800,2876.5714285714284
2021-01-15,E12000003,Yorkshire And The Humber,region,2014,2110.1428571428573
2021-01-15,E12000001,North East,region,1244,1325.142857142857
2021-01-15,E12000008,South East,region,6178,6831.285714285715
2021-01-15,E12000007,London,region,8397,9370.0
2021-01-16,E12000002,North West,region,4043,5617.571428571428
2021-01-16,E12000005,West Midlands,region,3684,4988.857142857143
2021-01-16,E12000003,Yorkshire And The Humber,region,1731,2087.285714285714
2021-01-16,E12000008,South East,region,4402,6601.428571428572
2021-01-16,E12000007,London,region,6311,8991.57142857143
2021-01-16,E12000001,North East,region,1042,1326.7142857142858
2021-01-16,E12000004,East Midlands,region,2114,2837.285714285714
2021-01-16,E12000006,East Of England,region,3065,4682.428571428572
2021-01-16,E12000009,South West,region,1788,2740.8571428571427
2021-01-17,E12000007,London,region,5523,8689.0
2021-01-17,E12000004,East Midlands,region,2147,2826.285714285714
2021-01-17,E12000008,South East,region,4121,6403.571428571428
2021-01-17,E12000002,North West,region,3897,5411.0
2021-01-17,E12000001,North East,region,976,1310.2857142857142
2021-01-17,E12000005,West Midlands,region,3729,4959.285714285715
2021-01-17,E12000006,East Of England,region,3092,4579.0
2021-01-17,E12000009,South West,region,1647,2661.1428571428573
2021-01-17,E12000003,Yorkshire And The Humber,region,1675,2069.714285714286
2021-01-18,E12000002,North West,region,5659,5120.857142857143
2021-01-18,E12000007,London,region,8516,8213.57142857143
2021-01-18,E12000009,South West,region,2939,2540.714285714286
2021-01-18,E12000005,West Midlands,region,5452,4872.285714285715
2021-01-18,E12000004,East Midlands,region,3332,2783.1428571428573
2021-01-18,E12000003,Yorkshire And The Humber,region,2594,2021.4285714285713
2021-01-18,E12000001,North East,region,1604,1291.857142857143
2021-01-18,E12000006,East Of England,region,4754,4362.857142857143
2021-01-18,E12000008,South East,region,6750,6067.714285714285
2021-01-19,E12000003,Yorkshire And The Humber,region,2334,1984.857142857143
2021-01-19,E12000007,London,region,7213,7803.857142857143
2021-01-19,E12000005,West Midlands,region,4901,4768.285714285715
2021-01-19,E12000008,South East,region,5756,5834.428571428572
2021-01-19,E12000004,East Midlands,region,3281,2776.0
2021-01-19,E12000001,North East,region,1291,1266.857142857143
2021-01-19,E12000009,South West,region,2538,2452.8571428571427
2021-01-19,E12000002,North West,region,5282,4935.428571428572
2021-01-19,E12000006,East Of England,region,4104,4187.857142857143
2021-01-20,E12000002,North West,region,4515,4787.714285714285
2021-01-20,E12000008,South East,region,4915,5550.571428571428
2021-01-20,E12000001,North East,region,1346,1253.857142857143
2021-01-20,E12000007,London,region,6377,7356.571428571428
2021-01-20,E12000006,East Of England,region,3754,4006.5714285714284
2021-01-20,E12000003,Yorkshire And The Humber,region,2164,1964.0
2021-01-20,E12000004,East Midlands,region,2768,2758.285714285714
2021-01-20,E12000009,South West,region,2135,2340.1428571428573
2021-01-20,E12000005,West Midlands,region,4441,4633.285714285715
2021-01-21,E12000001,North East,region,1139,1234.5714285714287
2021-01-21,E12000003,Yorkshire And The Humber,region,1874,2055.1428571428573
2021-01-21,E12000009,South West,region,2074,2230.8571428571427
2021-01-21,E12000006,East Of England,region,3397,3818.8571428571427
2021-01-21,E12000002,North West,region,3984,4596.285714285715
2021-01-21,E12000008,South East,region,4553,5239.285714285715
2021-01-21,E12000005,West Midlands,region,3749,4430.571428571428
2021-01-21,E12000004,East Midlands,region,2658,2728.5714285714284
2021-01-21,E12000007,London,region,5944,6897.285714285715
2021-01-22,E12000006,East Of England,region,3184,3621.4285714285716
2021-01-22,E12000009,South West,region,1759,2125.714285714286
2021-01-22,E12000004,East Midlands,region,2367,2666.714285714286
2021-01-22,E12000007,London,region,5740,6517.714285714285
2021-01-22,E12000003,Yorkshire And The Humber,region,1700,2010.2857142857142
2021-01-22,E12000001,North East,region,996,1199.142857142857
2021-01-22,E12000005,West Midlands,region,3733,4241.285714285715
2021-01-22,E12000002,North West,region,3791,4453.0
2021-01-22,E12000008,South East,region,4231,4961.142857142857
2021-01-23,E12000003,Yorkshire And The Humber,region,1377,1959.7142857142858
2021-01-23,E12000006,East Of England,region,2332,3516.714285714286
2021-01-23,E12000001,North East,region,755,1158.142857142857
2021-01-23,E12000005,West Midlands,region,2606,4087.285714285714
2021-01-23,E12000007,London,region,4259,6224.571428571428
2021-01-23,E12000002,North West,region,2738,4266.571428571428
2021-01-23,E12000009,South West,region,1236,2046.857142857143
2021-01-23,E12000004,East Midlands,region,1795,2621.1428571428573
2021-01-23,E12000008,South East,region,3202,4789.714285714285
2021-01-24,E12000003,Yorkshire And The Humber,region,1355,1914.0
2021-01-24,E12000009,South West,region,1013,1956.2857142857142
2021-01-24,E12000008,South East,region,2257,4523.428571428572
2021-01-24,E12000005,West Midlands,region,1375,3751.0
2021-01-24,E12000001,North East,region,741,1124.5714285714287
2021-01-24,E12000002,North West,region,2770,4105.571428571428
2021-01-24,E12000007,London,region,3199,5892.571428571428
2021-01-24,E12000004,East Midlands,region,1253,2493.4285714285716
2021-01-24,E12000006,East Of England,region,1827,3336.0
2021-01-25,E12000006,East Of England,region,3253,3121.5714285714284
2021-01-25,E12000007,London,region,5104,5405.142857142857
2021-01-25,E12000004,East Midlands,region,2123,2320.714285714286
2021-01-25,E12000001,North East,region,1207,1067.857142857143
2021-01-25,E12000002,North West,region,4055,3876.4285714285716
2021-01-25,E12000005,West Midlands,region,3356,3451.5714285714284
2021-01-25,E12000008,South East,region,4514,4204.0
2021-01-25,E12000003,Yorkshire And The Humber,region,2039,1834.7142857142858
2021-01-25,E12000009,South West,region,2101,1836.5714285714287
2021-01-26,E12000002,North West,region,3597,3635.714285714286
2021-01-26,E12000005,West Midlands,region,3592,3264.5714285714284
2021-01-26,E12000006,East Of England,region,2936,2954.714285714286
2021-01-26,E12000008,South East,region,3726,3914.0
2021-01-26,E12000009,South West,region,1614,1704.5714285714287
2021-01-26,E12000004,East Midlands,region,2371,2190.714285714286
2021-01-26,E12000001,North East,region,1098,1040.2857142857142
2021-01-26,E12000003,Yorkshire And The Humber,region,1796,1757.857142857143
2021-01-26,E12000007,London,region,4293,4988.0
2021-01-27,E12000009,South West,region,1667,1637.7142857142858
2021-01-27,E12000003,Yorkshire And The Humber,region,1857,1714.0
2021-01-27,E12000008,South East,region,3336,3688.4285714285716
2021-01-27,E12000001,North East,region,1004,991.4285714285714
2021-01-27,E12000006,East Of England,region,2594,2789.0
2021-01-27,E12000007,London,region,4314,4693.285714285715
2021-01-27,E12000004,East Midlands,region,2297,2123.4285714285716
2021-01-27,E12000005,West Midlands,region,3217,3089.714285714286
2021-01-27,E12000002,North West,region,3423,3479.714285714286
2021-01-28,E12000005,West Midlands,region,3196,3010.714285714286
2021-01-28,E12000001,North East,region,972,967.5714285714286
2021-01-28,E12000006,East Of England,region,2496,2660.285714285714
2021-01-28,E12000002,North West,region,3194,3366.8571428571427
2021-01-28,E12000007,London,region,3972,4411.571428571428
2021-01-28,E12000008,South East,region,3185,3493.0
2021-01-28,E12000009,South West,region,1453,1549.0
2021-01-28,E12000003,Yorkshire And The Humber,region,1633,1679.5714285714287
2021-01-28,E12000004,East Midlands,region,2244,2064.285714285714
2021-01-29,E12000009,South West,region,1464,1506.857142857143
2021-01-29,E12000003,Yorkshire And The Humber,region,1528,1655.0
2021-01-29,E12000007,London,region,3498,4091.285714285714
2021-01-29,E12000008,South East,region,2856,3296.5714285714284
2021-01-29,E12000005,West Midlands,region,2811,2879.0
2021-01-29,E12000002,North West,region,3010,3255.285714285714
2021-01-29,E12000006,East Of England,region,2193,2518.714285714286
2021-01-29,E12000001,North East,region,903,954.2857142857143
2021-01-29,E12000004,East Midlands,region,1922,2000.7142857142858
2021-01-30,E12000008,South East,region,2158,3147.4285714285716
2021-01-30,E12000005,West Midlands,region,2024,2795.8571428571427
2021-01-30,E12000007,London,region,2715,3870.714285714286
2021-01-30,E12000004,East Midlands,region,1514,1960.5714285714287
2021-01-30,E12000002,North West,region,2307,3193.714285714286
2021-01-30,E12000006,East Of England,region,1649,2421.1428571428573
2021-01-30,E12000003,Yorkshire And The Humber,region,1287,1642.142857142857
2021-01-30,E12000001,North East,region,781,958.0
2021-01-30,E12000009,South West,region,974,1469.4285714285713
2021-01-31,E12000006,East Of England,region,1544,2380.714285714286
2021-01-31,E12000005,West Midlands,region,1924,2874.285714285714
2021-01-31,E12000007,London,region,2288,3740.5714285714284
2021-01-31,E12000008,South East,region,1716,3070.1428571428573
2021-01-31,E12000009,South West,region,861,1447.7142857142858
2021-01-31,E12000002,North West,region,2255,3120.1428571428573
2021-01-31,E12000003,Yorkshire And The Humber,region,1286,1632.2857142857142
2021-01-31,E12000001,North East,region,762,961.0
2021-01-31,E12000004,East Midlands,region,1412,1983.2857142857142
2021-02-01,E12000009,South West,region,1322,1336.4285714285713
2021-02-01,E12000006,East Of England,region,2211,2231.8571428571427
2021-02-01,E12000005,West Midlands,region,2795,2794.1428571428573
2021-02-01,E12000001,North East,region,1034,936.2857142857143
2021-02-01,E12000004,East Midlands,region,2123,1983.2857142857142
2021-02-01,E12000003,Yorkshire And The Humber,region,1764,1593.0
2021-02-01,E12000002,North West,region,3121,2986.714285714286
2021-02-01,E12000007,London,region,3376,3493.714285714286
2021-02-01,E12000008,South East,region,2861,2834.0
2021-02-02,E12000008,South East,region,2548,2665.714285714286
2021-02-02,E12000004,East Midlands,region,1897,1915.5714285714287
2021-02-02,E12000003,Yorkshire And The Humber,region,1059,1487.7142857142858
2021-02-02,E12000009,South West,region,1222,1280.4285714285713
2021-02-02,E12000006,East Of England,region,2019,2100.8571428571427
2021-02-02,E12000001,North East,region,884,905.7142857142857
2021-02-02,E12000002,North West,region,2892,2886.0
2021-02-02,E12000007,London,region,3020,3311.8571428571427
2021-02-02,E12000005,West Midlands,region,2510,2639.5714285714284
2021-02-03,E12000001,North East,region,891,889.5714285714286
2021-02-03,E12000009,South West,region,1161,1208.142857142857
2021-02-03,E12000004,East Midlands,region,1814,1846.5714285714287
2021-02-03,E12000008,South East,region,2376,2528.5714285714284
2021-02-03,E12000003,Yorkshire And The Humber,region,1807,1480.5714285714287
2021-02-03,E12000002,North West,region,2733,2787.4285714285716
2021-02-03,E12000007,London,region,2779,3092.5714285714284
2021-02-03,E12000006,East Of England,region,1860,1996.0
2021-02-03,E12000005,West Midlands,region,2394,2522.0
2021-02-04,E12000005,West Midlands,region,2290,2392.5714285714284
2021-02-04,E12000002,North West,region,2696,2716.285714285714
2021-02-04,E12000006,East Of England,region,1662,1876.857142857143
2021-02-04,E12000003,Yorkshire And The Humber,region,1603,1476.2857142857142
2021-02-04,E12000001,North East,region,851,872.2857142857143
2021-02-04,E12000004,East Midlands,region,1727,1772.7142857142858
2021-02-04,E12000008,South East,region,2159,2382.0
2021-02-04,E12000009,South West,region,1056,1151.4285714285713
2021-02-04,E12000007,London,region,2538,2887.714285714286
2021-02-05,E12000003,Yorkshire And The Humber,region,1419,1460.7142857142858
2021-02-05,E12000008,South East,region,1854,2238.8571428571427
2021-02-05,E12000001,North East,region,706,844.1428571428571
2021-02-05,E12000004,East Midlands,region,1489,1710.857142857143
2021-02-05,E12000007,London,region,2186,2700.285714285714
2021-02-05,E12000006,East Of England,region,1508,1779.0
2021-02-05,E12000002,North West,region,2193,2599.5714285714284
2021-02-05,E12000009,South West,region,970,1080.857142857143
2021-02-05,E12000005,West Midlands,region,1995,2276.0
2021-02-06,E12000007,London,region,1591,2539.714285714286
2021-02-06,E12000006,East Of England,region,1091,1699.2857142857142
2021-02-06,E12000002,North West,region,1831,2531.5714285714284
2021-02-06,E12000008,South East,region,1236,2107.1428571428573
2021-02-06,E12000005,West Midlands,region,1583,2213.0
2021-02-06,E12000003,Yorkshire And The Humber,region,1150,1441.142857142857
2021-02-06,E12000009,South West,region,649,1034.4285714285713
2021-02-06,E12000001,North East,region,594,817.4285714285714
2021-02-06,E12000004,East Midlands,region,1163,1660.7142857142858
2021-02-07,E12000004,East Midlands,region,1137,1621.4285714285713
2021-02-07,E12000009,South West,region,729,1015.5714285714286
2021-02-07,E12000003,Yorkshire And The Humber,region,1174,1425.142857142857
2021-02-07,E12000002,North West,region,1767,2461.8571428571427
2021-02-07,E12000006,East Of England,region,972,1617.5714285714287
2021-02-07,E12000008,South East,region,1238,2038.857142857143
2021-02-07,E12000001,North East,region,603,794.7142857142857
2021-02-07,E12000007,London,region,1383,2410.4285714285716
2021-02-07,E12000005,West Midlands,region,1401,2138.285714285714
2021-02-08,E12000009,South West,region,1031,974.0
2021-02-08,E12000002,North West,region,2459,2367.285714285714
2021-02-08,E12000005,West Midlands,region,2050,2031.857142857143
2021-02-08,E12000001,North East,region,783,758.8571428571429
2021-02-08,E12000003,Yorkshire And The Humber,region,1430,1377.4285714285713
2021-02-08,E12000008,South East,region,1691,1871.7142857142858
2021-02-08,E12000006,East Of England,region,1269,1483.0
2021-02-08,E12000007,London,region,1860,2193.8571428571427
2021-02-08,E12000004,East Midlands,region,1709,1562.2857142857142
2021-02-09,E12000008,South East,region,1515,1724.142857142857
2021-02-09,E12000006,East Of England,region,1193,1365.0
2021-02-09,E12000002,North West,region,2157,2262.285714285714
2021-02-09,E12000001,North East,region,704,733.1428571428571
2021-02-09,E12000009,South West,region,777,910.4285714285714
2021-02-09,E12000003,Yorkshire And The Humber,region,1371,1422.0
2021-02-09,E12000004,East Midlands,region,1414,1493.2857142857142
2021-02-09,E12000007,London,region,1704,2005.857142857143
2021-02-09,E12000005,West Midlands,region,1757,1924.2857142857142
2021-02-10,E12000008,South East,region,1435,1589.7142857142858
2021-02-10,E12000003,Yorkshire And The Humber,region,1296,1349.0
2021-02-10,E12000004,East Midlands,region,1337,1425.142857142857
2021-02-10,E12000007,London,region,1575,1833.857142857143
2021-02-10,E12000006,East Of England,region,1284,1282.7142857142858
2021-02-10,E12000009,South West,region,870,868.8571428571429
2021-02-10,E12000002,North West,region,1947,2150.0
2021-02-10,E12000005,West Midlands,region,1708,1826.2857142857142
2021-02-10,E12000001,North East,region,715,708.0
